family,model,params,device,backend,precision,input_len,gpus,speed_tps,latency_ms,task,Q,chance,benchmark_class
Qwen2.5,Qwen2.5-0.5B,0.49,A100 80GB,Transformers,BF16,1,1,47.4,43227.84810126582,BBH,0.203,0.0,headroom
Qwen2.5,Qwen2.5-1.5B,1.54,A100 80GB,Transformers,BF16,1,1,39.68,51638.104838709674,BBH,0.451,0.0,headroom
Qwen2.5,Qwen2.5-3B,3.09,A100 80GB,Transformers,BF16,1,1,30.8,66525.97402597402,BBH,0.563,0.0,headroom
Qwen2.5,Qwen2.5-7B,7.62,A100 80GB,Transformers,BF16,1,1,40.38,50742.942050520054,BBH,0.7040000000000001,0.0,headroom
Qwen2.5,Qwen2.5-14B,14.77,A100 80GB,Transformers,BF16,1,1,24.74,82821.341956346,BBH,0.7818,0.0,headroom
Qwen2.5,Qwen2.5-32B,32.76,A100 80GB,Transformers,BF16,1,1,17.54,116818.7001140251,BBH,0.8448,0.0,headroom
Qwen2.5,Qwen2.5-72B,72.71,A100 80GB,Transformers,BF16,1,2,8.73,234707.9037800687,BBH,0.863,0.0,headroom
Qwen2.5,Qwen2.5-0.5B,0.49,A100 80GB,Transformers,BF16,6144,1,47.45,172644.8893572181,BBH,0.203,0.0,headroom
Qwen2.5,Qwen2.5-1.5B,1.54,A100 80GB,Transformers,BF16,6144,1,40.88,200391.3894324853,BBH,0.451,0.0,headroom
Qwen2.5,Qwen2.5-3B,3.09,A100 80GB,Transformers,BF16,6144,1,32.2,254409.93788819874,BBH,0.563,0.0,headroom
Qwen2.5,Qwen2.5-7B,7.62,A100 80GB,Transformers,BF16,6144,1,38.76,211351.90918472654,BBH,0.7040000000000001,0.0,headroom
Qwen2.5,Qwen2.5-14B,14.77,A100 80GB,Transformers,BF16,6144,1,20.51,399414.9195514383,BBH,0.7818,0.0,headroom
Qwen2.5,Qwen2.5-32B,32.76,A100 80GB,Transformers,BF16,6144,1,12.49,655884.707766213,BBH,0.8448,0.0,headroom
Qwen2.5,Qwen2.5-72B,72.71,A100 80GB,Transformers,BF16,6144,2,6.39,1282003.129890454,BBH,0.863,0.0,headroom
Qwen2.5,Qwen2.5-0.5B,0.49,A100 80GB,Transformers,BF16,14336,1,47.11,347781.7873063044,BBH,0.203,0.0,headroom
Qwen2.5,Qwen2.5-1.5B,1.54,A100 80GB,Transformers,BF16,14336,1,40.43,405243.63096710364,BBH,0.451,0.0,headroom
Qwen2.5,Qwen2.5-3B,3.09,A100 80GB,Transformers,BF16,14336,1,31.72,516519.5460277428,BBH,0.563,0.0,headroom
Qwen2.5,Qwen2.5-7B,7.62,A100 80GB,Transformers,BF16,14336,1,29.78,550167.8979180658,BBH,0.7040000000000001,0.0,headroom
Qwen2.5,Qwen2.5-14B,14.77,A100 80GB,Transformers,BF16,14336,1,13.92,1177011.4942528736,BBH,0.7818,0.0,headroom
Qwen2.5,Qwen2.5-32B,32.76,A100 80GB,Transformers,BF16,14336,1,8.95,1830614.525139665,BBH,0.8448,0.0,headroom
Qwen2.5,Qwen2.5-72B,72.71,A100 80GB,Transformers,BF16,14336,3,4.25,3855058.8235294116,BBH,0.863,0.0,headroom
Qwen2.5,Qwen2.5-0.5B,0.49,A100 80GB,Transformers,BF16,30720,1,47.16,694826.1238337575,BBH,0.203,0.0,headroom
Qwen2.5,Qwen2.5-1.5B,1.54,A100 80GB,Transformers,BF16,30720,1,38.59,849131.8994558175,BBH,0.451,0.0,headroom
Qwen2.5,Qwen2.5-3B,3.09,A100 80GB,Transformers,BF16,30720,1,25.37,1291604.2569964523,BBH,0.563,0.0,headroom
Qwen2.5,Qwen2.5-7B,7.62,A100 80GB,Transformers,BF16,30720,1,18.83,1740201.805629315,BBH,0.7040000000000001,0.0,headroom
Qwen2.5,Qwen2.5-14B,14.77,A100 80GB,Transformers,BF16,30720,1,8.2,3996097.5609756103,BBH,0.7818,0.0,headroom
Qwen2.5,Qwen2.5-32B,32.76,A100 80GB,Transformers,BF16,30720,1,5.59,5861896.243291592,BBH,0.8448,0.0,headroom
Qwen2.5,Qwen2.5-72B,72.71,A100 80GB,Transformers,BF16,30720,3,2.94,11145578.231292518,BBH,0.863,0.0,headroom
Qwen2.5,Qwen2.5-0.5B,0.49,A100 80GB,vLLM,BF16,1,1,311.55,6576.793452094366,BBH,0.203,0.0,headroom
Qwen2.5,Qwen2.5-1.5B,1.54,A100 80GB,vLLM,BF16,1,1,183.33,11176.566846669939,BBH,0.451,0.0,headroom
Qwen2.5,Qwen2.5-3B,3.09,A100 80GB,vLLM,BF16,1,1,127.61,16056.735365566961,BBH,0.563,0.0,headroom
Qwen2.5,Qwen2.5-7B,7.62,A100 80GB,vLLM,BF16,1,1,84.28,24311.817750355956,BBH,0.7040000000000001,0.0,headroom
Qwen2.5,Qwen2.5-14B,14.77,A100 80GB,vLLM,BF16,1,1,46.3,44254.859611231106,BBH,0.7818,0.0,headroom
Qwen2.5,Qwen2.5-32B,32.76,A100 80GB,vLLM,BF16,1,1,22.13,92589.24536827835,BBH,0.8448,0.0,headroom
Qwen2.5,Qwen2.5-72B,72.71,A100 80GB,vLLM,BF16,1,2,18.19,112644.31006047278,BBH,0.863,0.0,headroom
Qwen2.5,Qwen2.5-72B,72.71,A100 80GB,vLLM,BF16,1,4,31.37,65317.18202103921,BBH,0.863,0.0,headroom
Qwen2.5,Qwen2.5-0.5B,0.49,A100 80GB,vLLM,BF16,6144,1,304.79,26877.522228419566,BBH,0.203,0.0,headroom
Qwen2.5,Qwen2.5-1.5B,1.54,A100 80GB,vLLM,BF16,6144,1,176.68,46366.311976454606,BBH,0.451,0.0,headroom
Qwen2.5,Qwen2.5-3B,3.09,A100 80GB,vLLM,BF16,6144,1,123.15,66520.50345107591,BBH,0.563,0.0,headroom
Qwen2.5,Qwen2.5-7B,7.62,A100 80GB,vLLM,BF16,6144,1,80.7,101511.77199504337,BBH,0.7040000000000001,0.0,headroom
Qwen2.5,Qwen2.5-14B,14.77,A100 80GB,vLLM,BF16,6144,1,43.83,186903.9470682181,BBH,0.7818,0.0,headroom
Qwen2.5,Qwen2.5-32B,32.76,A100 80GB,vLLM,BF16,6144,1,21.05,389168.6460807601,BBH,0.8448,0.0,headroom
Qwen2.5,Qwen2.5-72B,72.71,A100 80GB,vLLM,BF16,6144,4,29.9,273979.9331103679,BBH,0.863,0.0,headroom
Qwen2.5,Qwen2.5-0.5B,0.49,A100 80GB,vLLM,BF16,14336,1,290.28,56442.05594598319,BBH,0.203,0.0,headroom
Qwen2.5,Qwen2.5-1.5B,1.54,A100 80GB,vLLM,BF16,14336,1,168.69,97124.90366945285,BBH,0.451,0.0,headroom
Qwen2.5,Qwen2.5-3B,3.09,A100 80GB,vLLM,BF16,14336,1,117.35,139616.5317426502,BBH,0.563,0.0,headroom
Qwen2.5,Qwen2.5-7B,7.62,A100 80GB,vLLM,BF16,14336,1,77.69,210889.432359377,BBH,0.7040000000000001,0.0,headroom
Qwen2.5,Qwen2.5-14B,14.77,A100 80GB,vLLM,BF16,14336,1,41.91,390932.95156287285,BBH,0.7818,0.0,headroom
Qwen2.5,Qwen2.5-32B,32.76,A100 80GB,vLLM,BF16,14336,1,19.91,822903.0637870417,BBH,0.8448,0.0,headroom
Qwen2.5,Qwen2.5-72B,72.71,A100 80GB,vLLM,BF16,14336,4,30.1,544318.9368770764,BBH,0.863,0.0,headroom
Qwen2.5,Qwen2.5-0.5B,0.49,A100 80GB,vLLM,BF16,30720,1,264.51,123881.89482439228,BBH,0.203,0.0,headroom
Qwen2.5,Qwen2.5-1.5B,1.54,A100 80GB,vLLM,BF16,30720,1,152.04,215522.23099184426,BBH,0.451,0.0,headroom
Qwen2.5,Qwen2.5-3B,3.09,A100 80GB,vLLM,BF16,30720,1,105.88,309482.4329429543,BBH,0.563,0.0,headroom
Qwen2.5,Qwen2.5-7B,7.62,A100 80GB,vLLM,BF16,30720,1,70.33,465917.81601023744,BBH,0.7040000000000001,0.0,headroom
Qwen2.5,Qwen2.5-14B,14.77,A100 80GB,vLLM,BF16,30720,1,37.18,881334.0505648198,BBH,0.7818,0.0,headroom
Qwen2.5,Qwen2.5-32B,32.76,A100 80GB,vLLM,BF16,30720,2,31.82,1029792.5832809553,BBH,0.8448,0.0,headroom
Qwen2.5,Qwen2.5-72B,72.71,A100 80GB,vLLM,BF16,30720,4,27.53,1190265.1652742461,BBH,0.863,0.0,headroom
Qwen2.5,Qwen2.5-7B,7.62,A100 80GB,vLLM,BF16,63488,1,50.86,1288556.822650413,BBH,0.7040000000000001,0.0,headroom
Qwen2.5,Qwen2.5-14B,14.77,A100 80GB,vLLM,BF16,63488,1,26.85,2440819.3668528865,BBH,0.7818,0.0,headroom
Qwen2.5,Qwen2.5-32B,32.76,A100 80GB,vLLM,BF16,63488,2,24.45,2680408.9979550103,BBH,0.8448,0.0,headroom
Qwen2.5,Qwen2.5-72B,72.71,A100 80GB,vLLM,BF16,63488,4,20.74,3159884.281581485,BBH,0.863,0.0,headroom
Qwen2.5,Qwen2.5-7B,7.62,A100 80GB,vLLM,BF16,129024,1,28.94,4529094.678645473,BBH,0.7040000000000001,0.0,headroom
Qwen2.5,Qwen2.5-14B,14.77,A100 80GB,vLLM,BF16,129024,1,14.53,9020784.583620097,BBH,0.7818,0.0,headroom
Qwen2.5,Qwen2.5-32B,32.76,A100 80GB,vLLM,BF16,129024,2,14.31,9159468.902865129,BBH,0.8448,0.0,headroom
Qwen2.5,Qwen2.5-72B,72.71,A100 80GB,vLLM,BF16,129024,4,12.68,10336908.517350158,BBH,0.863,0.0,headroom
Qwen2.5,Qwen2.5-0.5B,0.49,A100 80GB,Transformers,BF16,1,1,47.4,43227.84810126582,CRUX-O,0.121,0.0,headroom
Qwen2.5,Qwen2.5-1.5B,1.54,A100 80GB,Transformers,BF16,1,1,39.68,51638.104838709674,CRUX-O,0.29600000000000004,0.0,headroom
Qwen2.5,Qwen2.5-3B,3.09,A100 80GB,Transformers,BF16,1,1,30.8,66525.97402597402,CRUX-O,0.365,0.0,headroom
Qwen2.5,Qwen2.5-7B,7.62,A100 80GB,Transformers,BF16,1,1,40.38,50742.942050520054,CRUX-O,0.485,0.0,headroom
Qwen2.5,Qwen2.5-14B,14.77,A100 80GB,Transformers,BF16,1,1,24.74,82821.341956346,CRUX-O,0.611,0.0,headroom
Qwen2.5,Qwen2.5-32B,32.76,A100 80GB,Transformers,BF16,1,1,17.54,116818.7001140251,CRUX-O,0.6779999999999999,0.0,headroom
Qwen2.5,Qwen2.5-72B,72.71,A100 80GB,Transformers,BF16,1,2,8.73,234707.9037800687,CRUX-O,0.662,0.0,headroom
Qwen2.5,Qwen2.5-0.5B,0.49,A100 80GB,Transformers,BF16,6144,1,47.45,172644.8893572181,CRUX-O,0.121,0.0,headroom
Qwen2.5,Qwen2.5-1.5B,1.54,A100 80GB,Transformers,BF16,6144,1,40.88,200391.3894324853,CRUX-O,0.29600000000000004,0.0,headroom
Qwen2.5,Qwen2.5-3B,3.09,A100 80GB,Transformers,BF16,6144,1,32.2,254409.93788819874,CRUX-O,0.365,0.0,headroom
Qwen2.5,Qwen2.5-7B,7.62,A100 80GB,Transformers,BF16,6144,1,38.76,211351.90918472654,CRUX-O,0.485,0.0,headroom
Qwen2.5,Qwen2.5-14B,14.77,A100 80GB,Transformers,BF16,6144,1,20.51,399414.9195514383,CRUX-O,0.611,0.0,headroom
Qwen2.5,Qwen2.5-32B,32.76,A100 80GB,Transformers,BF16,6144,1,12.49,655884.707766213,CRUX-O,0.6779999999999999,0.0,headroom
Qwen2.5,Qwen2.5-72B,72.71,A100 80GB,Transformers,BF16,6144,2,6.39,1282003.129890454,CRUX-O,0.662,0.0,headroom
Qwen2.5,Qwen2.5-0.5B,0.49,A100 80GB,Transformers,BF16,14336,1,47.11,347781.7873063044,CRUX-O,0.121,0.0,headroom
Qwen2.5,Qwen2.5-1.5B,1.54,A100 80GB,Transformers,BF16,14336,1,40.43,405243.63096710364,CRUX-O,0.29600000000000004,0.0,headroom
Qwen2.5,Qwen2.5-3B,3.09,A100 80GB,Transformers,BF16,14336,1,31.72,516519.5460277428,CRUX-O,0.365,0.0,headroom
Qwen2.5,Qwen2.5-7B,7.62,A100 80GB,Transformers,BF16,14336,1,29.78,550167.8979180658,CRUX-O,0.485,0.0,headroom
Qwen2.5,Qwen2.5-14B,14.77,A100 80GB,Transformers,BF16,14336,1,13.92,1177011.4942528736,CRUX-O,0.611,0.0,headroom
Qwen2.5,Qwen2.5-32B,32.76,A100 80GB,Transformers,BF16,14336,1,8.95,1830614.525139665,CRUX-O,0.6779999999999999,0.0,headroom
Qwen2.5,Qwen2.5-72B,72.71,A100 80GB,Transformers,BF16,14336,3,4.25,3855058.8235294116,CRUX-O,0.662,0.0,headroom
Qwen2.5,Qwen2.5-0.5B,0.49,A100 80GB,Transformers,BF16,30720,1,47.16,694826.1238337575,CRUX-O,0.121,0.0,headroom
Qwen2.5,Qwen2.5-1.5B,1.54,A100 80GB,Transformers,BF16,30720,1,38.59,849131.8994558175,CRUX-O,0.29600000000000004,0.0,headroom
Qwen2.5,Qwen2.5-3B,3.09,A100 80GB,Transformers,BF16,30720,1,25.37,1291604.2569964523,CRUX-O,0.365,0.0,headroom
Qwen2.5,Qwen2.5-7B,7.62,A100 80GB,Transformers,BF16,30720,1,18.83,1740201.805629315,CRUX-O,0.485,0.0,headroom
Qwen2.5,Qwen2.5-14B,14.77,A100 80GB,Transformers,BF16,30720,1,8.2,3996097.5609756103,CRUX-O,0.611,0.0,headroom
Qwen2.5,Qwen2.5-32B,32.76,A100 80GB,Transformers,BF16,30720,1,5.59,5861896.243291592,CRUX-O,0.6779999999999999,0.0,headroom
Qwen2.5,Qwen2.5-72B,72.71,A100 80GB,Transformers,BF16,30720,3,2.94,11145578.231292518,CRUX-O,0.662,0.0,headroom
Qwen2.5,Qwen2.5-0.5B,0.49,A100 80GB,vLLM,BF16,1,1,311.55,6576.793452094366,CRUX-O,0.121,0.0,headroom
Qwen2.5,Qwen2.5-1.5B,1.54,A100 80GB,vLLM,BF16,1,1,183.33,11176.566846669939,CRUX-O,0.29600000000000004,0.0,headroom
Qwen2.5,Qwen2.5-3B,3.09,A100 80GB,vLLM,BF16,1,1,127.61,16056.735365566961,CRUX-O,0.365,0.0,headroom
Qwen2.5,Qwen2.5-7B,7.62,A100 80GB,vLLM,BF16,1,1,84.28,24311.817750355956,CRUX-O,0.485,0.0,headroom
Qwen2.5,Qwen2.5-14B,14.77,A100 80GB,vLLM,BF16,1,1,46.3,44254.859611231106,CRUX-O,0.611,0.0,headroom
Qwen2.5,Qwen2.5-32B,32.76,A100 80GB,vLLM,BF16,1,1,22.13,92589.24536827835,CRUX-O,0.6779999999999999,0.0,headroom
Qwen2.5,Qwen2.5-72B,72.71,A100 80GB,vLLM,BF16,1,2,18.19,112644.31006047278,CRUX-O,0.662,0.0,headroom
Qwen2.5,Qwen2.5-72B,72.71,A100 80GB,vLLM,BF16,1,4,31.37,65317.18202103921,CRUX-O,0.662,0.0,headroom
Qwen2.5,Qwen2.5-0.5B,0.49,A100 80GB,vLLM,BF16,6144,1,304.79,26877.522228419566,CRUX-O,0.121,0.0,headroom
Qwen2.5,Qwen2.5-1.5B,1.54,A100 80GB,vLLM,BF16,6144,1,176.68,46366.311976454606,CRUX-O,0.29600000000000004,0.0,headroom
Qwen2.5,Qwen2.5-3B,3.09,A100 80GB,vLLM,BF16,6144,1,123.15,66520.50345107591,CRUX-O,0.365,0.0,headroom
Qwen2.5,Qwen2.5-7B,7.62,A100 80GB,vLLM,BF16,6144,1,80.7,101511.77199504337,CRUX-O,0.485,0.0,headroom
Qwen2.5,Qwen2.5-14B,14.77,A100 80GB,vLLM,BF16,6144,1,43.83,186903.9470682181,CRUX-O,0.611,0.0,headroom
Qwen2.5,Qwen2.5-32B,32.76,A100 80GB,vLLM,BF16,6144,1,21.05,389168.6460807601,CRUX-O,0.6779999999999999,0.0,headroom
Qwen2.5,Qwen2.5-72B,72.71,A100 80GB,vLLM,BF16,6144,4,29.9,273979.9331103679,CRUX-O,0.662,0.0,headroom
Qwen2.5,Qwen2.5-0.5B,0.49,A100 80GB,vLLM,BF16,14336,1,290.28,56442.05594598319,CRUX-O,0.121,0.0,headroom
Qwen2.5,Qwen2.5-1.5B,1.54,A100 80GB,vLLM,BF16,14336,1,168.69,97124.90366945285,CRUX-O,0.29600000000000004,0.0,headroom
Qwen2.5,Qwen2.5-3B,3.09,A100 80GB,vLLM,BF16,14336,1,117.35,139616.5317426502,CRUX-O,0.365,0.0,headroom
Qwen2.5,Qwen2.5-7B,7.62,A100 80GB,vLLM,BF16,14336,1,77.69,210889.432359377,CRUX-O,0.485,0.0,headroom
Qwen2.5,Qwen2.5-14B,14.77,A100 80GB,vLLM,BF16,14336,1,41.91,390932.95156287285,CRUX-O,0.611,0.0,headroom
Qwen2.5,Qwen2.5-32B,32.76,A100 80GB,vLLM,BF16,14336,1,19.91,822903.0637870417,CRUX-O,0.6779999999999999,0.0,headroom
Qwen2.5,Qwen2.5-72B,72.71,A100 80GB,vLLM,BF16,14336,4,30.1,544318.9368770764,CRUX-O,0.662,0.0,headroom
Qwen2.5,Qwen2.5-0.5B,0.49,A100 80GB,vLLM,BF16,30720,1,264.51,123881.89482439228,CRUX-O,0.121,0.0,headroom
Qwen2.5,Qwen2.5-1.5B,1.54,A100 80GB,vLLM,BF16,30720,1,152.04,215522.23099184426,CRUX-O,0.29600000000000004,0.0,headroom
Qwen2.5,Qwen2.5-3B,3.09,A100 80GB,vLLM,BF16,30720,1,105.88,309482.4329429543,CRUX-O,0.365,0.0,headroom
Qwen2.5,Qwen2.5-7B,7.62,A100 80GB,vLLM,BF16,30720,1,70.33,465917.81601023744,CRUX-O,0.485,0.0,headroom
Qwen2.5,Qwen2.5-14B,14.77,A100 80GB,vLLM,BF16,30720,1,37.18,881334.0505648198,CRUX-O,0.611,0.0,headroom
Qwen2.5,Qwen2.5-32B,32.76,A100 80GB,vLLM,BF16,30720,2,31.82,1029792.5832809553,CRUX-O,0.6779999999999999,0.0,headroom
Qwen2.5,Qwen2.5-72B,72.71,A100 80GB,vLLM,BF16,30720,4,27.53,1190265.1652742461,CRUX-O,0.662,0.0,headroom
Qwen2.5,Qwen2.5-7B,7.62,A100 80GB,vLLM,BF16,63488,1,50.86,1288556.822650413,CRUX-O,0.485,0.0,headroom
Qwen2.5,Qwen2.5-14B,14.77,A100 80GB,vLLM,BF16,63488,1,26.85,2440819.3668528865,CRUX-O,0.611,0.0,headroom
Qwen2.5,Qwen2.5-32B,32.76,A100 80GB,vLLM,BF16,63488,2,24.45,2680408.9979550103,CRUX-O,0.6779999999999999,0.0,headroom
Qwen2.5,Qwen2.5-72B,72.71,A100 80GB,vLLM,BF16,63488,4,20.74,3159884.281581485,CRUX-O,0.662,0.0,headroom
Qwen2.5,Qwen2.5-7B,7.62,A100 80GB,vLLM,BF16,129024,1,28.94,4529094.678645473,CRUX-O,0.485,0.0,headroom
Qwen2.5,Qwen2.5-14B,14.77,A100 80GB,vLLM,BF16,129024,1,14.53,9020784.583620097,CRUX-O,0.611,0.0,headroom
Qwen2.5,Qwen2.5-32B,32.76,A100 80GB,vLLM,BF16,129024,2,14.31,9159468.902865129,CRUX-O,0.6779999999999999,0.0,headroom
Qwen2.5,Qwen2.5-72B,72.71,A100 80GB,vLLM,BF16,129024,4,12.68,10336908.517350158,CRUX-O,0.662,0.0,headroom
Qwen2.5,Qwen2.5-0.5B,0.49,A100 80GB,Transformers,BF16,1,1,47.4,43227.84810126582,EvalPlus,0.3185,0.0,headroom
Qwen2.5,Qwen2.5-1.5B,1.54,A100 80GB,Transformers,BF16,1,1,39.68,51638.104838709674,EvalPlus,0.44799999999999995,0.0,headroom
Qwen2.5,Qwen2.5-3B,3.09,A100 80GB,Transformers,BF16,1,1,30.8,66525.97402597402,EvalPlus,0.4628,0.0,headroom
Qwen2.5,Qwen2.5-7B,7.62,A100 80GB,Transformers,BF16,1,1,40.38,50742.942050520054,EvalPlus,0.6218,0.0,headroom
Qwen2.5,Qwen2.5-14B,14.77,A100 80GB,Transformers,BF16,1,1,24.74,82821.341956346,EvalPlus,0.607,0.0,headroom
Qwen2.5,Qwen2.5-32B,32.76,A100 80GB,Transformers,BF16,1,1,17.54,116818.7001140251,EvalPlus,0.6625,0.0,headroom
Qwen2.5,Qwen2.5-72B,72.71,A100 80GB,Transformers,BF16,1,2,8.73,234707.9037800687,EvalPlus,0.6593000000000001,0.0,headroom
Qwen2.5,Qwen2.5-0.5B,0.49,A100 80GB,Transformers,BF16,6144,1,47.45,172644.8893572181,EvalPlus,0.3185,0.0,headroom
Qwen2.5,Qwen2.5-1.5B,1.54,A100 80GB,Transformers,BF16,6144,1,40.88,200391.3894324853,EvalPlus,0.44799999999999995,0.0,headroom
Qwen2.5,Qwen2.5-3B,3.09,A100 80GB,Transformers,BF16,6144,1,32.2,254409.93788819874,EvalPlus,0.4628,0.0,headroom
Qwen2.5,Qwen2.5-7B,7.62,A100 80GB,Transformers,BF16,6144,1,38.76,211351.90918472654,EvalPlus,0.6218,0.0,headroom
Qwen2.5,Qwen2.5-14B,14.77,A100 80GB,Transformers,BF16,6144,1,20.51,399414.9195514383,EvalPlus,0.607,0.0,headroom
Qwen2.5,Qwen2.5-32B,32.76,A100 80GB,Transformers,BF16,6144,1,12.49,655884.707766213,EvalPlus,0.6625,0.0,headroom
Qwen2.5,Qwen2.5-72B,72.71,A100 80GB,Transformers,BF16,6144,2,6.39,1282003.129890454,EvalPlus,0.6593000000000001,0.0,headroom
Qwen2.5,Qwen2.5-0.5B,0.49,A100 80GB,Transformers,BF16,14336,1,47.11,347781.7873063044,EvalPlus,0.3185,0.0,headroom
Qwen2.5,Qwen2.5-1.5B,1.54,A100 80GB,Transformers,BF16,14336,1,40.43,405243.63096710364,EvalPlus,0.44799999999999995,0.0,headroom
Qwen2.5,Qwen2.5-3B,3.09,A100 80GB,Transformers,BF16,14336,1,31.72,516519.5460277428,EvalPlus,0.4628,0.0,headroom
Qwen2.5,Qwen2.5-7B,7.62,A100 80GB,Transformers,BF16,14336,1,29.78,550167.8979180658,EvalPlus,0.6218,0.0,headroom
Qwen2.5,Qwen2.5-14B,14.77,A100 80GB,Transformers,BF16,14336,1,13.92,1177011.4942528736,EvalPlus,0.607,0.0,headroom
Qwen2.5,Qwen2.5-32B,32.76,A100 80GB,Transformers,BF16,14336,1,8.95,1830614.525139665,EvalPlus,0.6625,0.0,headroom
Qwen2.5,Qwen2.5-72B,72.71,A100 80GB,Transformers,BF16,14336,3,4.25,3855058.8235294116,EvalPlus,0.6593000000000001,0.0,headroom
Qwen2.5,Qwen2.5-0.5B,0.49,A100 80GB,Transformers,BF16,30720,1,47.16,694826.1238337575,EvalPlus,0.3185,0.0,headroom
Qwen2.5,Qwen2.5-1.5B,1.54,A100 80GB,Transformers,BF16,30720,1,38.59,849131.8994558175,EvalPlus,0.44799999999999995,0.0,headroom
Qwen2.5,Qwen2.5-3B,3.09,A100 80GB,Transformers,BF16,30720,1,25.37,1291604.2569964523,EvalPlus,0.4628,0.0,headroom
Qwen2.5,Qwen2.5-7B,7.62,A100 80GB,Transformers,BF16,30720,1,18.83,1740201.805629315,EvalPlus,0.6218,0.0,headroom
Qwen2.5,Qwen2.5-14B,14.77,A100 80GB,Transformers,BF16,30720,1,8.2,3996097.5609756103,EvalPlus,0.607,0.0,headroom
Qwen2.5,Qwen2.5-32B,32.76,A100 80GB,Transformers,BF16,30720,1,5.59,5861896.243291592,EvalPlus,0.6625,0.0,headroom
Qwen2.5,Qwen2.5-72B,72.71,A100 80GB,Transformers,BF16,30720,3,2.94,11145578.231292518,EvalPlus,0.6593000000000001,0.0,headroom
Qwen2.5,Qwen2.5-0.5B,0.49,A100 80GB,vLLM,BF16,1,1,311.55,6576.793452094366,EvalPlus,0.3185,0.0,headroom
Qwen2.5,Qwen2.5-1.5B,1.54,A100 80GB,vLLM,BF16,1,1,183.33,11176.566846669939,EvalPlus,0.44799999999999995,0.0,headroom
Qwen2.5,Qwen2.5-3B,3.09,A100 80GB,vLLM,BF16,1,1,127.61,16056.735365566961,EvalPlus,0.4628,0.0,headroom
Qwen2.5,Qwen2.5-7B,7.62,A100 80GB,vLLM,BF16,1,1,84.28,24311.817750355956,EvalPlus,0.6218,0.0,headroom
Qwen2.5,Qwen2.5-14B,14.77,A100 80GB,vLLM,BF16,1,1,46.3,44254.859611231106,EvalPlus,0.607,0.0,headroom
Qwen2.5,Qwen2.5-32B,32.76,A100 80GB,vLLM,BF16,1,1,22.13,92589.24536827835,EvalPlus,0.6625,0.0,headroom
Qwen2.5,Qwen2.5-72B,72.71,A100 80GB,vLLM,BF16,1,2,18.19,112644.31006047278,EvalPlus,0.6593000000000001,0.0,headroom
Qwen2.5,Qwen2.5-72B,72.71,A100 80GB,vLLM,BF16,1,4,31.37,65317.18202103921,EvalPlus,0.6593000000000001,0.0,headroom
Qwen2.5,Qwen2.5-0.5B,0.49,A100 80GB,vLLM,BF16,6144,1,304.79,26877.522228419566,EvalPlus,0.3185,0.0,headroom
Qwen2.5,Qwen2.5-1.5B,1.54,A100 80GB,vLLM,BF16,6144,1,176.68,46366.311976454606,EvalPlus,0.44799999999999995,0.0,headroom
Qwen2.5,Qwen2.5-3B,3.09,A100 80GB,vLLM,BF16,6144,1,123.15,66520.50345107591,EvalPlus,0.4628,0.0,headroom
Qwen2.5,Qwen2.5-7B,7.62,A100 80GB,vLLM,BF16,6144,1,80.7,101511.77199504337,EvalPlus,0.6218,0.0,headroom
Qwen2.5,Qwen2.5-14B,14.77,A100 80GB,vLLM,BF16,6144,1,43.83,186903.9470682181,EvalPlus,0.607,0.0,headroom
Qwen2.5,Qwen2.5-32B,32.76,A100 80GB,vLLM,BF16,6144,1,21.05,389168.6460807601,EvalPlus,0.6625,0.0,headroom
Qwen2.5,Qwen2.5-72B,72.71,A100 80GB,vLLM,BF16,6144,4,29.9,273979.9331103679,EvalPlus,0.6593000000000001,0.0,headroom
Qwen2.5,Qwen2.5-0.5B,0.49,A100 80GB,vLLM,BF16,14336,1,290.28,56442.05594598319,EvalPlus,0.3185,0.0,headroom
Qwen2.5,Qwen2.5-1.5B,1.54,A100 80GB,vLLM,BF16,14336,1,168.69,97124.90366945285,EvalPlus,0.44799999999999995,0.0,headroom
Qwen2.5,Qwen2.5-3B,3.09,A100 80GB,vLLM,BF16,14336,1,117.35,139616.5317426502,EvalPlus,0.4628,0.0,headroom
Qwen2.5,Qwen2.5-7B,7.62,A100 80GB,vLLM,BF16,14336,1,77.69,210889.432359377,EvalPlus,0.6218,0.0,headroom
Qwen2.5,Qwen2.5-14B,14.77,A100 80GB,vLLM,BF16,14336,1,41.91,390932.95156287285,EvalPlus,0.607,0.0,headroom
Qwen2.5,Qwen2.5-32B,32.76,A100 80GB,vLLM,BF16,14336,1,19.91,822903.0637870417,EvalPlus,0.6625,0.0,headroom
Qwen2.5,Qwen2.5-72B,72.71,A100 80GB,vLLM,BF16,14336,4,30.1,544318.9368770764,EvalPlus,0.6593000000000001,0.0,headroom
Qwen2.5,Qwen2.5-0.5B,0.49,A100 80GB,vLLM,BF16,30720,1,264.51,123881.89482439228,EvalPlus,0.3185,0.0,headroom
Qwen2.5,Qwen2.5-1.5B,1.54,A100 80GB,vLLM,BF16,30720,1,152.04,215522.23099184426,EvalPlus,0.44799999999999995,0.0,headroom
Qwen2.5,Qwen2.5-3B,3.09,A100 80GB,vLLM,BF16,30720,1,105.88,309482.4329429543,EvalPlus,0.4628,0.0,headroom
Qwen2.5,Qwen2.5-7B,7.62,A100 80GB,vLLM,BF16,30720,1,70.33,465917.81601023744,EvalPlus,0.6218,0.0,headroom
Qwen2.5,Qwen2.5-14B,14.77,A100 80GB,vLLM,BF16,30720,1,37.18,881334.0505648198,EvalPlus,0.607,0.0,headroom
Qwen2.5,Qwen2.5-32B,32.76,A100 80GB,vLLM,BF16,30720,2,31.82,1029792.5832809553,EvalPlus,0.6625,0.0,headroom
Qwen2.5,Qwen2.5-72B,72.71,A100 80GB,vLLM,BF16,30720,4,27.53,1190265.1652742461,EvalPlus,0.6593000000000001,0.0,headroom
Qwen2.5,Qwen2.5-7B,7.62,A100 80GB,vLLM,BF16,63488,1,50.86,1288556.822650413,EvalPlus,0.6218,0.0,headroom
Qwen2.5,Qwen2.5-14B,14.77,A100 80GB,vLLM,BF16,63488,1,26.85,2440819.3668528865,EvalPlus,0.607,0.0,headroom
Qwen2.5,Qwen2.5-32B,32.76,A100 80GB,vLLM,BF16,63488,2,24.45,2680408.9979550103,EvalPlus,0.6625,0.0,headroom
Qwen2.5,Qwen2.5-72B,72.71,A100 80GB,vLLM,BF16,63488,4,20.74,3159884.281581485,EvalPlus,0.6593000000000001,0.0,headroom
Qwen2.5,Qwen2.5-7B,7.62,A100 80GB,vLLM,BF16,129024,1,28.94,4529094.678645473,EvalPlus,0.6218,0.0,headroom
Qwen2.5,Qwen2.5-14B,14.77,A100 80GB,vLLM,BF16,129024,1,14.53,9020784.583620097,EvalPlus,0.607,0.0,headroom
Qwen2.5,Qwen2.5-32B,32.76,A100 80GB,vLLM,BF16,129024,2,14.31,9159468.902865129,EvalPlus,0.6625,0.0,headroom
Qwen2.5,Qwen2.5-72B,72.71,A100 80GB,vLLM,BF16,129024,4,12.68,10336908.517350158,EvalPlus,0.6593000000000001,0.0,headroom
Qwen2.5,Qwen2.5-0.5B,0.49,A100 80GB,Transformers,BF16,1,1,47.4,43227.84810126582,GPQA,0.2475,0.25,headroom
Qwen2.5,Qwen2.5-1.5B,1.54,A100 80GB,Transformers,BF16,1,1,39.68,51638.104838709674,GPQA,0.24239999999999998,0.25,headroom
Qwen2.5,Qwen2.5-3B,3.09,A100 80GB,Transformers,BF16,1,1,30.8,66525.97402597402,GPQA,0.2626,0.25,headroom
Qwen2.5,Qwen2.5-7B,7.62,A100 80GB,Transformers,BF16,1,1,40.38,50742.942050520054,GPQA,0.3636,0.25,headroom
Qwen2.5,Qwen2.5-14B,14.77,A100 80GB,Transformers,BF16,1,1,24.74,82821.341956346,GPQA,0.3283,0.25,headroom
Qwen2.5,Qwen2.5-32B,32.76,A100 80GB,Transformers,BF16,1,1,17.54,116818.7001140251,GPQA,0.4797,0.25,headroom
Qwen2.5,Qwen2.5-72B,72.71,A100 80GB,Transformers,BF16,1,2,8.73,234707.9037800687,GPQA,0.45880000000000004,0.25,headroom
Qwen2.5,Qwen2.5-0.5B,0.49,A100 80GB,Transformers,BF16,6144,1,47.45,172644.8893572181,GPQA,0.2475,0.25,headroom
Qwen2.5,Qwen2.5-1.5B,1.54,A100 80GB,Transformers,BF16,6144,1,40.88,200391.3894324853,GPQA,0.24239999999999998,0.25,headroom
Qwen2.5,Qwen2.5-3B,3.09,A100 80GB,Transformers,BF16,6144,1,32.2,254409.93788819874,GPQA,0.2626,0.25,headroom
Qwen2.5,Qwen2.5-7B,7.62,A100 80GB,Transformers,BF16,6144,1,38.76,211351.90918472654,GPQA,0.3636,0.25,headroom
Qwen2.5,Qwen2.5-14B,14.77,A100 80GB,Transformers,BF16,6144,1,20.51,399414.9195514383,GPQA,0.3283,0.25,headroom
Qwen2.5,Qwen2.5-32B,32.76,A100 80GB,Transformers,BF16,6144,1,12.49,655884.707766213,GPQA,0.4797,0.25,headroom
Qwen2.5,Qwen2.5-72B,72.71,A100 80GB,Transformers,BF16,6144,2,6.39,1282003.129890454,GPQA,0.45880000000000004,0.25,headroom
Qwen2.5,Qwen2.5-0.5B,0.49,A100 80GB,Transformers,BF16,14336,1,47.11,347781.7873063044,GPQA,0.2475,0.25,headroom
Qwen2.5,Qwen2.5-1.5B,1.54,A100 80GB,Transformers,BF16,14336,1,40.43,405243.63096710364,GPQA,0.24239999999999998,0.25,headroom
Qwen2.5,Qwen2.5-3B,3.09,A100 80GB,Transformers,BF16,14336,1,31.72,516519.5460277428,GPQA,0.2626,0.25,headroom
Qwen2.5,Qwen2.5-7B,7.62,A100 80GB,Transformers,BF16,14336,1,29.78,550167.8979180658,GPQA,0.3636,0.25,headroom
Qwen2.5,Qwen2.5-14B,14.77,A100 80GB,Transformers,BF16,14336,1,13.92,1177011.4942528736,GPQA,0.3283,0.25,headroom
Qwen2.5,Qwen2.5-32B,32.76,A100 80GB,Transformers,BF16,14336,1,8.95,1830614.525139665,GPQA,0.4797,0.25,headroom
Qwen2.5,Qwen2.5-72B,72.71,A100 80GB,Transformers,BF16,14336,3,4.25,3855058.8235294116,GPQA,0.45880000000000004,0.25,headroom
Qwen2.5,Qwen2.5-0.5B,0.49,A100 80GB,Transformers,BF16,30720,1,47.16,694826.1238337575,GPQA,0.2475,0.25,headroom
Qwen2.5,Qwen2.5-1.5B,1.54,A100 80GB,Transformers,BF16,30720,1,38.59,849131.8994558175,GPQA,0.24239999999999998,0.25,headroom
Qwen2.5,Qwen2.5-3B,3.09,A100 80GB,Transformers,BF16,30720,1,25.37,1291604.2569964523,GPQA,0.2626,0.25,headroom
Qwen2.5,Qwen2.5-7B,7.62,A100 80GB,Transformers,BF16,30720,1,18.83,1740201.805629315,GPQA,0.3636,0.25,headroom
Qwen2.5,Qwen2.5-14B,14.77,A100 80GB,Transformers,BF16,30720,1,8.2,3996097.5609756103,GPQA,0.3283,0.25,headroom
Qwen2.5,Qwen2.5-32B,32.76,A100 80GB,Transformers,BF16,30720,1,5.59,5861896.243291592,GPQA,0.4797,0.25,headroom
Qwen2.5,Qwen2.5-72B,72.71,A100 80GB,Transformers,BF16,30720,3,2.94,11145578.231292518,GPQA,0.45880000000000004,0.25,headroom
Qwen2.5,Qwen2.5-0.5B,0.49,A100 80GB,vLLM,BF16,1,1,311.55,6576.793452094366,GPQA,0.2475,0.25,headroom
Qwen2.5,Qwen2.5-1.5B,1.54,A100 80GB,vLLM,BF16,1,1,183.33,11176.566846669939,GPQA,0.24239999999999998,0.25,headroom
Qwen2.5,Qwen2.5-3B,3.09,A100 80GB,vLLM,BF16,1,1,127.61,16056.735365566961,GPQA,0.2626,0.25,headroom
Qwen2.5,Qwen2.5-7B,7.62,A100 80GB,vLLM,BF16,1,1,84.28,24311.817750355956,GPQA,0.3636,0.25,headroom
Qwen2.5,Qwen2.5-14B,14.77,A100 80GB,vLLM,BF16,1,1,46.3,44254.859611231106,GPQA,0.3283,0.25,headroom
Qwen2.5,Qwen2.5-32B,32.76,A100 80GB,vLLM,BF16,1,1,22.13,92589.24536827835,GPQA,0.4797,0.25,headroom
Qwen2.5,Qwen2.5-72B,72.71,A100 80GB,vLLM,BF16,1,2,18.19,112644.31006047278,GPQA,0.45880000000000004,0.25,headroom
Qwen2.5,Qwen2.5-72B,72.71,A100 80GB,vLLM,BF16,1,4,31.37,65317.18202103921,GPQA,0.45880000000000004,0.25,headroom
Qwen2.5,Qwen2.5-0.5B,0.49,A100 80GB,vLLM,BF16,6144,1,304.79,26877.522228419566,GPQA,0.2475,0.25,headroom
Qwen2.5,Qwen2.5-1.5B,1.54,A100 80GB,vLLM,BF16,6144,1,176.68,46366.311976454606,GPQA,0.24239999999999998,0.25,headroom
Qwen2.5,Qwen2.5-3B,3.09,A100 80GB,vLLM,BF16,6144,1,123.15,66520.50345107591,GPQA,0.2626,0.25,headroom
Qwen2.5,Qwen2.5-7B,7.62,A100 80GB,vLLM,BF16,6144,1,80.7,101511.77199504337,GPQA,0.3636,0.25,headroom
Qwen2.5,Qwen2.5-14B,14.77,A100 80GB,vLLM,BF16,6144,1,43.83,186903.9470682181,GPQA,0.3283,0.25,headroom
Qwen2.5,Qwen2.5-32B,32.76,A100 80GB,vLLM,BF16,6144,1,21.05,389168.6460807601,GPQA,0.4797,0.25,headroom
Qwen2.5,Qwen2.5-72B,72.71,A100 80GB,vLLM,BF16,6144,4,29.9,273979.9331103679,GPQA,0.45880000000000004,0.25,headroom
Qwen2.5,Qwen2.5-0.5B,0.49,A100 80GB,vLLM,BF16,14336,1,290.28,56442.05594598319,GPQA,0.2475,0.25,headroom
Qwen2.5,Qwen2.5-1.5B,1.54,A100 80GB,vLLM,BF16,14336,1,168.69,97124.90366945285,GPQA,0.24239999999999998,0.25,headroom
Qwen2.5,Qwen2.5-3B,3.09,A100 80GB,vLLM,BF16,14336,1,117.35,139616.5317426502,GPQA,0.2626,0.25,headroom
Qwen2.5,Qwen2.5-7B,7.62,A100 80GB,vLLM,BF16,14336,1,77.69,210889.432359377,GPQA,0.3636,0.25,headroom
Qwen2.5,Qwen2.5-14B,14.77,A100 80GB,vLLM,BF16,14336,1,41.91,390932.95156287285,GPQA,0.3283,0.25,headroom
Qwen2.5,Qwen2.5-32B,32.76,A100 80GB,vLLM,BF16,14336,1,19.91,822903.0637870417,GPQA,0.4797,0.25,headroom
Qwen2.5,Qwen2.5-72B,72.71,A100 80GB,vLLM,BF16,14336,4,30.1,544318.9368770764,GPQA,0.45880000000000004,0.25,headroom
Qwen2.5,Qwen2.5-0.5B,0.49,A100 80GB,vLLM,BF16,30720,1,264.51,123881.89482439228,GPQA,0.2475,0.25,headroom
Qwen2.5,Qwen2.5-1.5B,1.54,A100 80GB,vLLM,BF16,30720,1,152.04,215522.23099184426,GPQA,0.24239999999999998,0.25,headroom
Qwen2.5,Qwen2.5-3B,3.09,A100 80GB,vLLM,BF16,30720,1,105.88,309482.4329429543,GPQA,0.2626,0.25,headroom
Qwen2.5,Qwen2.5-7B,7.62,A100 80GB,vLLM,BF16,30720,1,70.33,465917.81601023744,GPQA,0.3636,0.25,headroom
Qwen2.5,Qwen2.5-14B,14.77,A100 80GB,vLLM,BF16,30720,1,37.18,881334.0505648198,GPQA,0.3283,0.25,headroom
Qwen2.5,Qwen2.5-32B,32.76,A100 80GB,vLLM,BF16,30720,2,31.82,1029792.5832809553,GPQA,0.4797,0.25,headroom
Qwen2.5,Qwen2.5-72B,72.71,A100 80GB,vLLM,BF16,30720,4,27.53,1190265.1652742461,GPQA,0.45880000000000004,0.25,headroom
Qwen2.5,Qwen2.5-7B,7.62,A100 80GB,vLLM,BF16,63488,1,50.86,1288556.822650413,GPQA,0.3636,0.25,headroom
Qwen2.5,Qwen2.5-14B,14.77,A100 80GB,vLLM,BF16,63488,1,26.85,2440819.3668528865,GPQA,0.3283,0.25,headroom
Qwen2.5,Qwen2.5-32B,32.76,A100 80GB,vLLM,BF16,63488,2,24.45,2680408.9979550103,GPQA,0.4797,0.25,headroom
Qwen2.5,Qwen2.5-72B,72.71,A100 80GB,vLLM,BF16,63488,4,20.74,3159884.281581485,GPQA,0.45880000000000004,0.25,headroom
Qwen2.5,Qwen2.5-7B,7.62,A100 80GB,vLLM,BF16,129024,1,28.94,4529094.678645473,GPQA,0.3636,0.25,headroom
Qwen2.5,Qwen2.5-14B,14.77,A100 80GB,vLLM,BF16,129024,1,14.53,9020784.583620097,GPQA,0.3283,0.25,headroom
Qwen2.5,Qwen2.5-32B,32.76,A100 80GB,vLLM,BF16,129024,2,14.31,9159468.902865129,GPQA,0.4797,0.25,headroom
Qwen2.5,Qwen2.5-72B,72.71,A100 80GB,vLLM,BF16,129024,4,12.68,10336908.517350158,GPQA,0.45880000000000004,0.25,headroom
Qwen2.5,Qwen2.5-0.5B,0.49,A100 80GB,Transformers,BF16,1,1,47.4,43227.84810126582,GSM8K,0.41619999999999996,0.0,retired
Qwen2.5,Qwen2.5-1.5B,1.54,A100 80GB,Transformers,BF16,1,1,39.68,51638.104838709674,GSM8K,0.6854,0.0,retired
Qwen2.5,Qwen2.5-3B,3.09,A100 80GB,Transformers,BF16,1,1,30.8,66525.97402597402,GSM8K,0.7908,0.0,retired
Qwen2.5,Qwen2.5-7B,7.62,A100 80GB,Transformers,BF16,1,1,40.38,50742.942050520054,GSM8K,0.8536,0.0,retired
Qwen2.5,Qwen2.5-14B,14.77,A100 80GB,Transformers,BF16,1,1,24.74,82821.341956346,GSM8K,0.9022,0.0,retired
Qwen2.5,Qwen2.5-32B,32.76,A100 80GB,Transformers,BF16,1,1,17.54,116818.7001140251,GSM8K,0.9287000000000001,0.0,retired
Qwen2.5,Qwen2.5-72B,72.71,A100 80GB,Transformers,BF16,1,2,8.73,234707.9037800687,GSM8K,0.915,0.0,retired
Qwen2.5,Qwen2.5-0.5B,0.49,A100 80GB,Transformers,BF16,6144,1,47.45,172644.8893572181,GSM8K,0.41619999999999996,0.0,retired
Qwen2.5,Qwen2.5-1.5B,1.54,A100 80GB,Transformers,BF16,6144,1,40.88,200391.3894324853,GSM8K,0.6854,0.0,retired
Qwen2.5,Qwen2.5-3B,3.09,A100 80GB,Transformers,BF16,6144,1,32.2,254409.93788819874,GSM8K,0.7908,0.0,retired
Qwen2.5,Qwen2.5-7B,7.62,A100 80GB,Transformers,BF16,6144,1,38.76,211351.90918472654,GSM8K,0.8536,0.0,retired
Qwen2.5,Qwen2.5-14B,14.77,A100 80GB,Transformers,BF16,6144,1,20.51,399414.9195514383,GSM8K,0.9022,0.0,retired
Qwen2.5,Qwen2.5-32B,32.76,A100 80GB,Transformers,BF16,6144,1,12.49,655884.707766213,GSM8K,0.9287000000000001,0.0,retired
Qwen2.5,Qwen2.5-72B,72.71,A100 80GB,Transformers,BF16,6144,2,6.39,1282003.129890454,GSM8K,0.915,0.0,retired
Qwen2.5,Qwen2.5-0.5B,0.49,A100 80GB,Transformers,BF16,14336,1,47.11,347781.7873063044,GSM8K,0.41619999999999996,0.0,retired
Qwen2.5,Qwen2.5-1.5B,1.54,A100 80GB,Transformers,BF16,14336,1,40.43,405243.63096710364,GSM8K,0.6854,0.0,retired
Qwen2.5,Qwen2.5-3B,3.09,A100 80GB,Transformers,BF16,14336,1,31.72,516519.5460277428,GSM8K,0.7908,0.0,retired
Qwen2.5,Qwen2.5-7B,7.62,A100 80GB,Transformers,BF16,14336,1,29.78,550167.8979180658,GSM8K,0.8536,0.0,retired
Qwen2.5,Qwen2.5-14B,14.77,A100 80GB,Transformers,BF16,14336,1,13.92,1177011.4942528736,GSM8K,0.9022,0.0,retired
Qwen2.5,Qwen2.5-32B,32.76,A100 80GB,Transformers,BF16,14336,1,8.95,1830614.525139665,GSM8K,0.9287000000000001,0.0,retired
Qwen2.5,Qwen2.5-72B,72.71,A100 80GB,Transformers,BF16,14336,3,4.25,3855058.8235294116,GSM8K,0.915,0.0,retired
Qwen2.5,Qwen2.5-0.5B,0.49,A100 80GB,Transformers,BF16,30720,1,47.16,694826.1238337575,GSM8K,0.41619999999999996,0.0,retired
Qwen2.5,Qwen2.5-1.5B,1.54,A100 80GB,Transformers,BF16,30720,1,38.59,849131.8994558175,GSM8K,0.6854,0.0,retired
Qwen2.5,Qwen2.5-3B,3.09,A100 80GB,Transformers,BF16,30720,1,25.37,1291604.2569964523,GSM8K,0.7908,0.0,retired
Qwen2.5,Qwen2.5-7B,7.62,A100 80GB,Transformers,BF16,30720,1,18.83,1740201.805629315,GSM8K,0.8536,0.0,retired
Qwen2.5,Qwen2.5-14B,14.77,A100 80GB,Transformers,BF16,30720,1,8.2,3996097.5609756103,GSM8K,0.9022,0.0,retired
Qwen2.5,Qwen2.5-32B,32.76,A100 80GB,Transformers,BF16,30720,1,5.59,5861896.243291592,GSM8K,0.9287000000000001,0.0,retired
Qwen2.5,Qwen2.5-72B,72.71,A100 80GB,Transformers,BF16,30720,3,2.94,11145578.231292518,GSM8K,0.915,0.0,retired
Qwen2.5,Qwen2.5-0.5B,0.49,A100 80GB,vLLM,BF16,1,1,311.55,6576.793452094366,GSM8K,0.41619999999999996,0.0,retired
Qwen2.5,Qwen2.5-1.5B,1.54,A100 80GB,vLLM,BF16,1,1,183.33,11176.566846669939,GSM8K,0.6854,0.0,retired
Qwen2.5,Qwen2.5-3B,3.09,A100 80GB,vLLM,BF16,1,1,127.61,16056.735365566961,GSM8K,0.7908,0.0,retired
Qwen2.5,Qwen2.5-7B,7.62,A100 80GB,vLLM,BF16,1,1,84.28,24311.817750355956,GSM8K,0.8536,0.0,retired
Qwen2.5,Qwen2.5-14B,14.77,A100 80GB,vLLM,BF16,1,1,46.3,44254.859611231106,GSM8K,0.9022,0.0,retired
Qwen2.5,Qwen2.5-32B,32.76,A100 80GB,vLLM,BF16,1,1,22.13,92589.24536827835,GSM8K,0.9287000000000001,0.0,retired
Qwen2.5,Qwen2.5-72B,72.71,A100 80GB,vLLM,BF16,1,2,18.19,112644.31006047278,GSM8K,0.915,0.0,retired
Qwen2.5,Qwen2.5-72B,72.71,A100 80GB,vLLM,BF16,1,4,31.37,65317.18202103921,GSM8K,0.915,0.0,retired
Qwen2.5,Qwen2.5-0.5B,0.49,A100 80GB,vLLM,BF16,6144,1,304.79,26877.522228419566,GSM8K,0.41619999999999996,0.0,retired
Qwen2.5,Qwen2.5-1.5B,1.54,A100 80GB,vLLM,BF16,6144,1,176.68,46366.311976454606,GSM8K,0.6854,0.0,retired
Qwen2.5,Qwen2.5-3B,3.09,A100 80GB,vLLM,BF16,6144,1,123.15,66520.50345107591,GSM8K,0.7908,0.0,retired
Qwen2.5,Qwen2.5-7B,7.62,A100 80GB,vLLM,BF16,6144,1,80.7,101511.77199504337,GSM8K,0.8536,0.0,retired
Qwen2.5,Qwen2.5-14B,14.77,A100 80GB,vLLM,BF16,6144,1,43.83,186903.9470682181,GSM8K,0.9022,0.0,retired
Qwen2.5,Qwen2.5-32B,32.76,A100 80GB,vLLM,BF16,6144,1,21.05,389168.6460807601,GSM8K,0.9287000000000001,0.0,retired
Qwen2.5,Qwen2.5-72B,72.71,A100 80GB,vLLM,BF16,6144,4,29.9,273979.9331103679,GSM8K,0.915,0.0,retired
Qwen2.5,Qwen2.5-0.5B,0.49,A100 80GB,vLLM,BF16,14336,1,290.28,56442.05594598319,GSM8K,0.41619999999999996,0.0,retired
Qwen2.5,Qwen2.5-1.5B,1.54,A100 80GB,vLLM,BF16,14336,1,168.69,97124.90366945285,GSM8K,0.6854,0.0,retired
Qwen2.5,Qwen2.5-3B,3.09,A100 80GB,vLLM,BF16,14336,1,117.35,139616.5317426502,GSM8K,0.7908,0.0,retired
Qwen2.5,Qwen2.5-7B,7.62,A100 80GB,vLLM,BF16,14336,1,77.69,210889.432359377,GSM8K,0.8536,0.0,retired
Qwen2.5,Qwen2.5-14B,14.77,A100 80GB,vLLM,BF16,14336,1,41.91,390932.95156287285,GSM8K,0.9022,0.0,retired
Qwen2.5,Qwen2.5-32B,32.76,A100 80GB,vLLM,BF16,14336,1,19.91,822903.0637870417,GSM8K,0.9287000000000001,0.0,retired
Qwen2.5,Qwen2.5-72B,72.71,A100 80GB,vLLM,BF16,14336,4,30.1,544318.9368770764,GSM8K,0.915,0.0,retired
Qwen2.5,Qwen2.5-0.5B,0.49,A100 80GB,vLLM,BF16,30720,1,264.51,123881.89482439228,GSM8K,0.41619999999999996,0.0,retired
Qwen2.5,Qwen2.5-1.5B,1.54,A100 80GB,vLLM,BF16,30720,1,152.04,215522.23099184426,GSM8K,0.6854,0.0,retired
Qwen2.5,Qwen2.5-3B,3.09,A100 80GB,vLLM,BF16,30720,1,105.88,309482.4329429543,GSM8K,0.7908,0.0,retired
Qwen2.5,Qwen2.5-7B,7.62,A100 80GB,vLLM,BF16,30720,1,70.33,465917.81601023744,GSM8K,0.8536,0.0,retired
Qwen2.5,Qwen2.5-14B,14.77,A100 80GB,vLLM,BF16,30720,1,37.18,881334.0505648198,GSM8K,0.9022,0.0,retired
Qwen2.5,Qwen2.5-32B,32.76,A100 80GB,vLLM,BF16,30720,2,31.82,1029792.5832809553,GSM8K,0.9287000000000001,0.0,retired
Qwen2.5,Qwen2.5-72B,72.71,A100 80GB,vLLM,BF16,30720,4,27.53,1190265.1652742461,GSM8K,0.915,0.0,retired
Qwen2.5,Qwen2.5-7B,7.62,A100 80GB,vLLM,BF16,63488,1,50.86,1288556.822650413,GSM8K,0.8536,0.0,retired
Qwen2.5,Qwen2.5-14B,14.77,A100 80GB,vLLM,BF16,63488,1,26.85,2440819.3668528865,GSM8K,0.9022,0.0,retired
Qwen2.5,Qwen2.5-32B,32.76,A100 80GB,vLLM,BF16,63488,2,24.45,2680408.9979550103,GSM8K,0.9287000000000001,0.0,retired
Qwen2.5,Qwen2.5-72B,72.71,A100 80GB,vLLM,BF16,63488,4,20.74,3159884.281581485,GSM8K,0.915,0.0,retired
Qwen2.5,Qwen2.5-7B,7.62,A100 80GB,vLLM,BF16,129024,1,28.94,4529094.678645473,GSM8K,0.8536,0.0,retired
Qwen2.5,Qwen2.5-14B,14.77,A100 80GB,vLLM,BF16,129024,1,14.53,9020784.583620097,GSM8K,0.9022,0.0,retired
Qwen2.5,Qwen2.5-32B,32.76,A100 80GB,vLLM,BF16,129024,2,14.31,9159468.902865129,GSM8K,0.9287000000000001,0.0,retired
Qwen2.5,Qwen2.5-72B,72.71,A100 80GB,vLLM,BF16,129024,4,12.68,10336908.517350158,GSM8K,0.915,0.0,retired
Qwen2.5,Qwen2.5-0.5B,0.49,A100 80GB,Transformers,BF16,1,1,47.4,43227.84810126582,INCLUDE,0.24739999999999998,0.0,headroom
Qwen2.5,Qwen2.5-1.5B,1.54,A100 80GB,Transformers,BF16,1,1,39.68,51638.104838709674,INCLUDE,0.39549999999999996,0.0,headroom
Qwen2.5,Qwen2.5-3B,3.09,A100 80GB,Transformers,BF16,1,1,30.8,66525.97402597402,INCLUDE,0.45899999999999996,0.0,headroom
Qwen2.5,Qwen2.5-7B,7.62,A100 80GB,Transformers,BF16,1,1,40.38,50742.942050520054,INCLUDE,0.5398,0.0,headroom
Qwen2.5,Qwen2.5-14B,14.77,A100 80GB,Transformers,BF16,1,1,24.74,82821.341956346,INCLUDE,0.6026,0.0,headroom
Qwen2.5,Qwen2.5-32B,32.76,A100 80GB,Transformers,BF16,1,1,17.54,116818.7001140251,INCLUDE,0.6435,0.0,headroom
Qwen2.5,Qwen2.5-72B,72.71,A100 80GB,Transformers,BF16,1,2,8.73,234707.9037800687,INCLUDE,0.6905,0.0,headroom
Qwen2.5,Qwen2.5-0.5B,0.49,A100 80GB,Transformers,BF16,6144,1,47.45,172644.8893572181,INCLUDE,0.24739999999999998,0.0,headroom
Qwen2.5,Qwen2.5-1.5B,1.54,A100 80GB,Transformers,BF16,6144,1,40.88,200391.3894324853,INCLUDE,0.39549999999999996,0.0,headroom
Qwen2.5,Qwen2.5-3B,3.09,A100 80GB,Transformers,BF16,6144,1,32.2,254409.93788819874,INCLUDE,0.45899999999999996,0.0,headroom
Qwen2.5,Qwen2.5-7B,7.62,A100 80GB,Transformers,BF16,6144,1,38.76,211351.90918472654,INCLUDE,0.5398,0.0,headroom
Qwen2.5,Qwen2.5-14B,14.77,A100 80GB,Transformers,BF16,6144,1,20.51,399414.9195514383,INCLUDE,0.6026,0.0,headroom
Qwen2.5,Qwen2.5-32B,32.76,A100 80GB,Transformers,BF16,6144,1,12.49,655884.707766213,INCLUDE,0.6435,0.0,headroom
Qwen2.5,Qwen2.5-72B,72.71,A100 80GB,Transformers,BF16,6144,2,6.39,1282003.129890454,INCLUDE,0.6905,0.0,headroom
Qwen2.5,Qwen2.5-0.5B,0.49,A100 80GB,Transformers,BF16,14336,1,47.11,347781.7873063044,INCLUDE,0.24739999999999998,0.0,headroom
Qwen2.5,Qwen2.5-1.5B,1.54,A100 80GB,Transformers,BF16,14336,1,40.43,405243.63096710364,INCLUDE,0.39549999999999996,0.0,headroom
Qwen2.5,Qwen2.5-3B,3.09,A100 80GB,Transformers,BF16,14336,1,31.72,516519.5460277428,INCLUDE,0.45899999999999996,0.0,headroom
Qwen2.5,Qwen2.5-7B,7.62,A100 80GB,Transformers,BF16,14336,1,29.78,550167.8979180658,INCLUDE,0.5398,0.0,headroom
Qwen2.5,Qwen2.5-14B,14.77,A100 80GB,Transformers,BF16,14336,1,13.92,1177011.4942528736,INCLUDE,0.6026,0.0,headroom
Qwen2.5,Qwen2.5-32B,32.76,A100 80GB,Transformers,BF16,14336,1,8.95,1830614.525139665,INCLUDE,0.6435,0.0,headroom
Qwen2.5,Qwen2.5-72B,72.71,A100 80GB,Transformers,BF16,14336,3,4.25,3855058.8235294116,INCLUDE,0.6905,0.0,headroom
Qwen2.5,Qwen2.5-0.5B,0.49,A100 80GB,Transformers,BF16,30720,1,47.16,694826.1238337575,INCLUDE,0.24739999999999998,0.0,headroom
Qwen2.5,Qwen2.5-1.5B,1.54,A100 80GB,Transformers,BF16,30720,1,38.59,849131.8994558175,INCLUDE,0.39549999999999996,0.0,headroom
Qwen2.5,Qwen2.5-3B,3.09,A100 80GB,Transformers,BF16,30720,1,25.37,1291604.2569964523,INCLUDE,0.45899999999999996,0.0,headroom
Qwen2.5,Qwen2.5-7B,7.62,A100 80GB,Transformers,BF16,30720,1,18.83,1740201.805629315,INCLUDE,0.5398,0.0,headroom
Qwen2.5,Qwen2.5-14B,14.77,A100 80GB,Transformers,BF16,30720,1,8.2,3996097.5609756103,INCLUDE,0.6026,0.0,headroom
Qwen2.5,Qwen2.5-32B,32.76,A100 80GB,Transformers,BF16,30720,1,5.59,5861896.243291592,INCLUDE,0.6435,0.0,headroom
Qwen2.5,Qwen2.5-72B,72.71,A100 80GB,Transformers,BF16,30720,3,2.94,11145578.231292518,INCLUDE,0.6905,0.0,headroom
Qwen2.5,Qwen2.5-0.5B,0.49,A100 80GB,vLLM,BF16,1,1,311.55,6576.793452094366,INCLUDE,0.24739999999999998,0.0,headroom
Qwen2.5,Qwen2.5-1.5B,1.54,A100 80GB,vLLM,BF16,1,1,183.33,11176.566846669939,INCLUDE,0.39549999999999996,0.0,headroom
Qwen2.5,Qwen2.5-3B,3.09,A100 80GB,vLLM,BF16,1,1,127.61,16056.735365566961,INCLUDE,0.45899999999999996,0.0,headroom
Qwen2.5,Qwen2.5-7B,7.62,A100 80GB,vLLM,BF16,1,1,84.28,24311.817750355956,INCLUDE,0.5398,0.0,headroom
Qwen2.5,Qwen2.5-14B,14.77,A100 80GB,vLLM,BF16,1,1,46.3,44254.859611231106,INCLUDE,0.6026,0.0,headroom
Qwen2.5,Qwen2.5-32B,32.76,A100 80GB,vLLM,BF16,1,1,22.13,92589.24536827835,INCLUDE,0.6435,0.0,headroom
Qwen2.5,Qwen2.5-72B,72.71,A100 80GB,vLLM,BF16,1,2,18.19,112644.31006047278,INCLUDE,0.6905,0.0,headroom
Qwen2.5,Qwen2.5-72B,72.71,A100 80GB,vLLM,BF16,1,4,31.37,65317.18202103921,INCLUDE,0.6905,0.0,headroom
Qwen2.5,Qwen2.5-0.5B,0.49,A100 80GB,vLLM,BF16,6144,1,304.79,26877.522228419566,INCLUDE,0.24739999999999998,0.0,headroom
Qwen2.5,Qwen2.5-1.5B,1.54,A100 80GB,vLLM,BF16,6144,1,176.68,46366.311976454606,INCLUDE,0.39549999999999996,0.0,headroom
Qwen2.5,Qwen2.5-3B,3.09,A100 80GB,vLLM,BF16,6144,1,123.15,66520.50345107591,INCLUDE,0.45899999999999996,0.0,headroom
Qwen2.5,Qwen2.5-7B,7.62,A100 80GB,vLLM,BF16,6144,1,80.7,101511.77199504337,INCLUDE,0.5398,0.0,headroom
Qwen2.5,Qwen2.5-14B,14.77,A100 80GB,vLLM,BF16,6144,1,43.83,186903.9470682181,INCLUDE,0.6026,0.0,headroom
Qwen2.5,Qwen2.5-32B,32.76,A100 80GB,vLLM,BF16,6144,1,21.05,389168.6460807601,INCLUDE,0.6435,0.0,headroom
Qwen2.5,Qwen2.5-72B,72.71,A100 80GB,vLLM,BF16,6144,4,29.9,273979.9331103679,INCLUDE,0.6905,0.0,headroom
Qwen2.5,Qwen2.5-0.5B,0.49,A100 80GB,vLLM,BF16,14336,1,290.28,56442.05594598319,INCLUDE,0.24739999999999998,0.0,headroom
Qwen2.5,Qwen2.5-1.5B,1.54,A100 80GB,vLLM,BF16,14336,1,168.69,97124.90366945285,INCLUDE,0.39549999999999996,0.0,headroom
Qwen2.5,Qwen2.5-3B,3.09,A100 80GB,vLLM,BF16,14336,1,117.35,139616.5317426502,INCLUDE,0.45899999999999996,0.0,headroom
Qwen2.5,Qwen2.5-7B,7.62,A100 80GB,vLLM,BF16,14336,1,77.69,210889.432359377,INCLUDE,0.5398,0.0,headroom
Qwen2.5,Qwen2.5-14B,14.77,A100 80GB,vLLM,BF16,14336,1,41.91,390932.95156287285,INCLUDE,0.6026,0.0,headroom
Qwen2.5,Qwen2.5-32B,32.76,A100 80GB,vLLM,BF16,14336,1,19.91,822903.0637870417,INCLUDE,0.6435,0.0,headroom
Qwen2.5,Qwen2.5-72B,72.71,A100 80GB,vLLM,BF16,14336,4,30.1,544318.9368770764,INCLUDE,0.6905,0.0,headroom
Qwen2.5,Qwen2.5-0.5B,0.49,A100 80GB,vLLM,BF16,30720,1,264.51,123881.89482439228,INCLUDE,0.24739999999999998,0.0,headroom
Qwen2.5,Qwen2.5-1.5B,1.54,A100 80GB,vLLM,BF16,30720,1,152.04,215522.23099184426,INCLUDE,0.39549999999999996,0.0,headroom
Qwen2.5,Qwen2.5-3B,3.09,A100 80GB,vLLM,BF16,30720,1,105.88,309482.4329429543,INCLUDE,0.45899999999999996,0.0,headroom
Qwen2.5,Qwen2.5-7B,7.62,A100 80GB,vLLM,BF16,30720,1,70.33,465917.81601023744,INCLUDE,0.5398,0.0,headroom
Qwen2.5,Qwen2.5-14B,14.77,A100 80GB,vLLM,BF16,30720,1,37.18,881334.0505648198,INCLUDE,0.6026,0.0,headroom
Qwen2.5,Qwen2.5-32B,32.76,A100 80GB,vLLM,BF16,30720,2,31.82,1029792.5832809553,INCLUDE,0.6435,0.0,headroom
Qwen2.5,Qwen2.5-72B,72.71,A100 80GB,vLLM,BF16,30720,4,27.53,1190265.1652742461,INCLUDE,0.6905,0.0,headroom
Qwen2.5,Qwen2.5-7B,7.62,A100 80GB,vLLM,BF16,63488,1,50.86,1288556.822650413,INCLUDE,0.5398,0.0,headroom
Qwen2.5,Qwen2.5-14B,14.77,A100 80GB,vLLM,BF16,63488,1,26.85,2440819.3668528865,INCLUDE,0.6026,0.0,headroom
Qwen2.5,Qwen2.5-32B,32.76,A100 80GB,vLLM,BF16,63488,2,24.45,2680408.9979550103,INCLUDE,0.6435,0.0,headroom
Qwen2.5,Qwen2.5-72B,72.71,A100 80GB,vLLM,BF16,63488,4,20.74,3159884.281581485,INCLUDE,0.6905,0.0,headroom
Qwen2.5,Qwen2.5-7B,7.62,A100 80GB,vLLM,BF16,129024,1,28.94,4529094.678645473,INCLUDE,0.5398,0.0,headroom
Qwen2.5,Qwen2.5-14B,14.77,A100 80GB,vLLM,BF16,129024,1,14.53,9020784.583620097,INCLUDE,0.6026,0.0,headroom
Qwen2.5,Qwen2.5-32B,32.76,A100 80GB,vLLM,BF16,129024,2,14.31,9159468.902865129,INCLUDE,0.6435,0.0,headroom
Qwen2.5,Qwen2.5-72B,72.71,A100 80GB,vLLM,BF16,129024,4,12.68,10336908.517350158,INCLUDE,0.6905,0.0,headroom
Qwen2.5,Qwen2.5-0.5B,0.49,A100 80GB,Transformers,BF16,1,1,47.4,43227.84810126582,MATH,0.1948,0.0,headroom
Qwen2.5,Qwen2.5-1.5B,1.54,A100 80GB,Transformers,BF16,1,1,39.68,51638.104838709674,MATH,0.35,0.0,headroom
Qwen2.5,Qwen2.5-3B,3.09,A100 80GB,Transformers,BF16,1,1,30.8,66525.97402597402,MATH,0.4264,0.0,headroom
Qwen2.5,Qwen2.5-7B,7.62,A100 80GB,Transformers,BF16,1,1,40.38,50742.942050520054,MATH,0.498,0.0,headroom
Qwen2.5,Qwen2.5-14B,14.77,A100 80GB,Transformers,BF16,1,1,24.74,82821.341956346,MATH,0.5564,0.0,headroom
Qwen2.5,Qwen2.5-32B,32.76,A100 80GB,Transformers,BF16,1,1,17.54,116818.7001140251,MATH,0.5770000000000001,0.0,headroom
Qwen2.5,Qwen2.5-72B,72.71,A100 80GB,Transformers,BF16,1,2,8.73,234707.9037800687,MATH,0.6212,0.0,headroom
Qwen2.5,Qwen2.5-0.5B,0.49,A100 80GB,Transformers,BF16,6144,1,47.45,172644.8893572181,MATH,0.1948,0.0,headroom
Qwen2.5,Qwen2.5-1.5B,1.54,A100 80GB,Transformers,BF16,6144,1,40.88,200391.3894324853,MATH,0.35,0.0,headroom
Qwen2.5,Qwen2.5-3B,3.09,A100 80GB,Transformers,BF16,6144,1,32.2,254409.93788819874,MATH,0.4264,0.0,headroom
Qwen2.5,Qwen2.5-7B,7.62,A100 80GB,Transformers,BF16,6144,1,38.76,211351.90918472654,MATH,0.498,0.0,headroom
Qwen2.5,Qwen2.5-14B,14.77,A100 80GB,Transformers,BF16,6144,1,20.51,399414.9195514383,MATH,0.5564,0.0,headroom
Qwen2.5,Qwen2.5-32B,32.76,A100 80GB,Transformers,BF16,6144,1,12.49,655884.707766213,MATH,0.5770000000000001,0.0,headroom
Qwen2.5,Qwen2.5-72B,72.71,A100 80GB,Transformers,BF16,6144,2,6.39,1282003.129890454,MATH,0.6212,0.0,headroom
Qwen2.5,Qwen2.5-0.5B,0.49,A100 80GB,Transformers,BF16,14336,1,47.11,347781.7873063044,MATH,0.1948,0.0,headroom
Qwen2.5,Qwen2.5-1.5B,1.54,A100 80GB,Transformers,BF16,14336,1,40.43,405243.63096710364,MATH,0.35,0.0,headroom
Qwen2.5,Qwen2.5-3B,3.09,A100 80GB,Transformers,BF16,14336,1,31.72,516519.5460277428,MATH,0.4264,0.0,headroom
Qwen2.5,Qwen2.5-7B,7.62,A100 80GB,Transformers,BF16,14336,1,29.78,550167.8979180658,MATH,0.498,0.0,headroom
Qwen2.5,Qwen2.5-14B,14.77,A100 80GB,Transformers,BF16,14336,1,13.92,1177011.4942528736,MATH,0.5564,0.0,headroom
Qwen2.5,Qwen2.5-32B,32.76,A100 80GB,Transformers,BF16,14336,1,8.95,1830614.525139665,MATH,0.5770000000000001,0.0,headroom
Qwen2.5,Qwen2.5-72B,72.71,A100 80GB,Transformers,BF16,14336,3,4.25,3855058.8235294116,MATH,0.6212,0.0,headroom
Qwen2.5,Qwen2.5-0.5B,0.49,A100 80GB,Transformers,BF16,30720,1,47.16,694826.1238337575,MATH,0.1948,0.0,headroom
Qwen2.5,Qwen2.5-1.5B,1.54,A100 80GB,Transformers,BF16,30720,1,38.59,849131.8994558175,MATH,0.35,0.0,headroom
Qwen2.5,Qwen2.5-3B,3.09,A100 80GB,Transformers,BF16,30720,1,25.37,1291604.2569964523,MATH,0.4264,0.0,headroom
Qwen2.5,Qwen2.5-7B,7.62,A100 80GB,Transformers,BF16,30720,1,18.83,1740201.805629315,MATH,0.498,0.0,headroom
Qwen2.5,Qwen2.5-14B,14.77,A100 80GB,Transformers,BF16,30720,1,8.2,3996097.5609756103,MATH,0.5564,0.0,headroom
Qwen2.5,Qwen2.5-32B,32.76,A100 80GB,Transformers,BF16,30720,1,5.59,5861896.243291592,MATH,0.5770000000000001,0.0,headroom
Qwen2.5,Qwen2.5-72B,72.71,A100 80GB,Transformers,BF16,30720,3,2.94,11145578.231292518,MATH,0.6212,0.0,headroom
Qwen2.5,Qwen2.5-0.5B,0.49,A100 80GB,vLLM,BF16,1,1,311.55,6576.793452094366,MATH,0.1948,0.0,headroom
Qwen2.5,Qwen2.5-1.5B,1.54,A100 80GB,vLLM,BF16,1,1,183.33,11176.566846669939,MATH,0.35,0.0,headroom
Qwen2.5,Qwen2.5-3B,3.09,A100 80GB,vLLM,BF16,1,1,127.61,16056.735365566961,MATH,0.4264,0.0,headroom
Qwen2.5,Qwen2.5-7B,7.62,A100 80GB,vLLM,BF16,1,1,84.28,24311.817750355956,MATH,0.498,0.0,headroom
Qwen2.5,Qwen2.5-14B,14.77,A100 80GB,vLLM,BF16,1,1,46.3,44254.859611231106,MATH,0.5564,0.0,headroom
Qwen2.5,Qwen2.5-32B,32.76,A100 80GB,vLLM,BF16,1,1,22.13,92589.24536827835,MATH,0.5770000000000001,0.0,headroom
Qwen2.5,Qwen2.5-72B,72.71,A100 80GB,vLLM,BF16,1,2,18.19,112644.31006047278,MATH,0.6212,0.0,headroom
Qwen2.5,Qwen2.5-72B,72.71,A100 80GB,vLLM,BF16,1,4,31.37,65317.18202103921,MATH,0.6212,0.0,headroom
Qwen2.5,Qwen2.5-0.5B,0.49,A100 80GB,vLLM,BF16,6144,1,304.79,26877.522228419566,MATH,0.1948,0.0,headroom
Qwen2.5,Qwen2.5-1.5B,1.54,A100 80GB,vLLM,BF16,6144,1,176.68,46366.311976454606,MATH,0.35,0.0,headroom
Qwen2.5,Qwen2.5-3B,3.09,A100 80GB,vLLM,BF16,6144,1,123.15,66520.50345107591,MATH,0.4264,0.0,headroom
Qwen2.5,Qwen2.5-7B,7.62,A100 80GB,vLLM,BF16,6144,1,80.7,101511.77199504337,MATH,0.498,0.0,headroom
Qwen2.5,Qwen2.5-14B,14.77,A100 80GB,vLLM,BF16,6144,1,43.83,186903.9470682181,MATH,0.5564,0.0,headroom
Qwen2.5,Qwen2.5-32B,32.76,A100 80GB,vLLM,BF16,6144,1,21.05,389168.6460807601,MATH,0.5770000000000001,0.0,headroom
Qwen2.5,Qwen2.5-72B,72.71,A100 80GB,vLLM,BF16,6144,4,29.9,273979.9331103679,MATH,0.6212,0.0,headroom
Qwen2.5,Qwen2.5-0.5B,0.49,A100 80GB,vLLM,BF16,14336,1,290.28,56442.05594598319,MATH,0.1948,0.0,headroom
Qwen2.5,Qwen2.5-1.5B,1.54,A100 80GB,vLLM,BF16,14336,1,168.69,97124.90366945285,MATH,0.35,0.0,headroom
Qwen2.5,Qwen2.5-3B,3.09,A100 80GB,vLLM,BF16,14336,1,117.35,139616.5317426502,MATH,0.4264,0.0,headroom
Qwen2.5,Qwen2.5-7B,7.62,A100 80GB,vLLM,BF16,14336,1,77.69,210889.432359377,MATH,0.498,0.0,headroom
Qwen2.5,Qwen2.5-14B,14.77,A100 80GB,vLLM,BF16,14336,1,41.91,390932.95156287285,MATH,0.5564,0.0,headroom
Qwen2.5,Qwen2.5-32B,32.76,A100 80GB,vLLM,BF16,14336,1,19.91,822903.0637870417,MATH,0.5770000000000001,0.0,headroom
Qwen2.5,Qwen2.5-72B,72.71,A100 80GB,vLLM,BF16,14336,4,30.1,544318.9368770764,MATH,0.6212,0.0,headroom
Qwen2.5,Qwen2.5-0.5B,0.49,A100 80GB,vLLM,BF16,30720,1,264.51,123881.89482439228,MATH,0.1948,0.0,headroom
Qwen2.5,Qwen2.5-1.5B,1.54,A100 80GB,vLLM,BF16,30720,1,152.04,215522.23099184426,MATH,0.35,0.0,headroom
Qwen2.5,Qwen2.5-3B,3.09,A100 80GB,vLLM,BF16,30720,1,105.88,309482.4329429543,MATH,0.4264,0.0,headroom
Qwen2.5,Qwen2.5-7B,7.62,A100 80GB,vLLM,BF16,30720,1,70.33,465917.81601023744,MATH,0.498,0.0,headroom
Qwen2.5,Qwen2.5-14B,14.77,A100 80GB,vLLM,BF16,30720,1,37.18,881334.0505648198,MATH,0.5564,0.0,headroom
Qwen2.5,Qwen2.5-32B,32.76,A100 80GB,vLLM,BF16,30720,2,31.82,1029792.5832809553,MATH,0.5770000000000001,0.0,headroom
Qwen2.5,Qwen2.5-72B,72.71,A100 80GB,vLLM,BF16,30720,4,27.53,1190265.1652742461,MATH,0.6212,0.0,headroom
Qwen2.5,Qwen2.5-7B,7.62,A100 80GB,vLLM,BF16,63488,1,50.86,1288556.822650413,MATH,0.498,0.0,headroom
Qwen2.5,Qwen2.5-14B,14.77,A100 80GB,vLLM,BF16,63488,1,26.85,2440819.3668528865,MATH,0.5564,0.0,headroom
Qwen2.5,Qwen2.5-32B,32.76,A100 80GB,vLLM,BF16,63488,2,24.45,2680408.9979550103,MATH,0.5770000000000001,0.0,headroom
Qwen2.5,Qwen2.5-72B,72.71,A100 80GB,vLLM,BF16,63488,4,20.74,3159884.281581485,MATH,0.6212,0.0,headroom
Qwen2.5,Qwen2.5-7B,7.62,A100 80GB,vLLM,BF16,129024,1,28.94,4529094.678645473,MATH,0.498,0.0,headroom
Qwen2.5,Qwen2.5-14B,14.77,A100 80GB,vLLM,BF16,129024,1,14.53,9020784.583620097,MATH,0.5564,0.0,headroom
Qwen2.5,Qwen2.5-32B,32.76,A100 80GB,vLLM,BF16,129024,2,14.31,9159468.902865129,MATH,0.5770000000000001,0.0,headroom
Qwen2.5,Qwen2.5-72B,72.71,A100 80GB,vLLM,BF16,129024,4,12.68,10336908.517350158,MATH,0.6212,0.0,headroom
Qwen2.5,Qwen2.5-0.5B,0.49,A100 80GB,Transformers,BF16,1,1,47.4,43227.84810126582,MBPP,0.298,0.0,headroom
Qwen2.5,Qwen2.5-1.5B,1.54,A100 80GB,Transformers,BF16,1,1,39.68,51638.104838709674,MBPP,0.436,0.0,headroom
Qwen2.5,Qwen2.5-3B,3.09,A100 80GB,Transformers,BF16,1,1,30.8,66525.97402597402,MBPP,0.546,0.0,headroom
Qwen2.5,Qwen2.5-7B,7.62,A100 80GB,Transformers,BF16,1,1,40.38,50742.942050520054,MBPP,0.634,0.0,headroom
Qwen2.5,Qwen2.5-14B,14.77,A100 80GB,Transformers,BF16,1,1,24.74,82821.341956346,MBPP,0.69,0.0,headroom
Qwen2.5,Qwen2.5-32B,32.76,A100 80GB,Transformers,BF16,1,1,17.54,116818.7001140251,MBPP,0.736,0.0,headroom
Qwen2.5,Qwen2.5-72B,72.71,A100 80GB,Transformers,BF16,1,2,8.73,234707.9037800687,MBPP,0.76,0.0,headroom
Qwen2.5,Qwen2.5-0.5B,0.49,A100 80GB,Transformers,BF16,6144,1,47.45,172644.8893572181,MBPP,0.298,0.0,headroom
Qwen2.5,Qwen2.5-1.5B,1.54,A100 80GB,Transformers,BF16,6144,1,40.88,200391.3894324853,MBPP,0.436,0.0,headroom
Qwen2.5,Qwen2.5-3B,3.09,A100 80GB,Transformers,BF16,6144,1,32.2,254409.93788819874,MBPP,0.546,0.0,headroom
Qwen2.5,Qwen2.5-7B,7.62,A100 80GB,Transformers,BF16,6144,1,38.76,211351.90918472654,MBPP,0.634,0.0,headroom
Qwen2.5,Qwen2.5-14B,14.77,A100 80GB,Transformers,BF16,6144,1,20.51,399414.9195514383,MBPP,0.69,0.0,headroom
Qwen2.5,Qwen2.5-32B,32.76,A100 80GB,Transformers,BF16,6144,1,12.49,655884.707766213,MBPP,0.736,0.0,headroom
Qwen2.5,Qwen2.5-72B,72.71,A100 80GB,Transformers,BF16,6144,2,6.39,1282003.129890454,MBPP,0.76,0.0,headroom
Qwen2.5,Qwen2.5-0.5B,0.49,A100 80GB,Transformers,BF16,14336,1,47.11,347781.7873063044,MBPP,0.298,0.0,headroom
Qwen2.5,Qwen2.5-1.5B,1.54,A100 80GB,Transformers,BF16,14336,1,40.43,405243.63096710364,MBPP,0.436,0.0,headroom
Qwen2.5,Qwen2.5-3B,3.09,A100 80GB,Transformers,BF16,14336,1,31.72,516519.5460277428,MBPP,0.546,0.0,headroom
Qwen2.5,Qwen2.5-7B,7.62,A100 80GB,Transformers,BF16,14336,1,29.78,550167.8979180658,MBPP,0.634,0.0,headroom
Qwen2.5,Qwen2.5-14B,14.77,A100 80GB,Transformers,BF16,14336,1,13.92,1177011.4942528736,MBPP,0.69,0.0,headroom
Qwen2.5,Qwen2.5-32B,32.76,A100 80GB,Transformers,BF16,14336,1,8.95,1830614.525139665,MBPP,0.736,0.0,headroom
Qwen2.5,Qwen2.5-72B,72.71,A100 80GB,Transformers,BF16,14336,3,4.25,3855058.8235294116,MBPP,0.76,0.0,headroom
Qwen2.5,Qwen2.5-0.5B,0.49,A100 80GB,Transformers,BF16,30720,1,47.16,694826.1238337575,MBPP,0.298,0.0,headroom
Qwen2.5,Qwen2.5-1.5B,1.54,A100 80GB,Transformers,BF16,30720,1,38.59,849131.8994558175,MBPP,0.436,0.0,headroom
Qwen2.5,Qwen2.5-3B,3.09,A100 80GB,Transformers,BF16,30720,1,25.37,1291604.2569964523,MBPP,0.546,0.0,headroom
Qwen2.5,Qwen2.5-7B,7.62,A100 80GB,Transformers,BF16,30720,1,18.83,1740201.805629315,MBPP,0.634,0.0,headroom
Qwen2.5,Qwen2.5-14B,14.77,A100 80GB,Transformers,BF16,30720,1,8.2,3996097.5609756103,MBPP,0.69,0.0,headroom
Qwen2.5,Qwen2.5-32B,32.76,A100 80GB,Transformers,BF16,30720,1,5.59,5861896.243291592,MBPP,0.736,0.0,headroom
Qwen2.5,Qwen2.5-72B,72.71,A100 80GB,Transformers,BF16,30720,3,2.94,11145578.231292518,MBPP,0.76,0.0,headroom
Qwen2.5,Qwen2.5-0.5B,0.49,A100 80GB,vLLM,BF16,1,1,311.55,6576.793452094366,MBPP,0.298,0.0,headroom
Qwen2.5,Qwen2.5-1.5B,1.54,A100 80GB,vLLM,BF16,1,1,183.33,11176.566846669939,MBPP,0.436,0.0,headroom
Qwen2.5,Qwen2.5-3B,3.09,A100 80GB,vLLM,BF16,1,1,127.61,16056.735365566961,MBPP,0.546,0.0,headroom
Qwen2.5,Qwen2.5-7B,7.62,A100 80GB,vLLM,BF16,1,1,84.28,24311.817750355956,MBPP,0.634,0.0,headroom
Qwen2.5,Qwen2.5-14B,14.77,A100 80GB,vLLM,BF16,1,1,46.3,44254.859611231106,MBPP,0.69,0.0,headroom
Qwen2.5,Qwen2.5-32B,32.76,A100 80GB,vLLM,BF16,1,1,22.13,92589.24536827835,MBPP,0.736,0.0,headroom
Qwen2.5,Qwen2.5-72B,72.71,A100 80GB,vLLM,BF16,1,2,18.19,112644.31006047278,MBPP,0.76,0.0,headroom
Qwen2.5,Qwen2.5-72B,72.71,A100 80GB,vLLM,BF16,1,4,31.37,65317.18202103921,MBPP,0.76,0.0,headroom
Qwen2.5,Qwen2.5-0.5B,0.49,A100 80GB,vLLM,BF16,6144,1,304.79,26877.522228419566,MBPP,0.298,0.0,headroom
Qwen2.5,Qwen2.5-1.5B,1.54,A100 80GB,vLLM,BF16,6144,1,176.68,46366.311976454606,MBPP,0.436,0.0,headroom
Qwen2.5,Qwen2.5-3B,3.09,A100 80GB,vLLM,BF16,6144,1,123.15,66520.50345107591,MBPP,0.546,0.0,headroom
Qwen2.5,Qwen2.5-7B,7.62,A100 80GB,vLLM,BF16,6144,1,80.7,101511.77199504337,MBPP,0.634,0.0,headroom
Qwen2.5,Qwen2.5-14B,14.77,A100 80GB,vLLM,BF16,6144,1,43.83,186903.9470682181,MBPP,0.69,0.0,headroom
Qwen2.5,Qwen2.5-32B,32.76,A100 80GB,vLLM,BF16,6144,1,21.05,389168.6460807601,MBPP,0.736,0.0,headroom
Qwen2.5,Qwen2.5-72B,72.71,A100 80GB,vLLM,BF16,6144,4,29.9,273979.9331103679,MBPP,0.76,0.0,headroom
Qwen2.5,Qwen2.5-0.5B,0.49,A100 80GB,vLLM,BF16,14336,1,290.28,56442.05594598319,MBPP,0.298,0.0,headroom
Qwen2.5,Qwen2.5-1.5B,1.54,A100 80GB,vLLM,BF16,14336,1,168.69,97124.90366945285,MBPP,0.436,0.0,headroom
Qwen2.5,Qwen2.5-3B,3.09,A100 80GB,vLLM,BF16,14336,1,117.35,139616.5317426502,MBPP,0.546,0.0,headroom
Qwen2.5,Qwen2.5-7B,7.62,A100 80GB,vLLM,BF16,14336,1,77.69,210889.432359377,MBPP,0.634,0.0,headroom
Qwen2.5,Qwen2.5-14B,14.77,A100 80GB,vLLM,BF16,14336,1,41.91,390932.95156287285,MBPP,0.69,0.0,headroom
Qwen2.5,Qwen2.5-32B,32.76,A100 80GB,vLLM,BF16,14336,1,19.91,822903.0637870417,MBPP,0.736,0.0,headroom
Qwen2.5,Qwen2.5-72B,72.71,A100 80GB,vLLM,BF16,14336,4,30.1,544318.9368770764,MBPP,0.76,0.0,headroom
Qwen2.5,Qwen2.5-0.5B,0.49,A100 80GB,vLLM,BF16,30720,1,264.51,123881.89482439228,MBPP,0.298,0.0,headroom
Qwen2.5,Qwen2.5-1.5B,1.54,A100 80GB,vLLM,BF16,30720,1,152.04,215522.23099184426,MBPP,0.436,0.0,headroom
Qwen2.5,Qwen2.5-3B,3.09,A100 80GB,vLLM,BF16,30720,1,105.88,309482.4329429543,MBPP,0.546,0.0,headroom
Qwen2.5,Qwen2.5-7B,7.62,A100 80GB,vLLM,BF16,30720,1,70.33,465917.81601023744,MBPP,0.634,0.0,headroom
Qwen2.5,Qwen2.5-14B,14.77,A100 80GB,vLLM,BF16,30720,1,37.18,881334.0505648198,MBPP,0.69,0.0,headroom
Qwen2.5,Qwen2.5-32B,32.76,A100 80GB,vLLM,BF16,30720,2,31.82,1029792.5832809553,MBPP,0.736,0.0,headroom
Qwen2.5,Qwen2.5-72B,72.71,A100 80GB,vLLM,BF16,30720,4,27.53,1190265.1652742461,MBPP,0.76,0.0,headroom
Qwen2.5,Qwen2.5-7B,7.62,A100 80GB,vLLM,BF16,63488,1,50.86,1288556.822650413,MBPP,0.634,0.0,headroom
Qwen2.5,Qwen2.5-14B,14.77,A100 80GB,vLLM,BF16,63488,1,26.85,2440819.3668528865,MBPP,0.69,0.0,headroom
Qwen2.5,Qwen2.5-32B,32.76,A100 80GB,vLLM,BF16,63488,2,24.45,2680408.9979550103,MBPP,0.736,0.0,headroom
Qwen2.5,Qwen2.5-72B,72.71,A100 80GB,vLLM,BF16,63488,4,20.74,3159884.281581485,MBPP,0.76,0.0,headroom
Qwen2.5,Qwen2.5-7B,7.62,A100 80GB,vLLM,BF16,129024,1,28.94,4529094.678645473,MBPP,0.634,0.0,headroom
Qwen2.5,Qwen2.5-14B,14.77,A100 80GB,vLLM,BF16,129024,1,14.53,9020784.583620097,MBPP,0.69,0.0,headroom
Qwen2.5,Qwen2.5-32B,32.76,A100 80GB,vLLM,BF16,129024,2,14.31,9159468.902865129,MBPP,0.736,0.0,headroom
Qwen2.5,Qwen2.5-72B,72.71,A100 80GB,vLLM,BF16,129024,4,12.68,10336908.517350158,MBPP,0.76,0.0,headroom
Qwen2.5,Qwen2.5-0.5B,0.49,A100 80GB,Transformers,BF16,1,1,47.4,43227.84810126582,MGSM,0.1207,0.0,retired
Qwen2.5,Qwen2.5-1.5B,1.54,A100 80GB,Transformers,BF16,1,1,39.68,51638.104838709674,MGSM,0.3282,0.0,retired
Qwen2.5,Qwen2.5-3B,3.09,A100 80GB,Transformers,BF16,1,1,30.8,66525.97402597402,MGSM,0.4753,0.0,retired
Qwen2.5,Qwen2.5-7B,7.62,A100 80GB,Transformers,BF16,1,1,40.38,50742.942050520054,MGSM,0.636,0.0,retired
Qwen2.5,Qwen2.5-14B,14.77,A100 80GB,Transformers,BF16,1,1,24.74,82821.341956346,MGSM,0.7468,0.0,retired
Qwen2.5,Qwen2.5-32B,32.76,A100 80GB,Transformers,BF16,1,1,17.54,116818.7001140251,MGSM,0.7812,0.0,retired
Qwen2.5,Qwen2.5-72B,72.71,A100 80GB,Transformers,BF16,1,2,8.73,234707.9037800687,MGSM,0.8240000000000001,0.0,retired
Qwen2.5,Qwen2.5-0.5B,0.49,A100 80GB,Transformers,BF16,6144,1,47.45,172644.8893572181,MGSM,0.1207,0.0,retired
Qwen2.5,Qwen2.5-1.5B,1.54,A100 80GB,Transformers,BF16,6144,1,40.88,200391.3894324853,MGSM,0.3282,0.0,retired
Qwen2.5,Qwen2.5-3B,3.09,A100 80GB,Transformers,BF16,6144,1,32.2,254409.93788819874,MGSM,0.4753,0.0,retired
Qwen2.5,Qwen2.5-7B,7.62,A100 80GB,Transformers,BF16,6144,1,38.76,211351.90918472654,MGSM,0.636,0.0,retired
Qwen2.5,Qwen2.5-14B,14.77,A100 80GB,Transformers,BF16,6144,1,20.51,399414.9195514383,MGSM,0.7468,0.0,retired
Qwen2.5,Qwen2.5-32B,32.76,A100 80GB,Transformers,BF16,6144,1,12.49,655884.707766213,MGSM,0.7812,0.0,retired
Qwen2.5,Qwen2.5-72B,72.71,A100 80GB,Transformers,BF16,6144,2,6.39,1282003.129890454,MGSM,0.8240000000000001,0.0,retired
Qwen2.5,Qwen2.5-0.5B,0.49,A100 80GB,Transformers,BF16,14336,1,47.11,347781.7873063044,MGSM,0.1207,0.0,retired
Qwen2.5,Qwen2.5-1.5B,1.54,A100 80GB,Transformers,BF16,14336,1,40.43,405243.63096710364,MGSM,0.3282,0.0,retired
Qwen2.5,Qwen2.5-3B,3.09,A100 80GB,Transformers,BF16,14336,1,31.72,516519.5460277428,MGSM,0.4753,0.0,retired
Qwen2.5,Qwen2.5-7B,7.62,A100 80GB,Transformers,BF16,14336,1,29.78,550167.8979180658,MGSM,0.636,0.0,retired
Qwen2.5,Qwen2.5-14B,14.77,A100 80GB,Transformers,BF16,14336,1,13.92,1177011.4942528736,MGSM,0.7468,0.0,retired
Qwen2.5,Qwen2.5-32B,32.76,A100 80GB,Transformers,BF16,14336,1,8.95,1830614.525139665,MGSM,0.7812,0.0,retired
Qwen2.5,Qwen2.5-72B,72.71,A100 80GB,Transformers,BF16,14336,3,4.25,3855058.8235294116,MGSM,0.8240000000000001,0.0,retired
Qwen2.5,Qwen2.5-0.5B,0.49,A100 80GB,Transformers,BF16,30720,1,47.16,694826.1238337575,MGSM,0.1207,0.0,retired
Qwen2.5,Qwen2.5-1.5B,1.54,A100 80GB,Transformers,BF16,30720,1,38.59,849131.8994558175,MGSM,0.3282,0.0,retired
Qwen2.5,Qwen2.5-3B,3.09,A100 80GB,Transformers,BF16,30720,1,25.37,1291604.2569964523,MGSM,0.4753,0.0,retired
Qwen2.5,Qwen2.5-7B,7.62,A100 80GB,Transformers,BF16,30720,1,18.83,1740201.805629315,MGSM,0.636,0.0,retired
Qwen2.5,Qwen2.5-14B,14.77,A100 80GB,Transformers,BF16,30720,1,8.2,3996097.5609756103,MGSM,0.7468,0.0,retired
Qwen2.5,Qwen2.5-32B,32.76,A100 80GB,Transformers,BF16,30720,1,5.59,5861896.243291592,MGSM,0.7812,0.0,retired
Qwen2.5,Qwen2.5-72B,72.71,A100 80GB,Transformers,BF16,30720,3,2.94,11145578.231292518,MGSM,0.8240000000000001,0.0,retired
Qwen2.5,Qwen2.5-0.5B,0.49,A100 80GB,vLLM,BF16,1,1,311.55,6576.793452094366,MGSM,0.1207,0.0,retired
Qwen2.5,Qwen2.5-1.5B,1.54,A100 80GB,vLLM,BF16,1,1,183.33,11176.566846669939,MGSM,0.3282,0.0,retired
Qwen2.5,Qwen2.5-3B,3.09,A100 80GB,vLLM,BF16,1,1,127.61,16056.735365566961,MGSM,0.4753,0.0,retired
Qwen2.5,Qwen2.5-7B,7.62,A100 80GB,vLLM,BF16,1,1,84.28,24311.817750355956,MGSM,0.636,0.0,retired
Qwen2.5,Qwen2.5-14B,14.77,A100 80GB,vLLM,BF16,1,1,46.3,44254.859611231106,MGSM,0.7468,0.0,retired
Qwen2.5,Qwen2.5-32B,32.76,A100 80GB,vLLM,BF16,1,1,22.13,92589.24536827835,MGSM,0.7812,0.0,retired
Qwen2.5,Qwen2.5-72B,72.71,A100 80GB,vLLM,BF16,1,2,18.19,112644.31006047278,MGSM,0.8240000000000001,0.0,retired
Qwen2.5,Qwen2.5-72B,72.71,A100 80GB,vLLM,BF16,1,4,31.37,65317.18202103921,MGSM,0.8240000000000001,0.0,retired
Qwen2.5,Qwen2.5-0.5B,0.49,A100 80GB,vLLM,BF16,6144,1,304.79,26877.522228419566,MGSM,0.1207,0.0,retired
Qwen2.5,Qwen2.5-1.5B,1.54,A100 80GB,vLLM,BF16,6144,1,176.68,46366.311976454606,MGSM,0.3282,0.0,retired
Qwen2.5,Qwen2.5-3B,3.09,A100 80GB,vLLM,BF16,6144,1,123.15,66520.50345107591,MGSM,0.4753,0.0,retired
Qwen2.5,Qwen2.5-7B,7.62,A100 80GB,vLLM,BF16,6144,1,80.7,101511.77199504337,MGSM,0.636,0.0,retired
Qwen2.5,Qwen2.5-14B,14.77,A100 80GB,vLLM,BF16,6144,1,43.83,186903.9470682181,MGSM,0.7468,0.0,retired
Qwen2.5,Qwen2.5-32B,32.76,A100 80GB,vLLM,BF16,6144,1,21.05,389168.6460807601,MGSM,0.7812,0.0,retired
Qwen2.5,Qwen2.5-72B,72.71,A100 80GB,vLLM,BF16,6144,4,29.9,273979.9331103679,MGSM,0.8240000000000001,0.0,retired
Qwen2.5,Qwen2.5-0.5B,0.49,A100 80GB,vLLM,BF16,14336,1,290.28,56442.05594598319,MGSM,0.1207,0.0,retired
Qwen2.5,Qwen2.5-1.5B,1.54,A100 80GB,vLLM,BF16,14336,1,168.69,97124.90366945285,MGSM,0.3282,0.0,retired
Qwen2.5,Qwen2.5-3B,3.09,A100 80GB,vLLM,BF16,14336,1,117.35,139616.5317426502,MGSM,0.4753,0.0,retired
Qwen2.5,Qwen2.5-7B,7.62,A100 80GB,vLLM,BF16,14336,1,77.69,210889.432359377,MGSM,0.636,0.0,retired
Qwen2.5,Qwen2.5-14B,14.77,A100 80GB,vLLM,BF16,14336,1,41.91,390932.95156287285,MGSM,0.7468,0.0,retired
Qwen2.5,Qwen2.5-32B,32.76,A100 80GB,vLLM,BF16,14336,1,19.91,822903.0637870417,MGSM,0.7812,0.0,retired
Qwen2.5,Qwen2.5-72B,72.71,A100 80GB,vLLM,BF16,14336,4,30.1,544318.9368770764,MGSM,0.8240000000000001,0.0,retired
Qwen2.5,Qwen2.5-0.5B,0.49,A100 80GB,vLLM,BF16,30720,1,264.51,123881.89482439228,MGSM,0.1207,0.0,retired
Qwen2.5,Qwen2.5-1.5B,1.54,A100 80GB,vLLM,BF16,30720,1,152.04,215522.23099184426,MGSM,0.3282,0.0,retired
Qwen2.5,Qwen2.5-3B,3.09,A100 80GB,vLLM,BF16,30720,1,105.88,309482.4329429543,MGSM,0.4753,0.0,retired
Qwen2.5,Qwen2.5-7B,7.62,A100 80GB,vLLM,BF16,30720,1,70.33,465917.81601023744,MGSM,0.636,0.0,retired
Qwen2.5,Qwen2.5-14B,14.77,A100 80GB,vLLM,BF16,30720,1,37.18,881334.0505648198,MGSM,0.7468,0.0,retired
Qwen2.5,Qwen2.5-32B,32.76,A100 80GB,vLLM,BF16,30720,2,31.82,1029792.5832809553,MGSM,0.7812,0.0,retired
Qwen2.5,Qwen2.5-72B,72.71,A100 80GB,vLLM,BF16,30720,4,27.53,1190265.1652742461,MGSM,0.8240000000000001,0.0,retired
Qwen2.5,Qwen2.5-7B,7.62,A100 80GB,vLLM,BF16,63488,1,50.86,1288556.822650413,MGSM,0.636,0.0,retired
Qwen2.5,Qwen2.5-14B,14.77,A100 80GB,vLLM,BF16,63488,1,26.85,2440819.3668528865,MGSM,0.7468,0.0,retired
Qwen2.5,Qwen2.5-32B,32.76,A100 80GB,vLLM,BF16,63488,2,24.45,2680408.9979550103,MGSM,0.7812,0.0,retired
Qwen2.5,Qwen2.5-72B,72.71,A100 80GB,vLLM,BF16,63488,4,20.74,3159884.281581485,MGSM,0.8240000000000001,0.0,retired
Qwen2.5,Qwen2.5-7B,7.62,A100 80GB,vLLM,BF16,129024,1,28.94,4529094.678645473,MGSM,0.636,0.0,retired
Qwen2.5,Qwen2.5-14B,14.77,A100 80GB,vLLM,BF16,129024,1,14.53,9020784.583620097,MGSM,0.7468,0.0,retired
Qwen2.5,Qwen2.5-32B,32.76,A100 80GB,vLLM,BF16,129024,2,14.31,9159468.902865129,MGSM,0.7812,0.0,retired
Qwen2.5,Qwen2.5-72B,72.71,A100 80GB,vLLM,BF16,129024,4,12.68,10336908.517350158,MGSM,0.8240000000000001,0.0,retired
Qwen2.5,Qwen2.5-0.5B,0.49,A100 80GB,Transformers,BF16,1,1,47.4,43227.84810126582,MMLU,0.475,0.25,retired
Qwen2.5,Qwen2.5-1.5B,1.54,A100 80GB,Transformers,BF16,1,1,39.68,51638.104838709674,MMLU,0.609,0.25,retired
Qwen2.5,Qwen2.5-3B,3.09,A100 80GB,Transformers,BF16,1,1,30.8,66525.97402597402,MMLU,0.6562,0.25,retired
Qwen2.5,Qwen2.5-7B,7.62,A100 80GB,Transformers,BF16,1,1,40.38,50742.942050520054,MMLU,0.7415999999999999,0.25,retired
Qwen2.5,Qwen2.5-14B,14.77,A100 80GB,Transformers,BF16,1,1,24.74,82821.341956346,MMLU,0.7966,0.25,retired
Qwen2.5,Qwen2.5-32B,32.76,A100 80GB,Transformers,BF16,1,1,17.54,116818.7001140251,MMLU,0.8331999999999999,0.25,retired
Qwen2.5,Qwen2.5-72B,72.71,A100 80GB,Transformers,BF16,1,2,8.73,234707.9037800687,MMLU,0.8606,0.25,retired
Qwen2.5,Qwen2.5-0.5B,0.49,A100 80GB,Transformers,BF16,6144,1,47.45,172644.8893572181,MMLU,0.475,0.25,retired
Qwen2.5,Qwen2.5-1.5B,1.54,A100 80GB,Transformers,BF16,6144,1,40.88,200391.3894324853,MMLU,0.609,0.25,retired
Qwen2.5,Qwen2.5-3B,3.09,A100 80GB,Transformers,BF16,6144,1,32.2,254409.93788819874,MMLU,0.6562,0.25,retired
Qwen2.5,Qwen2.5-7B,7.62,A100 80GB,Transformers,BF16,6144,1,38.76,211351.90918472654,MMLU,0.7415999999999999,0.25,retired
Qwen2.5,Qwen2.5-14B,14.77,A100 80GB,Transformers,BF16,6144,1,20.51,399414.9195514383,MMLU,0.7966,0.25,retired
Qwen2.5,Qwen2.5-32B,32.76,A100 80GB,Transformers,BF16,6144,1,12.49,655884.707766213,MMLU,0.8331999999999999,0.25,retired
Qwen2.5,Qwen2.5-72B,72.71,A100 80GB,Transformers,BF16,6144,2,6.39,1282003.129890454,MMLU,0.8606,0.25,retired
Qwen2.5,Qwen2.5-0.5B,0.49,A100 80GB,Transformers,BF16,14336,1,47.11,347781.7873063044,MMLU,0.475,0.25,retired
Qwen2.5,Qwen2.5-1.5B,1.54,A100 80GB,Transformers,BF16,14336,1,40.43,405243.63096710364,MMLU,0.609,0.25,retired
Qwen2.5,Qwen2.5-3B,3.09,A100 80GB,Transformers,BF16,14336,1,31.72,516519.5460277428,MMLU,0.6562,0.25,retired
Qwen2.5,Qwen2.5-7B,7.62,A100 80GB,Transformers,BF16,14336,1,29.78,550167.8979180658,MMLU,0.7415999999999999,0.25,retired
Qwen2.5,Qwen2.5-14B,14.77,A100 80GB,Transformers,BF16,14336,1,13.92,1177011.4942528736,MMLU,0.7966,0.25,retired
Qwen2.5,Qwen2.5-32B,32.76,A100 80GB,Transformers,BF16,14336,1,8.95,1830614.525139665,MMLU,0.8331999999999999,0.25,retired
Qwen2.5,Qwen2.5-72B,72.71,A100 80GB,Transformers,BF16,14336,3,4.25,3855058.8235294116,MMLU,0.8606,0.25,retired
Qwen2.5,Qwen2.5-0.5B,0.49,A100 80GB,Transformers,BF16,30720,1,47.16,694826.1238337575,MMLU,0.475,0.25,retired
Qwen2.5,Qwen2.5-1.5B,1.54,A100 80GB,Transformers,BF16,30720,1,38.59,849131.8994558175,MMLU,0.609,0.25,retired
Qwen2.5,Qwen2.5-3B,3.09,A100 80GB,Transformers,BF16,30720,1,25.37,1291604.2569964523,MMLU,0.6562,0.25,retired
Qwen2.5,Qwen2.5-7B,7.62,A100 80GB,Transformers,BF16,30720,1,18.83,1740201.805629315,MMLU,0.7415999999999999,0.25,retired
Qwen2.5,Qwen2.5-14B,14.77,A100 80GB,Transformers,BF16,30720,1,8.2,3996097.5609756103,MMLU,0.7966,0.25,retired
Qwen2.5,Qwen2.5-32B,32.76,A100 80GB,Transformers,BF16,30720,1,5.59,5861896.243291592,MMLU,0.8331999999999999,0.25,retired
Qwen2.5,Qwen2.5-72B,72.71,A100 80GB,Transformers,BF16,30720,3,2.94,11145578.231292518,MMLU,0.8606,0.25,retired
Qwen2.5,Qwen2.5-0.5B,0.49,A100 80GB,vLLM,BF16,1,1,311.55,6576.793452094366,MMLU,0.475,0.25,retired
Qwen2.5,Qwen2.5-1.5B,1.54,A100 80GB,vLLM,BF16,1,1,183.33,11176.566846669939,MMLU,0.609,0.25,retired
Qwen2.5,Qwen2.5-3B,3.09,A100 80GB,vLLM,BF16,1,1,127.61,16056.735365566961,MMLU,0.6562,0.25,retired
Qwen2.5,Qwen2.5-7B,7.62,A100 80GB,vLLM,BF16,1,1,84.28,24311.817750355956,MMLU,0.7415999999999999,0.25,retired
Qwen2.5,Qwen2.5-14B,14.77,A100 80GB,vLLM,BF16,1,1,46.3,44254.859611231106,MMLU,0.7966,0.25,retired
Qwen2.5,Qwen2.5-32B,32.76,A100 80GB,vLLM,BF16,1,1,22.13,92589.24536827835,MMLU,0.8331999999999999,0.25,retired
Qwen2.5,Qwen2.5-72B,72.71,A100 80GB,vLLM,BF16,1,2,18.19,112644.31006047278,MMLU,0.8606,0.25,retired
Qwen2.5,Qwen2.5-72B,72.71,A100 80GB,vLLM,BF16,1,4,31.37,65317.18202103921,MMLU,0.8606,0.25,retired
Qwen2.5,Qwen2.5-0.5B,0.49,A100 80GB,vLLM,BF16,6144,1,304.79,26877.522228419566,MMLU,0.475,0.25,retired
Qwen2.5,Qwen2.5-1.5B,1.54,A100 80GB,vLLM,BF16,6144,1,176.68,46366.311976454606,MMLU,0.609,0.25,retired
Qwen2.5,Qwen2.5-3B,3.09,A100 80GB,vLLM,BF16,6144,1,123.15,66520.50345107591,MMLU,0.6562,0.25,retired
Qwen2.5,Qwen2.5-7B,7.62,A100 80GB,vLLM,BF16,6144,1,80.7,101511.77199504337,MMLU,0.7415999999999999,0.25,retired
Qwen2.5,Qwen2.5-14B,14.77,A100 80GB,vLLM,BF16,6144,1,43.83,186903.9470682181,MMLU,0.7966,0.25,retired
Qwen2.5,Qwen2.5-32B,32.76,A100 80GB,vLLM,BF16,6144,1,21.05,389168.6460807601,MMLU,0.8331999999999999,0.25,retired
Qwen2.5,Qwen2.5-72B,72.71,A100 80GB,vLLM,BF16,6144,4,29.9,273979.9331103679,MMLU,0.8606,0.25,retired
Qwen2.5,Qwen2.5-0.5B,0.49,A100 80GB,vLLM,BF16,14336,1,290.28,56442.05594598319,MMLU,0.475,0.25,retired
Qwen2.5,Qwen2.5-1.5B,1.54,A100 80GB,vLLM,BF16,14336,1,168.69,97124.90366945285,MMLU,0.609,0.25,retired
Qwen2.5,Qwen2.5-3B,3.09,A100 80GB,vLLM,BF16,14336,1,117.35,139616.5317426502,MMLU,0.6562,0.25,retired
Qwen2.5,Qwen2.5-7B,7.62,A100 80GB,vLLM,BF16,14336,1,77.69,210889.432359377,MMLU,0.7415999999999999,0.25,retired
Qwen2.5,Qwen2.5-14B,14.77,A100 80GB,vLLM,BF16,14336,1,41.91,390932.95156287285,MMLU,0.7966,0.25,retired
Qwen2.5,Qwen2.5-32B,32.76,A100 80GB,vLLM,BF16,14336,1,19.91,822903.0637870417,MMLU,0.8331999999999999,0.25,retired
Qwen2.5,Qwen2.5-72B,72.71,A100 80GB,vLLM,BF16,14336,4,30.1,544318.9368770764,MMLU,0.8606,0.25,retired
Qwen2.5,Qwen2.5-0.5B,0.49,A100 80GB,vLLM,BF16,30720,1,264.51,123881.89482439228,MMLU,0.475,0.25,retired
Qwen2.5,Qwen2.5-1.5B,1.54,A100 80GB,vLLM,BF16,30720,1,152.04,215522.23099184426,MMLU,0.609,0.25,retired
Qwen2.5,Qwen2.5-3B,3.09,A100 80GB,vLLM,BF16,30720,1,105.88,309482.4329429543,MMLU,0.6562,0.25,retired
Qwen2.5,Qwen2.5-7B,7.62,A100 80GB,vLLM,BF16,30720,1,70.33,465917.81601023744,MMLU,0.7415999999999999,0.25,retired
Qwen2.5,Qwen2.5-14B,14.77,A100 80GB,vLLM,BF16,30720,1,37.18,881334.0505648198,MMLU,0.7966,0.25,retired
Qwen2.5,Qwen2.5-32B,32.76,A100 80GB,vLLM,BF16,30720,2,31.82,1029792.5832809553,MMLU,0.8331999999999999,0.25,retired
Qwen2.5,Qwen2.5-72B,72.71,A100 80GB,vLLM,BF16,30720,4,27.53,1190265.1652742461,MMLU,0.8606,0.25,retired
Qwen2.5,Qwen2.5-7B,7.62,A100 80GB,vLLM,BF16,63488,1,50.86,1288556.822650413,MMLU,0.7415999999999999,0.25,retired
Qwen2.5,Qwen2.5-14B,14.77,A100 80GB,vLLM,BF16,63488,1,26.85,2440819.3668528865,MMLU,0.7966,0.25,retired
Qwen2.5,Qwen2.5-32B,32.76,A100 80GB,vLLM,BF16,63488,2,24.45,2680408.9979550103,MMLU,0.8331999999999999,0.25,retired
Qwen2.5,Qwen2.5-72B,72.71,A100 80GB,vLLM,BF16,63488,4,20.74,3159884.281581485,MMLU,0.8606,0.25,retired
Qwen2.5,Qwen2.5-7B,7.62,A100 80GB,vLLM,BF16,129024,1,28.94,4529094.678645473,MMLU,0.7415999999999999,0.25,retired
Qwen2.5,Qwen2.5-14B,14.77,A100 80GB,vLLM,BF16,129024,1,14.53,9020784.583620097,MMLU,0.7966,0.25,retired
Qwen2.5,Qwen2.5-32B,32.76,A100 80GB,vLLM,BF16,129024,2,14.31,9159468.902865129,MMLU,0.8331999999999999,0.25,retired
Qwen2.5,Qwen2.5-72B,72.71,A100 80GB,vLLM,BF16,129024,4,12.68,10336908.517350158,MMLU,0.8606,0.25,retired
Qwen2.5,Qwen2.5-0.5B,0.49,A100 80GB,Transformers,BF16,1,1,47.4,43227.84810126582,MMLU-Pro,0.15689999999999998,0.1,headroom
Qwen2.5,Qwen2.5-1.5B,1.54,A100 80GB,Transformers,BF16,1,1,39.68,51638.104838709674,MMLU-Pro,0.2853,0.1,headroom
Qwen2.5,Qwen2.5-3B,3.09,A100 80GB,Transformers,BF16,1,1,30.8,66525.97402597402,MMLU-Pro,0.3461,0.1,headroom
Qwen2.5,Qwen2.5-7B,7.62,A100 80GB,Transformers,BF16,1,1,40.38,50742.942050520054,MMLU-Pro,0.45,0.1,headroom
Qwen2.5,Qwen2.5-14B,14.77,A100 80GB,Transformers,BF16,1,1,24.74,82821.341956346,MMLU-Pro,0.5115999999999999,0.1,headroom
Qwen2.5,Qwen2.5-32B,32.76,A100 80GB,Transformers,BF16,1,1,17.54,116818.7001140251,MMLU-Pro,0.551,0.1,headroom
Qwen2.5,Qwen2.5-72B,72.71,A100 80GB,Transformers,BF16,1,2,8.73,234707.9037800687,MMLU-Pro,0.5807,0.1,headroom
Qwen2.5,Qwen2.5-0.5B,0.49,A100 80GB,Transformers,BF16,6144,1,47.45,172644.8893572181,MMLU-Pro,0.15689999999999998,0.1,headroom
Qwen2.5,Qwen2.5-1.5B,1.54,A100 80GB,Transformers,BF16,6144,1,40.88,200391.3894324853,MMLU-Pro,0.2853,0.1,headroom
Qwen2.5,Qwen2.5-3B,3.09,A100 80GB,Transformers,BF16,6144,1,32.2,254409.93788819874,MMLU-Pro,0.3461,0.1,headroom
Qwen2.5,Qwen2.5-7B,7.62,A100 80GB,Transformers,BF16,6144,1,38.76,211351.90918472654,MMLU-Pro,0.45,0.1,headroom
Qwen2.5,Qwen2.5-14B,14.77,A100 80GB,Transformers,BF16,6144,1,20.51,399414.9195514383,MMLU-Pro,0.5115999999999999,0.1,headroom
Qwen2.5,Qwen2.5-32B,32.76,A100 80GB,Transformers,BF16,6144,1,12.49,655884.707766213,MMLU-Pro,0.551,0.1,headroom
Qwen2.5,Qwen2.5-72B,72.71,A100 80GB,Transformers,BF16,6144,2,6.39,1282003.129890454,MMLU-Pro,0.5807,0.1,headroom
Qwen2.5,Qwen2.5-0.5B,0.49,A100 80GB,Transformers,BF16,14336,1,47.11,347781.7873063044,MMLU-Pro,0.15689999999999998,0.1,headroom
Qwen2.5,Qwen2.5-1.5B,1.54,A100 80GB,Transformers,BF16,14336,1,40.43,405243.63096710364,MMLU-Pro,0.2853,0.1,headroom
Qwen2.5,Qwen2.5-3B,3.09,A100 80GB,Transformers,BF16,14336,1,31.72,516519.5460277428,MMLU-Pro,0.3461,0.1,headroom
Qwen2.5,Qwen2.5-7B,7.62,A100 80GB,Transformers,BF16,14336,1,29.78,550167.8979180658,MMLU-Pro,0.45,0.1,headroom
Qwen2.5,Qwen2.5-14B,14.77,A100 80GB,Transformers,BF16,14336,1,13.92,1177011.4942528736,MMLU-Pro,0.5115999999999999,0.1,headroom
Qwen2.5,Qwen2.5-32B,32.76,A100 80GB,Transformers,BF16,14336,1,8.95,1830614.525139665,MMLU-Pro,0.551,0.1,headroom
Qwen2.5,Qwen2.5-72B,72.71,A100 80GB,Transformers,BF16,14336,3,4.25,3855058.8235294116,MMLU-Pro,0.5807,0.1,headroom
Qwen2.5,Qwen2.5-0.5B,0.49,A100 80GB,Transformers,BF16,30720,1,47.16,694826.1238337575,MMLU-Pro,0.15689999999999998,0.1,headroom
Qwen2.5,Qwen2.5-1.5B,1.54,A100 80GB,Transformers,BF16,30720,1,38.59,849131.8994558175,MMLU-Pro,0.2853,0.1,headroom
Qwen2.5,Qwen2.5-3B,3.09,A100 80GB,Transformers,BF16,30720,1,25.37,1291604.2569964523,MMLU-Pro,0.3461,0.1,headroom
Qwen2.5,Qwen2.5-7B,7.62,A100 80GB,Transformers,BF16,30720,1,18.83,1740201.805629315,MMLU-Pro,0.45,0.1,headroom
Qwen2.5,Qwen2.5-14B,14.77,A100 80GB,Transformers,BF16,30720,1,8.2,3996097.5609756103,MMLU-Pro,0.5115999999999999,0.1,headroom
Qwen2.5,Qwen2.5-32B,32.76,A100 80GB,Transformers,BF16,30720,1,5.59,5861896.243291592,MMLU-Pro,0.551,0.1,headroom
Qwen2.5,Qwen2.5-72B,72.71,A100 80GB,Transformers,BF16,30720,3,2.94,11145578.231292518,MMLU-Pro,0.5807,0.1,headroom
Qwen2.5,Qwen2.5-0.5B,0.49,A100 80GB,vLLM,BF16,1,1,311.55,6576.793452094366,MMLU-Pro,0.15689999999999998,0.1,headroom
Qwen2.5,Qwen2.5-1.5B,1.54,A100 80GB,vLLM,BF16,1,1,183.33,11176.566846669939,MMLU-Pro,0.2853,0.1,headroom
Qwen2.5,Qwen2.5-3B,3.09,A100 80GB,vLLM,BF16,1,1,127.61,16056.735365566961,MMLU-Pro,0.3461,0.1,headroom
Qwen2.5,Qwen2.5-7B,7.62,A100 80GB,vLLM,BF16,1,1,84.28,24311.817750355956,MMLU-Pro,0.45,0.1,headroom
Qwen2.5,Qwen2.5-14B,14.77,A100 80GB,vLLM,BF16,1,1,46.3,44254.859611231106,MMLU-Pro,0.5115999999999999,0.1,headroom
Qwen2.5,Qwen2.5-32B,32.76,A100 80GB,vLLM,BF16,1,1,22.13,92589.24536827835,MMLU-Pro,0.551,0.1,headroom
Qwen2.5,Qwen2.5-72B,72.71,A100 80GB,vLLM,BF16,1,2,18.19,112644.31006047278,MMLU-Pro,0.5807,0.1,headroom
Qwen2.5,Qwen2.5-72B,72.71,A100 80GB,vLLM,BF16,1,4,31.37,65317.18202103921,MMLU-Pro,0.5807,0.1,headroom
Qwen2.5,Qwen2.5-0.5B,0.49,A100 80GB,vLLM,BF16,6144,1,304.79,26877.522228419566,MMLU-Pro,0.15689999999999998,0.1,headroom
Qwen2.5,Qwen2.5-1.5B,1.54,A100 80GB,vLLM,BF16,6144,1,176.68,46366.311976454606,MMLU-Pro,0.2853,0.1,headroom
Qwen2.5,Qwen2.5-3B,3.09,A100 80GB,vLLM,BF16,6144,1,123.15,66520.50345107591,MMLU-Pro,0.3461,0.1,headroom
Qwen2.5,Qwen2.5-7B,7.62,A100 80GB,vLLM,BF16,6144,1,80.7,101511.77199504337,MMLU-Pro,0.45,0.1,headroom
Qwen2.5,Qwen2.5-14B,14.77,A100 80GB,vLLM,BF16,6144,1,43.83,186903.9470682181,MMLU-Pro,0.5115999999999999,0.1,headroom
Qwen2.5,Qwen2.5-32B,32.76,A100 80GB,vLLM,BF16,6144,1,21.05,389168.6460807601,MMLU-Pro,0.551,0.1,headroom
Qwen2.5,Qwen2.5-72B,72.71,A100 80GB,vLLM,BF16,6144,4,29.9,273979.9331103679,MMLU-Pro,0.5807,0.1,headroom
Qwen2.5,Qwen2.5-0.5B,0.49,A100 80GB,vLLM,BF16,14336,1,290.28,56442.05594598319,MMLU-Pro,0.15689999999999998,0.1,headroom
Qwen2.5,Qwen2.5-1.5B,1.54,A100 80GB,vLLM,BF16,14336,1,168.69,97124.90366945285,MMLU-Pro,0.2853,0.1,headroom
Qwen2.5,Qwen2.5-3B,3.09,A100 80GB,vLLM,BF16,14336,1,117.35,139616.5317426502,MMLU-Pro,0.3461,0.1,headroom
Qwen2.5,Qwen2.5-7B,7.62,A100 80GB,vLLM,BF16,14336,1,77.69,210889.432359377,MMLU-Pro,0.45,0.1,headroom
Qwen2.5,Qwen2.5-14B,14.77,A100 80GB,vLLM,BF16,14336,1,41.91,390932.95156287285,MMLU-Pro,0.5115999999999999,0.1,headroom
Qwen2.5,Qwen2.5-32B,32.76,A100 80GB,vLLM,BF16,14336,1,19.91,822903.0637870417,MMLU-Pro,0.551,0.1,headroom
Qwen2.5,Qwen2.5-72B,72.71,A100 80GB,vLLM,BF16,14336,4,30.1,544318.9368770764,MMLU-Pro,0.5807,0.1,headroom
Qwen2.5,Qwen2.5-0.5B,0.49,A100 80GB,vLLM,BF16,30720,1,264.51,123881.89482439228,MMLU-Pro,0.15689999999999998,0.1,headroom
Qwen2.5,Qwen2.5-1.5B,1.54,A100 80GB,vLLM,BF16,30720,1,152.04,215522.23099184426,MMLU-Pro,0.2853,0.1,headroom
Qwen2.5,Qwen2.5-3B,3.09,A100 80GB,vLLM,BF16,30720,1,105.88,309482.4329429543,MMLU-Pro,0.3461,0.1,headroom
Qwen2.5,Qwen2.5-7B,7.62,A100 80GB,vLLM,BF16,30720,1,70.33,465917.81601023744,MMLU-Pro,0.45,0.1,headroom
Qwen2.5,Qwen2.5-14B,14.77,A100 80GB,vLLM,BF16,30720,1,37.18,881334.0505648198,MMLU-Pro,0.5115999999999999,0.1,headroom
Qwen2.5,Qwen2.5-32B,32.76,A100 80GB,vLLM,BF16,30720,2,31.82,1029792.5832809553,MMLU-Pro,0.551,0.1,headroom
Qwen2.5,Qwen2.5-72B,72.71,A100 80GB,vLLM,BF16,30720,4,27.53,1190265.1652742461,MMLU-Pro,0.5807,0.1,headroom
Qwen2.5,Qwen2.5-7B,7.62,A100 80GB,vLLM,BF16,63488,1,50.86,1288556.822650413,MMLU-Pro,0.45,0.1,headroom
Qwen2.5,Qwen2.5-14B,14.77,A100 80GB,vLLM,BF16,63488,1,26.85,2440819.3668528865,MMLU-Pro,0.5115999999999999,0.1,headroom
Qwen2.5,Qwen2.5-32B,32.76,A100 80GB,vLLM,BF16,63488,2,24.45,2680408.9979550103,MMLU-Pro,0.551,0.1,headroom
Qwen2.5,Qwen2.5-72B,72.71,A100 80GB,vLLM,BF16,63488,4,20.74,3159884.281581485,MMLU-Pro,0.5807,0.1,headroom
Qwen2.5,Qwen2.5-7B,7.62,A100 80GB,vLLM,BF16,129024,1,28.94,4529094.678645473,MMLU-Pro,0.45,0.1,headroom
Qwen2.5,Qwen2.5-14B,14.77,A100 80GB,vLLM,BF16,129024,1,14.53,9020784.583620097,MMLU-Pro,0.5115999999999999,0.1,headroom
Qwen2.5,Qwen2.5-32B,32.76,A100 80GB,vLLM,BF16,129024,2,14.31,9159468.902865129,MMLU-Pro,0.551,0.1,headroom
Qwen2.5,Qwen2.5-72B,72.71,A100 80GB,vLLM,BF16,129024,4,12.68,10336908.517350158,MMLU-Pro,0.5807,0.1,headroom
Qwen2.5,Qwen2.5-0.5B,0.49,A100 80GB,Transformers,BF16,1,1,47.4,43227.84810126582,MMLU-Redux,0.451,0.25,retired
Qwen2.5,Qwen2.5-1.5B,1.54,A100 80GB,Transformers,BF16,1,1,39.68,51638.104838709674,MMLU-Redux,0.5846,0.25,retired
Qwen2.5,Qwen2.5-3B,3.09,A100 80GB,Transformers,BF16,1,1,30.8,66525.97402597402,MMLU-Redux,0.6368,0.25,retired
Qwen2.5,Qwen2.5-7B,7.62,A100 80GB,Transformers,BF16,1,1,40.38,50742.942050520054,MMLU-Redux,0.7106,0.25,retired
Qwen2.5,Qwen2.5-14B,14.77,A100 80GB,Transformers,BF16,1,1,24.74,82821.341956346,MMLU-Redux,0.7664,0.25,retired
Qwen2.5,Qwen2.5-32B,32.76,A100 80GB,Transformers,BF16,1,1,17.54,116818.7001140251,MMLU-Redux,0.8197,0.25,retired
Qwen2.5,Qwen2.5-72B,72.71,A100 80GB,Transformers,BF16,1,2,8.73,234707.9037800687,MMLU-Redux,0.8391,0.25,retired
Qwen2.5,Qwen2.5-0.5B,0.49,A100 80GB,Transformers,BF16,6144,1,47.45,172644.8893572181,MMLU-Redux,0.451,0.25,retired
Qwen2.5,Qwen2.5-1.5B,1.54,A100 80GB,Transformers,BF16,6144,1,40.88,200391.3894324853,MMLU-Redux,0.5846,0.25,retired
Qwen2.5,Qwen2.5-3B,3.09,A100 80GB,Transformers,BF16,6144,1,32.2,254409.93788819874,MMLU-Redux,0.6368,0.25,retired
Qwen2.5,Qwen2.5-7B,7.62,A100 80GB,Transformers,BF16,6144,1,38.76,211351.90918472654,MMLU-Redux,0.7106,0.25,retired
Qwen2.5,Qwen2.5-14B,14.77,A100 80GB,Transformers,BF16,6144,1,20.51,399414.9195514383,MMLU-Redux,0.7664,0.25,retired
Qwen2.5,Qwen2.5-32B,32.76,A100 80GB,Transformers,BF16,6144,1,12.49,655884.707766213,MMLU-Redux,0.8197,0.25,retired
Qwen2.5,Qwen2.5-72B,72.71,A100 80GB,Transformers,BF16,6144,2,6.39,1282003.129890454,MMLU-Redux,0.8391,0.25,retired
Qwen2.5,Qwen2.5-0.5B,0.49,A100 80GB,Transformers,BF16,14336,1,47.11,347781.7873063044,MMLU-Redux,0.451,0.25,retired
Qwen2.5,Qwen2.5-1.5B,1.54,A100 80GB,Transformers,BF16,14336,1,40.43,405243.63096710364,MMLU-Redux,0.5846,0.25,retired
Qwen2.5,Qwen2.5-3B,3.09,A100 80GB,Transformers,BF16,14336,1,31.72,516519.5460277428,MMLU-Redux,0.6368,0.25,retired
Qwen2.5,Qwen2.5-7B,7.62,A100 80GB,Transformers,BF16,14336,1,29.78,550167.8979180658,MMLU-Redux,0.7106,0.25,retired
Qwen2.5,Qwen2.5-14B,14.77,A100 80GB,Transformers,BF16,14336,1,13.92,1177011.4942528736,MMLU-Redux,0.7664,0.25,retired
Qwen2.5,Qwen2.5-32B,32.76,A100 80GB,Transformers,BF16,14336,1,8.95,1830614.525139665,MMLU-Redux,0.8197,0.25,retired
Qwen2.5,Qwen2.5-72B,72.71,A100 80GB,Transformers,BF16,14336,3,4.25,3855058.8235294116,MMLU-Redux,0.8391,0.25,retired
Qwen2.5,Qwen2.5-0.5B,0.49,A100 80GB,Transformers,BF16,30720,1,47.16,694826.1238337575,MMLU-Redux,0.451,0.25,retired
Qwen2.5,Qwen2.5-1.5B,1.54,A100 80GB,Transformers,BF16,30720,1,38.59,849131.8994558175,MMLU-Redux,0.5846,0.25,retired
Qwen2.5,Qwen2.5-3B,3.09,A100 80GB,Transformers,BF16,30720,1,25.37,1291604.2569964523,MMLU-Redux,0.6368,0.25,retired
Qwen2.5,Qwen2.5-7B,7.62,A100 80GB,Transformers,BF16,30720,1,18.83,1740201.805629315,MMLU-Redux,0.7106,0.25,retired
Qwen2.5,Qwen2.5-14B,14.77,A100 80GB,Transformers,BF16,30720,1,8.2,3996097.5609756103,MMLU-Redux,0.7664,0.25,retired
Qwen2.5,Qwen2.5-32B,32.76,A100 80GB,Transformers,BF16,30720,1,5.59,5861896.243291592,MMLU-Redux,0.8197,0.25,retired
Qwen2.5,Qwen2.5-72B,72.71,A100 80GB,Transformers,BF16,30720,3,2.94,11145578.231292518,MMLU-Redux,0.8391,0.25,retired
Qwen2.5,Qwen2.5-0.5B,0.49,A100 80GB,vLLM,BF16,1,1,311.55,6576.793452094366,MMLU-Redux,0.451,0.25,retired
Qwen2.5,Qwen2.5-1.5B,1.54,A100 80GB,vLLM,BF16,1,1,183.33,11176.566846669939,MMLU-Redux,0.5846,0.25,retired
Qwen2.5,Qwen2.5-3B,3.09,A100 80GB,vLLM,BF16,1,1,127.61,16056.735365566961,MMLU-Redux,0.6368,0.25,retired
Qwen2.5,Qwen2.5-7B,7.62,A100 80GB,vLLM,BF16,1,1,84.28,24311.817750355956,MMLU-Redux,0.7106,0.25,retired
Qwen2.5,Qwen2.5-14B,14.77,A100 80GB,vLLM,BF16,1,1,46.3,44254.859611231106,MMLU-Redux,0.7664,0.25,retired
Qwen2.5,Qwen2.5-32B,32.76,A100 80GB,vLLM,BF16,1,1,22.13,92589.24536827835,MMLU-Redux,0.8197,0.25,retired
Qwen2.5,Qwen2.5-72B,72.71,A100 80GB,vLLM,BF16,1,2,18.19,112644.31006047278,MMLU-Redux,0.8391,0.25,retired
Qwen2.5,Qwen2.5-72B,72.71,A100 80GB,vLLM,BF16,1,4,31.37,65317.18202103921,MMLU-Redux,0.8391,0.25,retired
Qwen2.5,Qwen2.5-0.5B,0.49,A100 80GB,vLLM,BF16,6144,1,304.79,26877.522228419566,MMLU-Redux,0.451,0.25,retired
Qwen2.5,Qwen2.5-1.5B,1.54,A100 80GB,vLLM,BF16,6144,1,176.68,46366.311976454606,MMLU-Redux,0.5846,0.25,retired
Qwen2.5,Qwen2.5-3B,3.09,A100 80GB,vLLM,BF16,6144,1,123.15,66520.50345107591,MMLU-Redux,0.6368,0.25,retired
Qwen2.5,Qwen2.5-7B,7.62,A100 80GB,vLLM,BF16,6144,1,80.7,101511.77199504337,MMLU-Redux,0.7106,0.25,retired
Qwen2.5,Qwen2.5-14B,14.77,A100 80GB,vLLM,BF16,6144,1,43.83,186903.9470682181,MMLU-Redux,0.7664,0.25,retired
Qwen2.5,Qwen2.5-32B,32.76,A100 80GB,vLLM,BF16,6144,1,21.05,389168.6460807601,MMLU-Redux,0.8197,0.25,retired
Qwen2.5,Qwen2.5-72B,72.71,A100 80GB,vLLM,BF16,6144,4,29.9,273979.9331103679,MMLU-Redux,0.8391,0.25,retired
Qwen2.5,Qwen2.5-0.5B,0.49,A100 80GB,vLLM,BF16,14336,1,290.28,56442.05594598319,MMLU-Redux,0.451,0.25,retired
Qwen2.5,Qwen2.5-1.5B,1.54,A100 80GB,vLLM,BF16,14336,1,168.69,97124.90366945285,MMLU-Redux,0.5846,0.25,retired
Qwen2.5,Qwen2.5-3B,3.09,A100 80GB,vLLM,BF16,14336,1,117.35,139616.5317426502,MMLU-Redux,0.6368,0.25,retired
Qwen2.5,Qwen2.5-7B,7.62,A100 80GB,vLLM,BF16,14336,1,77.69,210889.432359377,MMLU-Redux,0.7106,0.25,retired
Qwen2.5,Qwen2.5-14B,14.77,A100 80GB,vLLM,BF16,14336,1,41.91,390932.95156287285,MMLU-Redux,0.7664,0.25,retired
Qwen2.5,Qwen2.5-32B,32.76,A100 80GB,vLLM,BF16,14336,1,19.91,822903.0637870417,MMLU-Redux,0.8197,0.25,retired
Qwen2.5,Qwen2.5-72B,72.71,A100 80GB,vLLM,BF16,14336,4,30.1,544318.9368770764,MMLU-Redux,0.8391,0.25,retired
Qwen2.5,Qwen2.5-0.5B,0.49,A100 80GB,vLLM,BF16,30720,1,264.51,123881.89482439228,MMLU-Redux,0.451,0.25,retired
Qwen2.5,Qwen2.5-1.5B,1.54,A100 80GB,vLLM,BF16,30720,1,152.04,215522.23099184426,MMLU-Redux,0.5846,0.25,retired
Qwen2.5,Qwen2.5-3B,3.09,A100 80GB,vLLM,BF16,30720,1,105.88,309482.4329429543,MMLU-Redux,0.6368,0.25,retired
Qwen2.5,Qwen2.5-7B,7.62,A100 80GB,vLLM,BF16,30720,1,70.33,465917.81601023744,MMLU-Redux,0.7106,0.25,retired
Qwen2.5,Qwen2.5-14B,14.77,A100 80GB,vLLM,BF16,30720,1,37.18,881334.0505648198,MMLU-Redux,0.7664,0.25,retired
Qwen2.5,Qwen2.5-32B,32.76,A100 80GB,vLLM,BF16,30720,2,31.82,1029792.5832809553,MMLU-Redux,0.8197,0.25,retired
Qwen2.5,Qwen2.5-72B,72.71,A100 80GB,vLLM,BF16,30720,4,27.53,1190265.1652742461,MMLU-Redux,0.8391,0.25,retired
Qwen2.5,Qwen2.5-7B,7.62,A100 80GB,vLLM,BF16,63488,1,50.86,1288556.822650413,MMLU-Redux,0.7106,0.25,retired
Qwen2.5,Qwen2.5-14B,14.77,A100 80GB,vLLM,BF16,63488,1,26.85,2440819.3668528865,MMLU-Redux,0.7664,0.25,retired
Qwen2.5,Qwen2.5-32B,32.76,A100 80GB,vLLM,BF16,63488,2,24.45,2680408.9979550103,MMLU-Redux,0.8197,0.25,retired
Qwen2.5,Qwen2.5-72B,72.71,A100 80GB,vLLM,BF16,63488,4,20.74,3159884.281581485,MMLU-Redux,0.8391,0.25,retired
Qwen2.5,Qwen2.5-7B,7.62,A100 80GB,vLLM,BF16,129024,1,28.94,4529094.678645473,MMLU-Redux,0.7106,0.25,retired
Qwen2.5,Qwen2.5-14B,14.77,A100 80GB,vLLM,BF16,129024,1,14.53,9020784.583620097,MMLU-Redux,0.7664,0.25,retired
Qwen2.5,Qwen2.5-32B,32.76,A100 80GB,vLLM,BF16,129024,2,14.31,9159468.902865129,MMLU-Redux,0.8197,0.25,retired
Qwen2.5,Qwen2.5-72B,72.71,A100 80GB,vLLM,BF16,129024,4,12.68,10336908.517350158,MMLU-Redux,0.8391,0.25,retired
Qwen2.5,Qwen2.5-0.5B,0.49,A100 80GB,Transformers,BF16,1,1,47.4,43227.84810126582,MMMLU,0.3153,0.25,retired
Qwen2.5,Qwen2.5-1.5B,1.54,A100 80GB,Transformers,BF16,1,1,39.68,51638.104838709674,MMMLU,0.6027,0.25,retired
Qwen2.5,Qwen2.5-3B,3.09,A100 80GB,Transformers,BF16,1,1,30.8,66525.97402597402,MMMLU,0.6555,0.25,retired
Qwen2.5,Qwen2.5-7B,7.62,A100 80GB,Transformers,BF16,1,1,40.38,50742.942050520054,MMMLU,0.7134,0.25,retired
Qwen2.5,Qwen2.5-14B,14.77,A100 80GB,Transformers,BF16,1,1,24.74,82821.341956346,MMMLU,0.7834,0.25,retired
Qwen2.5,Qwen2.5-32B,32.76,A100 80GB,Transformers,BF16,1,1,17.54,116818.7001140251,MMMLU,0.8240000000000001,0.25,retired
Qwen2.5,Qwen2.5-72B,72.71,A100 80GB,Transformers,BF16,1,2,8.73,234707.9037800687,MMMLU,0.8440000000000001,0.25,retired
Qwen2.5,Qwen2.5-0.5B,0.49,A100 80GB,Transformers,BF16,6144,1,47.45,172644.8893572181,MMMLU,0.3153,0.25,retired
Qwen2.5,Qwen2.5-1.5B,1.54,A100 80GB,Transformers,BF16,6144,1,40.88,200391.3894324853,MMMLU,0.6027,0.25,retired
Qwen2.5,Qwen2.5-3B,3.09,A100 80GB,Transformers,BF16,6144,1,32.2,254409.93788819874,MMMLU,0.6555,0.25,retired
Qwen2.5,Qwen2.5-7B,7.62,A100 80GB,Transformers,BF16,6144,1,38.76,211351.90918472654,MMMLU,0.7134,0.25,retired
Qwen2.5,Qwen2.5-14B,14.77,A100 80GB,Transformers,BF16,6144,1,20.51,399414.9195514383,MMMLU,0.7834,0.25,retired
Qwen2.5,Qwen2.5-32B,32.76,A100 80GB,Transformers,BF16,6144,1,12.49,655884.707766213,MMMLU,0.8240000000000001,0.25,retired
Qwen2.5,Qwen2.5-72B,72.71,A100 80GB,Transformers,BF16,6144,2,6.39,1282003.129890454,MMMLU,0.8440000000000001,0.25,retired
Qwen2.5,Qwen2.5-0.5B,0.49,A100 80GB,Transformers,BF16,14336,1,47.11,347781.7873063044,MMMLU,0.3153,0.25,retired
Qwen2.5,Qwen2.5-1.5B,1.54,A100 80GB,Transformers,BF16,14336,1,40.43,405243.63096710364,MMMLU,0.6027,0.25,retired
Qwen2.5,Qwen2.5-3B,3.09,A100 80GB,Transformers,BF16,14336,1,31.72,516519.5460277428,MMMLU,0.6555,0.25,retired
Qwen2.5,Qwen2.5-7B,7.62,A100 80GB,Transformers,BF16,14336,1,29.78,550167.8979180658,MMMLU,0.7134,0.25,retired
Qwen2.5,Qwen2.5-14B,14.77,A100 80GB,Transformers,BF16,14336,1,13.92,1177011.4942528736,MMMLU,0.7834,0.25,retired
Qwen2.5,Qwen2.5-32B,32.76,A100 80GB,Transformers,BF16,14336,1,8.95,1830614.525139665,MMMLU,0.8240000000000001,0.25,retired
Qwen2.5,Qwen2.5-72B,72.71,A100 80GB,Transformers,BF16,14336,3,4.25,3855058.8235294116,MMMLU,0.8440000000000001,0.25,retired
Qwen2.5,Qwen2.5-0.5B,0.49,A100 80GB,Transformers,BF16,30720,1,47.16,694826.1238337575,MMMLU,0.3153,0.25,retired
Qwen2.5,Qwen2.5-1.5B,1.54,A100 80GB,Transformers,BF16,30720,1,38.59,849131.8994558175,MMMLU,0.6027,0.25,retired
Qwen2.5,Qwen2.5-3B,3.09,A100 80GB,Transformers,BF16,30720,1,25.37,1291604.2569964523,MMMLU,0.6555,0.25,retired
Qwen2.5,Qwen2.5-7B,7.62,A100 80GB,Transformers,BF16,30720,1,18.83,1740201.805629315,MMMLU,0.7134,0.25,retired
Qwen2.5,Qwen2.5-14B,14.77,A100 80GB,Transformers,BF16,30720,1,8.2,3996097.5609756103,MMMLU,0.7834,0.25,retired
Qwen2.5,Qwen2.5-32B,32.76,A100 80GB,Transformers,BF16,30720,1,5.59,5861896.243291592,MMMLU,0.8240000000000001,0.25,retired
Qwen2.5,Qwen2.5-72B,72.71,A100 80GB,Transformers,BF16,30720,3,2.94,11145578.231292518,MMMLU,0.8440000000000001,0.25,retired
Qwen2.5,Qwen2.5-0.5B,0.49,A100 80GB,vLLM,BF16,1,1,311.55,6576.793452094366,MMMLU,0.3153,0.25,retired
Qwen2.5,Qwen2.5-1.5B,1.54,A100 80GB,vLLM,BF16,1,1,183.33,11176.566846669939,MMMLU,0.6027,0.25,retired
Qwen2.5,Qwen2.5-3B,3.09,A100 80GB,vLLM,BF16,1,1,127.61,16056.735365566961,MMMLU,0.6555,0.25,retired
Qwen2.5,Qwen2.5-7B,7.62,A100 80GB,vLLM,BF16,1,1,84.28,24311.817750355956,MMMLU,0.7134,0.25,retired
Qwen2.5,Qwen2.5-14B,14.77,A100 80GB,vLLM,BF16,1,1,46.3,44254.859611231106,MMMLU,0.7834,0.25,retired
Qwen2.5,Qwen2.5-32B,32.76,A100 80GB,vLLM,BF16,1,1,22.13,92589.24536827835,MMMLU,0.8240000000000001,0.25,retired
Qwen2.5,Qwen2.5-72B,72.71,A100 80GB,vLLM,BF16,1,2,18.19,112644.31006047278,MMMLU,0.8440000000000001,0.25,retired
Qwen2.5,Qwen2.5-72B,72.71,A100 80GB,vLLM,BF16,1,4,31.37,65317.18202103921,MMMLU,0.8440000000000001,0.25,retired
Qwen2.5,Qwen2.5-0.5B,0.49,A100 80GB,vLLM,BF16,6144,1,304.79,26877.522228419566,MMMLU,0.3153,0.25,retired
Qwen2.5,Qwen2.5-1.5B,1.54,A100 80GB,vLLM,BF16,6144,1,176.68,46366.311976454606,MMMLU,0.6027,0.25,retired
Qwen2.5,Qwen2.5-3B,3.09,A100 80GB,vLLM,BF16,6144,1,123.15,66520.50345107591,MMMLU,0.6555,0.25,retired
Qwen2.5,Qwen2.5-7B,7.62,A100 80GB,vLLM,BF16,6144,1,80.7,101511.77199504337,MMMLU,0.7134,0.25,retired
Qwen2.5,Qwen2.5-14B,14.77,A100 80GB,vLLM,BF16,6144,1,43.83,186903.9470682181,MMMLU,0.7834,0.25,retired
Qwen2.5,Qwen2.5-32B,32.76,A100 80GB,vLLM,BF16,6144,1,21.05,389168.6460807601,MMMLU,0.8240000000000001,0.25,retired
Qwen2.5,Qwen2.5-72B,72.71,A100 80GB,vLLM,BF16,6144,4,29.9,273979.9331103679,MMMLU,0.8440000000000001,0.25,retired
Qwen2.5,Qwen2.5-0.5B,0.49,A100 80GB,vLLM,BF16,14336,1,290.28,56442.05594598319,MMMLU,0.3153,0.25,retired
Qwen2.5,Qwen2.5-1.5B,1.54,A100 80GB,vLLM,BF16,14336,1,168.69,97124.90366945285,MMMLU,0.6027,0.25,retired
Qwen2.5,Qwen2.5-3B,3.09,A100 80GB,vLLM,BF16,14336,1,117.35,139616.5317426502,MMMLU,0.6555,0.25,retired
Qwen2.5,Qwen2.5-7B,7.62,A100 80GB,vLLM,BF16,14336,1,77.69,210889.432359377,MMMLU,0.7134,0.25,retired
Qwen2.5,Qwen2.5-14B,14.77,A100 80GB,vLLM,BF16,14336,1,41.91,390932.95156287285,MMMLU,0.7834,0.25,retired
Qwen2.5,Qwen2.5-32B,32.76,A100 80GB,vLLM,BF16,14336,1,19.91,822903.0637870417,MMMLU,0.8240000000000001,0.25,retired
Qwen2.5,Qwen2.5-72B,72.71,A100 80GB,vLLM,BF16,14336,4,30.1,544318.9368770764,MMMLU,0.8440000000000001,0.25,retired
Qwen2.5,Qwen2.5-0.5B,0.49,A100 80GB,vLLM,BF16,30720,1,264.51,123881.89482439228,MMMLU,0.3153,0.25,retired
Qwen2.5,Qwen2.5-1.5B,1.54,A100 80GB,vLLM,BF16,30720,1,152.04,215522.23099184426,MMMLU,0.6027,0.25,retired
Qwen2.5,Qwen2.5-3B,3.09,A100 80GB,vLLM,BF16,30720,1,105.88,309482.4329429543,MMMLU,0.6555,0.25,retired
Qwen2.5,Qwen2.5-7B,7.62,A100 80GB,vLLM,BF16,30720,1,70.33,465917.81601023744,MMMLU,0.7134,0.25,retired
Qwen2.5,Qwen2.5-14B,14.77,A100 80GB,vLLM,BF16,30720,1,37.18,881334.0505648198,MMMLU,0.7834,0.25,retired
Qwen2.5,Qwen2.5-32B,32.76,A100 80GB,vLLM,BF16,30720,2,31.82,1029792.5832809553,MMMLU,0.8240000000000001,0.25,retired
Qwen2.5,Qwen2.5-72B,72.71,A100 80GB,vLLM,BF16,30720,4,27.53,1190265.1652742461,MMMLU,0.8440000000000001,0.25,retired
Qwen2.5,Qwen2.5-7B,7.62,A100 80GB,vLLM,BF16,63488,1,50.86,1288556.822650413,MMMLU,0.7134,0.25,retired
Qwen2.5,Qwen2.5-14B,14.77,A100 80GB,vLLM,BF16,63488,1,26.85,2440819.3668528865,MMMLU,0.7834,0.25,retired
Qwen2.5,Qwen2.5-32B,32.76,A100 80GB,vLLM,BF16,63488,2,24.45,2680408.9979550103,MMMLU,0.8240000000000001,0.25,retired
Qwen2.5,Qwen2.5-72B,72.71,A100 80GB,vLLM,BF16,63488,4,20.74,3159884.281581485,MMMLU,0.8440000000000001,0.25,retired
Qwen2.5,Qwen2.5-7B,7.62,A100 80GB,vLLM,BF16,129024,1,28.94,4529094.678645473,MMMLU,0.7134,0.25,retired
Qwen2.5,Qwen2.5-14B,14.77,A100 80GB,vLLM,BF16,129024,1,14.53,9020784.583620097,MMMLU,0.7834,0.25,retired
Qwen2.5,Qwen2.5-32B,32.76,A100 80GB,vLLM,BF16,129024,2,14.31,9159468.902865129,MMMLU,0.8240000000000001,0.25,retired
Qwen2.5,Qwen2.5-72B,72.71,A100 80GB,vLLM,BF16,129024,4,12.68,10336908.517350158,MMMLU,0.8440000000000001,0.25,retired
Qwen2.5,Qwen2.5-0.5B,0.49,A100 80GB,Transformers,BF16,1,1,47.4,43227.84810126582,MultiPL-E,0.187,0.0,headroom
Qwen2.5,Qwen2.5-1.5B,1.54,A100 80GB,Transformers,BF16,1,1,39.68,51638.104838709674,MultiPL-E,0.331,0.0,headroom
Qwen2.5,Qwen2.5-3B,3.09,A100 80GB,Transformers,BF16,1,1,30.8,66525.97402597402,MultiPL-E,0.39649999999999996,0.0,headroom
Qwen2.5,Qwen2.5-7B,7.62,A100 80GB,Transformers,BF16,1,1,40.38,50742.942050520054,MultiPL-E,0.5073,0.0,headroom
Qwen2.5,Qwen2.5-14B,14.77,A100 80GB,Transformers,BF16,1,1,24.74,82821.341956346,MultiPL-E,0.5478999999999999,0.0,headroom
Qwen2.5,Qwen2.5-32B,32.76,A100 80GB,Transformers,BF16,1,1,17.54,116818.7001140251,MultiPL-E,0.583,0.0,headroom
Qwen2.5,Qwen2.5-72B,72.71,A100 80GB,Transformers,BF16,1,2,8.73,234707.9037800687,MultiPL-E,0.5870000000000001,0.0,headroom
Qwen2.5,Qwen2.5-0.5B,0.49,A100 80GB,Transformers,BF16,6144,1,47.45,172644.8893572181,MultiPL-E,0.187,0.0,headroom
Qwen2.5,Qwen2.5-1.5B,1.54,A100 80GB,Transformers,BF16,6144,1,40.88,200391.3894324853,MultiPL-E,0.331,0.0,headroom
Qwen2.5,Qwen2.5-3B,3.09,A100 80GB,Transformers,BF16,6144,1,32.2,254409.93788819874,MultiPL-E,0.39649999999999996,0.0,headroom
Qwen2.5,Qwen2.5-7B,7.62,A100 80GB,Transformers,BF16,6144,1,38.76,211351.90918472654,MultiPL-E,0.5073,0.0,headroom
Qwen2.5,Qwen2.5-14B,14.77,A100 80GB,Transformers,BF16,6144,1,20.51,399414.9195514383,MultiPL-E,0.5478999999999999,0.0,headroom
Qwen2.5,Qwen2.5-32B,32.76,A100 80GB,Transformers,BF16,6144,1,12.49,655884.707766213,MultiPL-E,0.583,0.0,headroom
Qwen2.5,Qwen2.5-72B,72.71,A100 80GB,Transformers,BF16,6144,2,6.39,1282003.129890454,MultiPL-E,0.5870000000000001,0.0,headroom
Qwen2.5,Qwen2.5-0.5B,0.49,A100 80GB,Transformers,BF16,14336,1,47.11,347781.7873063044,MultiPL-E,0.187,0.0,headroom
Qwen2.5,Qwen2.5-1.5B,1.54,A100 80GB,Transformers,BF16,14336,1,40.43,405243.63096710364,MultiPL-E,0.331,0.0,headroom
Qwen2.5,Qwen2.5-3B,3.09,A100 80GB,Transformers,BF16,14336,1,31.72,516519.5460277428,MultiPL-E,0.39649999999999996,0.0,headroom
Qwen2.5,Qwen2.5-7B,7.62,A100 80GB,Transformers,BF16,14336,1,29.78,550167.8979180658,MultiPL-E,0.5073,0.0,headroom
Qwen2.5,Qwen2.5-14B,14.77,A100 80GB,Transformers,BF16,14336,1,13.92,1177011.4942528736,MultiPL-E,0.5478999999999999,0.0,headroom
Qwen2.5,Qwen2.5-32B,32.76,A100 80GB,Transformers,BF16,14336,1,8.95,1830614.525139665,MultiPL-E,0.583,0.0,headroom
Qwen2.5,Qwen2.5-72B,72.71,A100 80GB,Transformers,BF16,14336,3,4.25,3855058.8235294116,MultiPL-E,0.5870000000000001,0.0,headroom
Qwen2.5,Qwen2.5-0.5B,0.49,A100 80GB,Transformers,BF16,30720,1,47.16,694826.1238337575,MultiPL-E,0.187,0.0,headroom
Qwen2.5,Qwen2.5-1.5B,1.54,A100 80GB,Transformers,BF16,30720,1,38.59,849131.8994558175,MultiPL-E,0.331,0.0,headroom
Qwen2.5,Qwen2.5-3B,3.09,A100 80GB,Transformers,BF16,30720,1,25.37,1291604.2569964523,MultiPL-E,0.39649999999999996,0.0,headroom
Qwen2.5,Qwen2.5-7B,7.62,A100 80GB,Transformers,BF16,30720,1,18.83,1740201.805629315,MultiPL-E,0.5073,0.0,headroom
Qwen2.5,Qwen2.5-14B,14.77,A100 80GB,Transformers,BF16,30720,1,8.2,3996097.5609756103,MultiPL-E,0.5478999999999999,0.0,headroom
Qwen2.5,Qwen2.5-32B,32.76,A100 80GB,Transformers,BF16,30720,1,5.59,5861896.243291592,MultiPL-E,0.583,0.0,headroom
Qwen2.5,Qwen2.5-72B,72.71,A100 80GB,Transformers,BF16,30720,3,2.94,11145578.231292518,MultiPL-E,0.5870000000000001,0.0,headroom
Qwen2.5,Qwen2.5-0.5B,0.49,A100 80GB,vLLM,BF16,1,1,311.55,6576.793452094366,MultiPL-E,0.187,0.0,headroom
Qwen2.5,Qwen2.5-1.5B,1.54,A100 80GB,vLLM,BF16,1,1,183.33,11176.566846669939,MultiPL-E,0.331,0.0,headroom
Qwen2.5,Qwen2.5-3B,3.09,A100 80GB,vLLM,BF16,1,1,127.61,16056.735365566961,MultiPL-E,0.39649999999999996,0.0,headroom
Qwen2.5,Qwen2.5-7B,7.62,A100 80GB,vLLM,BF16,1,1,84.28,24311.817750355956,MultiPL-E,0.5073,0.0,headroom
Qwen2.5,Qwen2.5-14B,14.77,A100 80GB,vLLM,BF16,1,1,46.3,44254.859611231106,MultiPL-E,0.5478999999999999,0.0,headroom
Qwen2.5,Qwen2.5-32B,32.76,A100 80GB,vLLM,BF16,1,1,22.13,92589.24536827835,MultiPL-E,0.583,0.0,headroom
Qwen2.5,Qwen2.5-72B,72.71,A100 80GB,vLLM,BF16,1,2,18.19,112644.31006047278,MultiPL-E,0.5870000000000001,0.0,headroom
Qwen2.5,Qwen2.5-72B,72.71,A100 80GB,vLLM,BF16,1,4,31.37,65317.18202103921,MultiPL-E,0.5870000000000001,0.0,headroom
Qwen2.5,Qwen2.5-0.5B,0.49,A100 80GB,vLLM,BF16,6144,1,304.79,26877.522228419566,MultiPL-E,0.187,0.0,headroom
Qwen2.5,Qwen2.5-1.5B,1.54,A100 80GB,vLLM,BF16,6144,1,176.68,46366.311976454606,MultiPL-E,0.331,0.0,headroom
Qwen2.5,Qwen2.5-3B,3.09,A100 80GB,vLLM,BF16,6144,1,123.15,66520.50345107591,MultiPL-E,0.39649999999999996,0.0,headroom
Qwen2.5,Qwen2.5-7B,7.62,A100 80GB,vLLM,BF16,6144,1,80.7,101511.77199504337,MultiPL-E,0.5073,0.0,headroom
Qwen2.5,Qwen2.5-14B,14.77,A100 80GB,vLLM,BF16,6144,1,43.83,186903.9470682181,MultiPL-E,0.5478999999999999,0.0,headroom
Qwen2.5,Qwen2.5-32B,32.76,A100 80GB,vLLM,BF16,6144,1,21.05,389168.6460807601,MultiPL-E,0.583,0.0,headroom
Qwen2.5,Qwen2.5-72B,72.71,A100 80GB,vLLM,BF16,6144,4,29.9,273979.9331103679,MultiPL-E,0.5870000000000001,0.0,headroom
Qwen2.5,Qwen2.5-0.5B,0.49,A100 80GB,vLLM,BF16,14336,1,290.28,56442.05594598319,MultiPL-E,0.187,0.0,headroom
Qwen2.5,Qwen2.5-1.5B,1.54,A100 80GB,vLLM,BF16,14336,1,168.69,97124.90366945285,MultiPL-E,0.331,0.0,headroom
Qwen2.5,Qwen2.5-3B,3.09,A100 80GB,vLLM,BF16,14336,1,117.35,139616.5317426502,MultiPL-E,0.39649999999999996,0.0,headroom
Qwen2.5,Qwen2.5-7B,7.62,A100 80GB,vLLM,BF16,14336,1,77.69,210889.432359377,MultiPL-E,0.5073,0.0,headroom
Qwen2.5,Qwen2.5-14B,14.77,A100 80GB,vLLM,BF16,14336,1,41.91,390932.95156287285,MultiPL-E,0.5478999999999999,0.0,headroom
Qwen2.5,Qwen2.5-32B,32.76,A100 80GB,vLLM,BF16,14336,1,19.91,822903.0637870417,MultiPL-E,0.583,0.0,headroom
Qwen2.5,Qwen2.5-72B,72.71,A100 80GB,vLLM,BF16,14336,4,30.1,544318.9368770764,MultiPL-E,0.5870000000000001,0.0,headroom
Qwen2.5,Qwen2.5-0.5B,0.49,A100 80GB,vLLM,BF16,30720,1,264.51,123881.89482439228,MultiPL-E,0.187,0.0,headroom
Qwen2.5,Qwen2.5-1.5B,1.54,A100 80GB,vLLM,BF16,30720,1,152.04,215522.23099184426,MultiPL-E,0.331,0.0,headroom
Qwen2.5,Qwen2.5-3B,3.09,A100 80GB,vLLM,BF16,30720,1,105.88,309482.4329429543,MultiPL-E,0.39649999999999996,0.0,headroom
Qwen2.5,Qwen2.5-7B,7.62,A100 80GB,vLLM,BF16,30720,1,70.33,465917.81601023744,MultiPL-E,0.5073,0.0,headroom
Qwen2.5,Qwen2.5-14B,14.77,A100 80GB,vLLM,BF16,30720,1,37.18,881334.0505648198,MultiPL-E,0.5478999999999999,0.0,headroom
Qwen2.5,Qwen2.5-32B,32.76,A100 80GB,vLLM,BF16,30720,2,31.82,1029792.5832809553,MultiPL-E,0.583,0.0,headroom
Qwen2.5,Qwen2.5-72B,72.71,A100 80GB,vLLM,BF16,30720,4,27.53,1190265.1652742461,MultiPL-E,0.5870000000000001,0.0,headroom
Qwen2.5,Qwen2.5-7B,7.62,A100 80GB,vLLM,BF16,63488,1,50.86,1288556.822650413,MultiPL-E,0.5073,0.0,headroom
Qwen2.5,Qwen2.5-14B,14.77,A100 80GB,vLLM,BF16,63488,1,26.85,2440819.3668528865,MultiPL-E,0.5478999999999999,0.0,headroom
Qwen2.5,Qwen2.5-32B,32.76,A100 80GB,vLLM,BF16,63488,2,24.45,2680408.9979550103,MultiPL-E,0.583,0.0,headroom
Qwen2.5,Qwen2.5-72B,72.71,A100 80GB,vLLM,BF16,63488,4,20.74,3159884.281581485,MultiPL-E,0.5870000000000001,0.0,headroom
Qwen2.5,Qwen2.5-7B,7.62,A100 80GB,vLLM,BF16,129024,1,28.94,4529094.678645473,MultiPL-E,0.5073,0.0,headroom
Qwen2.5,Qwen2.5-14B,14.77,A100 80GB,vLLM,BF16,129024,1,14.53,9020784.583620097,MultiPL-E,0.5478999999999999,0.0,headroom
Qwen2.5,Qwen2.5-32B,32.76,A100 80GB,vLLM,BF16,129024,2,14.31,9159468.902865129,MultiPL-E,0.583,0.0,headroom
Qwen2.5,Qwen2.5-72B,72.71,A100 80GB,vLLM,BF16,129024,4,12.68,10336908.517350158,MultiPL-E,0.5870000000000001,0.0,headroom
Qwen2.5,Qwen2.5-0.5B,0.49,A100 80GB,Transformers,BF16,1,1,47.4,43227.84810126582,SuperGPQA,0.113,0.1,headroom
Qwen2.5,Qwen2.5-1.5B,1.54,A100 80GB,Transformers,BF16,1,1,39.68,51638.104838709674,SuperGPQA,0.1764,0.1,headroom
Qwen2.5,Qwen2.5-3B,3.09,A100 80GB,Transformers,BF16,1,1,30.8,66525.97402597402,SuperGPQA,0.20309999999999997,0.1,headroom
Qwen2.5,Qwen2.5-7B,7.62,A100 80GB,Transformers,BF16,1,1,40.38,50742.942050520054,SuperGPQA,0.2634,0.1,headroom
Qwen2.5,Qwen2.5-14B,14.77,A100 80GB,Transformers,BF16,1,1,24.74,82821.341956346,SuperGPQA,0.3068,0.1,headroom
Qwen2.5,Qwen2.5-32B,32.76,A100 80GB,Transformers,BF16,1,1,17.54,116818.7001140251,SuperGPQA,0.33549999999999996,0.1,headroom
Qwen2.5,Qwen2.5-72B,72.71,A100 80GB,Transformers,BF16,1,2,8.73,234707.9037800687,SuperGPQA,0.36200000000000004,0.1,headroom
Qwen2.5,Qwen2.5-0.5B,0.49,A100 80GB,Transformers,BF16,6144,1,47.45,172644.8893572181,SuperGPQA,0.113,0.1,headroom
Qwen2.5,Qwen2.5-1.5B,1.54,A100 80GB,Transformers,BF16,6144,1,40.88,200391.3894324853,SuperGPQA,0.1764,0.1,headroom
Qwen2.5,Qwen2.5-3B,3.09,A100 80GB,Transformers,BF16,6144,1,32.2,254409.93788819874,SuperGPQA,0.20309999999999997,0.1,headroom
Qwen2.5,Qwen2.5-7B,7.62,A100 80GB,Transformers,BF16,6144,1,38.76,211351.90918472654,SuperGPQA,0.2634,0.1,headroom
Qwen2.5,Qwen2.5-14B,14.77,A100 80GB,Transformers,BF16,6144,1,20.51,399414.9195514383,SuperGPQA,0.3068,0.1,headroom
Qwen2.5,Qwen2.5-32B,32.76,A100 80GB,Transformers,BF16,6144,1,12.49,655884.707766213,SuperGPQA,0.33549999999999996,0.1,headroom
Qwen2.5,Qwen2.5-72B,72.71,A100 80GB,Transformers,BF16,6144,2,6.39,1282003.129890454,SuperGPQA,0.36200000000000004,0.1,headroom
Qwen2.5,Qwen2.5-0.5B,0.49,A100 80GB,Transformers,BF16,14336,1,47.11,347781.7873063044,SuperGPQA,0.113,0.1,headroom
Qwen2.5,Qwen2.5-1.5B,1.54,A100 80GB,Transformers,BF16,14336,1,40.43,405243.63096710364,SuperGPQA,0.1764,0.1,headroom
Qwen2.5,Qwen2.5-3B,3.09,A100 80GB,Transformers,BF16,14336,1,31.72,516519.5460277428,SuperGPQA,0.20309999999999997,0.1,headroom
Qwen2.5,Qwen2.5-7B,7.62,A100 80GB,Transformers,BF16,14336,1,29.78,550167.8979180658,SuperGPQA,0.2634,0.1,headroom
Qwen2.5,Qwen2.5-14B,14.77,A100 80GB,Transformers,BF16,14336,1,13.92,1177011.4942528736,SuperGPQA,0.3068,0.1,headroom
Qwen2.5,Qwen2.5-32B,32.76,A100 80GB,Transformers,BF16,14336,1,8.95,1830614.525139665,SuperGPQA,0.33549999999999996,0.1,headroom
Qwen2.5,Qwen2.5-72B,72.71,A100 80GB,Transformers,BF16,14336,3,4.25,3855058.8235294116,SuperGPQA,0.36200000000000004,0.1,headroom
Qwen2.5,Qwen2.5-0.5B,0.49,A100 80GB,Transformers,BF16,30720,1,47.16,694826.1238337575,SuperGPQA,0.113,0.1,headroom
Qwen2.5,Qwen2.5-1.5B,1.54,A100 80GB,Transformers,BF16,30720,1,38.59,849131.8994558175,SuperGPQA,0.1764,0.1,headroom
Qwen2.5,Qwen2.5-3B,3.09,A100 80GB,Transformers,BF16,30720,1,25.37,1291604.2569964523,SuperGPQA,0.20309999999999997,0.1,headroom
Qwen2.5,Qwen2.5-7B,7.62,A100 80GB,Transformers,BF16,30720,1,18.83,1740201.805629315,SuperGPQA,0.2634,0.1,headroom
Qwen2.5,Qwen2.5-14B,14.77,A100 80GB,Transformers,BF16,30720,1,8.2,3996097.5609756103,SuperGPQA,0.3068,0.1,headroom
Qwen2.5,Qwen2.5-32B,32.76,A100 80GB,Transformers,BF16,30720,1,5.59,5861896.243291592,SuperGPQA,0.33549999999999996,0.1,headroom
Qwen2.5,Qwen2.5-72B,72.71,A100 80GB,Transformers,BF16,30720,3,2.94,11145578.231292518,SuperGPQA,0.36200000000000004,0.1,headroom
Qwen2.5,Qwen2.5-0.5B,0.49,A100 80GB,vLLM,BF16,1,1,311.55,6576.793452094366,SuperGPQA,0.113,0.1,headroom
Qwen2.5,Qwen2.5-1.5B,1.54,A100 80GB,vLLM,BF16,1,1,183.33,11176.566846669939,SuperGPQA,0.1764,0.1,headroom
Qwen2.5,Qwen2.5-3B,3.09,A100 80GB,vLLM,BF16,1,1,127.61,16056.735365566961,SuperGPQA,0.20309999999999997,0.1,headroom
Qwen2.5,Qwen2.5-7B,7.62,A100 80GB,vLLM,BF16,1,1,84.28,24311.817750355956,SuperGPQA,0.2634,0.1,headroom
Qwen2.5,Qwen2.5-14B,14.77,A100 80GB,vLLM,BF16,1,1,46.3,44254.859611231106,SuperGPQA,0.3068,0.1,headroom
Qwen2.5,Qwen2.5-32B,32.76,A100 80GB,vLLM,BF16,1,1,22.13,92589.24536827835,SuperGPQA,0.33549999999999996,0.1,headroom
Qwen2.5,Qwen2.5-72B,72.71,A100 80GB,vLLM,BF16,1,2,18.19,112644.31006047278,SuperGPQA,0.36200000000000004,0.1,headroom
Qwen2.5,Qwen2.5-72B,72.71,A100 80GB,vLLM,BF16,1,4,31.37,65317.18202103921,SuperGPQA,0.36200000000000004,0.1,headroom
Qwen2.5,Qwen2.5-0.5B,0.49,A100 80GB,vLLM,BF16,6144,1,304.79,26877.522228419566,SuperGPQA,0.113,0.1,headroom
Qwen2.5,Qwen2.5-1.5B,1.54,A100 80GB,vLLM,BF16,6144,1,176.68,46366.311976454606,SuperGPQA,0.1764,0.1,headroom
Qwen2.5,Qwen2.5-3B,3.09,A100 80GB,vLLM,BF16,6144,1,123.15,66520.50345107591,SuperGPQA,0.20309999999999997,0.1,headroom
Qwen2.5,Qwen2.5-7B,7.62,A100 80GB,vLLM,BF16,6144,1,80.7,101511.77199504337,SuperGPQA,0.2634,0.1,headroom
Qwen2.5,Qwen2.5-14B,14.77,A100 80GB,vLLM,BF16,6144,1,43.83,186903.9470682181,SuperGPQA,0.3068,0.1,headroom
Qwen2.5,Qwen2.5-32B,32.76,A100 80GB,vLLM,BF16,6144,1,21.05,389168.6460807601,SuperGPQA,0.33549999999999996,0.1,headroom
Qwen2.5,Qwen2.5-72B,72.71,A100 80GB,vLLM,BF16,6144,4,29.9,273979.9331103679,SuperGPQA,0.36200000000000004,0.1,headroom
Qwen2.5,Qwen2.5-0.5B,0.49,A100 80GB,vLLM,BF16,14336,1,290.28,56442.05594598319,SuperGPQA,0.113,0.1,headroom
Qwen2.5,Qwen2.5-1.5B,1.54,A100 80GB,vLLM,BF16,14336,1,168.69,97124.90366945285,SuperGPQA,0.1764,0.1,headroom
Qwen2.5,Qwen2.5-3B,3.09,A100 80GB,vLLM,BF16,14336,1,117.35,139616.5317426502,SuperGPQA,0.20309999999999997,0.1,headroom
Qwen2.5,Qwen2.5-7B,7.62,A100 80GB,vLLM,BF16,14336,1,77.69,210889.432359377,SuperGPQA,0.2634,0.1,headroom
Qwen2.5,Qwen2.5-14B,14.77,A100 80GB,vLLM,BF16,14336,1,41.91,390932.95156287285,SuperGPQA,0.3068,0.1,headroom
Qwen2.5,Qwen2.5-32B,32.76,A100 80GB,vLLM,BF16,14336,1,19.91,822903.0637870417,SuperGPQA,0.33549999999999996,0.1,headroom
Qwen2.5,Qwen2.5-72B,72.71,A100 80GB,vLLM,BF16,14336,4,30.1,544318.9368770764,SuperGPQA,0.36200000000000004,0.1,headroom
Qwen2.5,Qwen2.5-0.5B,0.49,A100 80GB,vLLM,BF16,30720,1,264.51,123881.89482439228,SuperGPQA,0.113,0.1,headroom
Qwen2.5,Qwen2.5-1.5B,1.54,A100 80GB,vLLM,BF16,30720,1,152.04,215522.23099184426,SuperGPQA,0.1764,0.1,headroom
Qwen2.5,Qwen2.5-3B,3.09,A100 80GB,vLLM,BF16,30720,1,105.88,309482.4329429543,SuperGPQA,0.20309999999999997,0.1,headroom
Qwen2.5,Qwen2.5-7B,7.62,A100 80GB,vLLM,BF16,30720,1,70.33,465917.81601023744,SuperGPQA,0.2634,0.1,headroom
Qwen2.5,Qwen2.5-14B,14.77,A100 80GB,vLLM,BF16,30720,1,37.18,881334.0505648198,SuperGPQA,0.3068,0.1,headroom
Qwen2.5,Qwen2.5-32B,32.76,A100 80GB,vLLM,BF16,30720,2,31.82,1029792.5832809553,SuperGPQA,0.33549999999999996,0.1,headroom
Qwen2.5,Qwen2.5-72B,72.71,A100 80GB,vLLM,BF16,30720,4,27.53,1190265.1652742461,SuperGPQA,0.36200000000000004,0.1,headroom
Qwen2.5,Qwen2.5-7B,7.62,A100 80GB,vLLM,BF16,63488,1,50.86,1288556.822650413,SuperGPQA,0.2634,0.1,headroom
Qwen2.5,Qwen2.5-14B,14.77,A100 80GB,vLLM,BF16,63488,1,26.85,2440819.3668528865,SuperGPQA,0.3068,0.1,headroom
Qwen2.5,Qwen2.5-32B,32.76,A100 80GB,vLLM,BF16,63488,2,24.45,2680408.9979550103,SuperGPQA,0.33549999999999996,0.1,headroom
Qwen2.5,Qwen2.5-72B,72.71,A100 80GB,vLLM,BF16,63488,4,20.74,3159884.281581485,SuperGPQA,0.36200000000000004,0.1,headroom
Qwen2.5,Qwen2.5-7B,7.62,A100 80GB,vLLM,BF16,129024,1,28.94,4529094.678645473,SuperGPQA,0.2634,0.1,headroom
Qwen2.5,Qwen2.5-14B,14.77,A100 80GB,vLLM,BF16,129024,1,14.53,9020784.583620097,SuperGPQA,0.3068,0.1,headroom
Qwen2.5,Qwen2.5-32B,32.76,A100 80GB,vLLM,BF16,129024,2,14.31,9159468.902865129,SuperGPQA,0.33549999999999996,0.1,headroom
Qwen2.5,Qwen2.5-72B,72.71,A100 80GB,vLLM,BF16,129024,4,12.68,10336908.517350158,SuperGPQA,0.36200000000000004,0.1,headroom
Qwen3,Qwen3-0.6B,0.6,H20 96GB,SGLang,BF16,1,1,414.17,4947.243885361084,BBH,0.4147,0.0,headroom
Qwen3,Qwen3-1.7B,1.72,H20 96GB,SGLang,BF16,1,1,227.8,8994.732221246708,BBH,0.5447,0.0,headroom
Qwen3,Qwen3-4B,4.02,H20 96GB,SGLang,BF16,1,1,133.13,15390.97123112747,BBH,0.7259,0.0,headroom
Qwen3,Qwen3-8B,8.19,H20 96GB,SGLang,BF16,1,1,81.73,25070.35360332803,BBH,0.784,0.0,headroom
Qwen3,Qwen3-14B,14.77,H20 96GB,SGLang,BF16,1,1,47.1,43503.1847133758,BBH,0.8107,0.0,headroom
Qwen3,Qwen3-32B,32.76,H20 96GB,SGLang,BF16,1,1,20.72,98889.96138996139,BBH,0.8737999999999999,0.0,headroom
Qwen3,Qwen3-0.6B,0.6,H20 96GB,SGLang,BF16,6144,1,1426.46,5742.887988446924,BBH,0.4147,0.0,headroom
Qwen3,Qwen3-1.7B,1.72,H20 96GB,SGLang,BF16,6144,1,838.28,9772.391086510474,BBH,0.5447,0.0,headroom
Qwen3,Qwen3-4B,4.02,H20 96GB,SGLang,BF16,6144,1,466.19,17572.23449666445,BBH,0.7259,0.0,headroom
Qwen3,Qwen3-8B,8.19,H20 96GB,SGLang,BF16,6144,1,296.25,27652.320675105486,BBH,0.784,0.0,headroom
Qwen3,Qwen3-14B,14.77,H20 96GB,SGLang,BF16,6144,1,174.85,46851.587074635405,BBH,0.8107,0.0,headroom
Qwen3,Qwen3-32B,32.76,H20 96GB,SGLang,BF16,6144,1,77.82,105268.5684913904,BBH,0.8737999999999999,0.0,headroom
Qwen3,Qwen3-0.6B,0.6,H20 96GB,SGLang,BF16,14336,1,2478.02,6611.730333088514,BBH,0.4147,0.0,headroom
Qwen3,Qwen3-1.7B,1.72,H20 96GB,SGLang,BF16,14336,1,1525.71,10738.606943652463,BBH,0.5447,0.0,headroom
Qwen3,Qwen3-4B,4.02,H20 96GB,SGLang,BF16,14336,1,789.25,20758.948368704467,BBH,0.7259,0.0,headroom
Qwen3,Qwen3-8B,8.19,H20 96GB,SGLang,BF16,14336,1,524.7,31225.462168858394,BBH,0.784,0.0,headroom
Qwen3,Qwen3-14B,14.77,H20 96GB,SGLang,BF16,14336,1,317.56,51593.399672502834,BBH,0.8107,0.0,headroom
Qwen3,Qwen3-32B,32.76,H20 96GB,SGLang,BF16,14336,1,143.08,114509.36538999161,BBH,0.8737999999999999,0.0,headroom
Qwen3,Qwen3-0.6B,0.6,H20 96GB,SGLang,BF16,30720,1,3577.42,9159.67373134829,BBH,0.4147,0.0,headroom
Qwen3,Qwen3-1.7B,1.72,H20 96GB,SGLang,BF16,30720,1,2439.03,13434.84909984707,BBH,0.5447,0.0,headroom
Qwen3,Qwen3-4B,4.02,H20 96GB,SGLang,BF16,30720,1,1165.75,28108.942740724855,BBH,0.7259,0.0,headroom
Qwen3,Qwen3-8B,8.19,H20 96GB,SGLang,BF16,30720,1,832.67,39352.92492824289,BBH,0.784,0.0,headroom
Qwen3,Qwen3-14B,14.77,H20 96GB,SGLang,BF16,30720,1,525.8,62320.27386839103,BBH,0.8107,0.0,headroom
Qwen3,Qwen3-32B,32.76,H20 96GB,SGLang,BF16,30720,1,240.75,136107.9958463136,BBH,0.8737999999999999,0.0,headroom
Qwen3,Qwen3-4B,4.02,H20 96GB,SGLang,BF16,63488,1,1423.98,46023.118302223345,BBH,0.7259,0.0,headroom
Qwen3,Qwen3-8B,8.19,H20 96GB,SGLang,BF16,63488,1,1112.78,58893.94130016715,BBH,0.784,0.0,headroom
Qwen3,Qwen3-14B,14.77,H20 96GB,SGLang,BF16,63488,1,742.36,88280.61856781076,BBH,0.8107,0.0,headroom
Qwen3,Qwen3-32B,32.76,H20 96GB,SGLang,BF16,63488,1,342.96,191089.33986470726,BBH,0.8737999999999999,0.0,headroom
Qwen3,Qwen3-4B,4.02,H20 96GB,SGLang,BF16,129042,1,1371.04,95613.54883883767,BBH,0.7259,0.0,headroom
Qwen3,Qwen3-8B,8.19,H20 96GB,SGLang,BF16,129042,1,1173.32,111725.70142842532,BBH,0.784,0.0,headroom
Qwen3,Qwen3-14B,14.77,H20 96GB,SGLang,BF16,129042,1,826.15,158675.78526901896,BBH,0.8107,0.0,headroom
Qwen3,Qwen3-32B,32.76,H20 96GB,SGLang,BF16,129042,2,711.4,184270.45262861962,BBH,0.8737999999999999,0.0,headroom
Qwen3,Qwen3-0.6B,0.6,H20 96GB,Transformers,BF16,1,1,58.57,34983.78009219737,BBH,0.4147,0.0,headroom
Qwen3,Qwen3-1.7B,1.72,H20 96GB,Transformers,BF16,1,1,59.83,34247.033260905904,BBH,0.5447,0.0,headroom
Qwen3,Qwen3-4B,4.02,H20 96GB,Transformers,BF16,1,1,45.94,44601.65433173705,BBH,0.7259,0.0,headroom
Qwen3,Qwen3-8B,8.19,H20 96GB,Transformers,BF16,1,1,45.32,45211.82700794351,BBH,0.784,0.0,headroom
Qwen3,Qwen3-14B,14.77,H20 96GB,Transformers,BF16,1,1,40.66,50393.50713231678,BBH,0.8107,0.0,headroom
Qwen3,Qwen3-32B,32.76,H20 96GB,Transformers,BF16,1,1,26.24,78086.89024390244,BBH,0.8737999999999999,0.0,headroom
Qwen3,Qwen3-0.6B,0.6,H20 96GB,Transformers,BF16,6144,1,154.82,52913.060328122985,BBH,0.4147,0.0,headroom
Qwen3,Qwen3-1.7B,1.72,H20 96GB,Transformers,BF16,6144,1,238.53,34343.68842493607,BBH,0.5447,0.0,headroom
Qwen3,Qwen3-4B,4.02,H20 96GB,Transformers,BF16,6144,1,159.95,51216.00500156299,BBH,0.7259,0.0,headroom
Qwen3,Qwen3-8B,8.19,H20 96GB,Transformers,BF16,6144,1,146.12,56063.50944429236,BBH,0.784,0.0,headroom
Qwen3,Qwen3-14B,14.77,H20 96GB,Transformers,BF16,6144,1,108.52,75488.38923700701,BBH,0.8107,0.0,headroom
Qwen3,Qwen3-32B,32.76,H20 96GB,Transformers,BF16,6144,1,51.41,159346.4306555145,BBH,0.8737999999999999,0.0,headroom
Qwen3,Qwen3-0.6B,0.6,H20 96GB,Transformers,BF16,14336,1,168.48,97245.96391263058,BBH,0.4147,0.0,headroom
Qwen3,Qwen3-1.7B,1.72,H20 96GB,Transformers,BF16,14336,1,352.59,46467.56856405457,BBH,0.5447,0.0,headroom
Qwen3,Qwen3-4B,4.02,H20 96GB,Transformers,BF16,14336,1,195.31,83887.15375556807,BBH,0.7259,0.0,headroom
Qwen3,Qwen3-8B,8.19,H20 96GB,Transformers,BF16,14336,1,183.29,89388.40089475695,BBH,0.784,0.0,headroom
Qwen3,Qwen3-14B,14.77,H20 96GB,Transformers,BF16,14336,1,136.36,120152.53740099735,BBH,0.8107,0.0,headroom
Qwen3,Qwen3-32B,32.76,H20 96GB,Transformers,BF16,14336,1,62.41,262522.031725685,BBH,0.8737999999999999,0.0,headroom
Qwen3,Qwen3-0.6B,0.6,H20 96GB,Transformers,BF16,30720,1,175.93,186255.89723185357,BBH,0.4147,0.0,headroom
Qwen3,Qwen3-1.7B,1.72,H20 96GB,Transformers,BF16,30720,1,418.13,78367.97168344773,BBH,0.5447,0.0,headroom
Qwen3,Qwen3-4B,4.02,H20 96GB,Transformers,BF16,30720,1,217.97,150332.61457998806,BBH,0.7259,0.0,headroom
Qwen3,Qwen3-8B,8.19,H20 96GB,Transformers,BF16,30720,1,208.98,156799.69375059815,BBH,0.784,0.0,headroom
Qwen3,Qwen3-14B,14.77,H20 96GB,Transformers,BF16,30720,1,155.38,210889.432359377,BBH,0.8107,0.0,headroom
Qwen3,Qwen3-32B,32.76,H20 96GB,Transformers,BF16,30720,1,69.16,473799.8843262001,BBH,0.8737999999999999,0.0,headroom
Qwen3,Qwen3-0.6B,0.6,H20 96GB,SGLang,BF16,1,1,414.17,4947.243885361084,CRUX-O,0.27,0.0,headroom
Qwen3,Qwen3-1.7B,1.72,H20 96GB,SGLang,BF16,1,1,227.8,8994.732221246708,CRUX-O,0.364,0.0,headroom
Qwen3,Qwen3-4B,4.02,H20 96GB,SGLang,BF16,1,1,133.13,15390.97123112747,CRUX-O,0.55,0.0,headroom
Qwen3,Qwen3-8B,8.19,H20 96GB,SGLang,BF16,1,1,81.73,25070.35360332803,CRUX-O,0.62,0.0,headroom
Qwen3,Qwen3-14B,14.77,H20 96GB,SGLang,BF16,1,1,47.1,43503.1847133758,CRUX-O,0.6859999999999999,0.0,headroom
Qwen3,Qwen3-32B,32.76,H20 96GB,SGLang,BF16,1,1,20.72,98889.96138996139,CRUX-O,0.725,0.0,headroom
Qwen3,Qwen3-0.6B,0.6,H20 96GB,SGLang,BF16,6144,1,1426.46,5742.887988446924,CRUX-O,0.27,0.0,headroom
Qwen3,Qwen3-1.7B,1.72,H20 96GB,SGLang,BF16,6144,1,838.28,9772.391086510474,CRUX-O,0.364,0.0,headroom
Qwen3,Qwen3-4B,4.02,H20 96GB,SGLang,BF16,6144,1,466.19,17572.23449666445,CRUX-O,0.55,0.0,headroom
Qwen3,Qwen3-8B,8.19,H20 96GB,SGLang,BF16,6144,1,296.25,27652.320675105486,CRUX-O,0.62,0.0,headroom
Qwen3,Qwen3-14B,14.77,H20 96GB,SGLang,BF16,6144,1,174.85,46851.587074635405,CRUX-O,0.6859999999999999,0.0,headroom
Qwen3,Qwen3-32B,32.76,H20 96GB,SGLang,BF16,6144,1,77.82,105268.5684913904,CRUX-O,0.725,0.0,headroom
Qwen3,Qwen3-0.6B,0.6,H20 96GB,SGLang,BF16,14336,1,2478.02,6611.730333088514,CRUX-O,0.27,0.0,headroom
Qwen3,Qwen3-1.7B,1.72,H20 96GB,SGLang,BF16,14336,1,1525.71,10738.606943652463,CRUX-O,0.364,0.0,headroom
Qwen3,Qwen3-4B,4.02,H20 96GB,SGLang,BF16,14336,1,789.25,20758.948368704467,CRUX-O,0.55,0.0,headroom
Qwen3,Qwen3-8B,8.19,H20 96GB,SGLang,BF16,14336,1,524.7,31225.462168858394,CRUX-O,0.62,0.0,headroom
Qwen3,Qwen3-14B,14.77,H20 96GB,SGLang,BF16,14336,1,317.56,51593.399672502834,CRUX-O,0.6859999999999999,0.0,headroom
Qwen3,Qwen3-32B,32.76,H20 96GB,SGLang,BF16,14336,1,143.08,114509.36538999161,CRUX-O,0.725,0.0,headroom
Qwen3,Qwen3-0.6B,0.6,H20 96GB,SGLang,BF16,30720,1,3577.42,9159.67373134829,CRUX-O,0.27,0.0,headroom
Qwen3,Qwen3-1.7B,1.72,H20 96GB,SGLang,BF16,30720,1,2439.03,13434.84909984707,CRUX-O,0.364,0.0,headroom
Qwen3,Qwen3-4B,4.02,H20 96GB,SGLang,BF16,30720,1,1165.75,28108.942740724855,CRUX-O,0.55,0.0,headroom
Qwen3,Qwen3-8B,8.19,H20 96GB,SGLang,BF16,30720,1,832.67,39352.92492824289,CRUX-O,0.62,0.0,headroom
Qwen3,Qwen3-14B,14.77,H20 96GB,SGLang,BF16,30720,1,525.8,62320.27386839103,CRUX-O,0.6859999999999999,0.0,headroom
Qwen3,Qwen3-32B,32.76,H20 96GB,SGLang,BF16,30720,1,240.75,136107.9958463136,CRUX-O,0.725,0.0,headroom
Qwen3,Qwen3-4B,4.02,H20 96GB,SGLang,BF16,63488,1,1423.98,46023.118302223345,CRUX-O,0.55,0.0,headroom
Qwen3,Qwen3-8B,8.19,H20 96GB,SGLang,BF16,63488,1,1112.78,58893.94130016715,CRUX-O,0.62,0.0,headroom
Qwen3,Qwen3-14B,14.77,H20 96GB,SGLang,BF16,63488,1,742.36,88280.61856781076,CRUX-O,0.6859999999999999,0.0,headroom
Qwen3,Qwen3-32B,32.76,H20 96GB,SGLang,BF16,63488,1,342.96,191089.33986470726,CRUX-O,0.725,0.0,headroom
Qwen3,Qwen3-4B,4.02,H20 96GB,SGLang,BF16,129042,1,1371.04,95613.54883883767,CRUX-O,0.55,0.0,headroom
Qwen3,Qwen3-8B,8.19,H20 96GB,SGLang,BF16,129042,1,1173.32,111725.70142842532,CRUX-O,0.62,0.0,headroom
Qwen3,Qwen3-14B,14.77,H20 96GB,SGLang,BF16,129042,1,826.15,158675.78526901896,CRUX-O,0.6859999999999999,0.0,headroom
Qwen3,Qwen3-32B,32.76,H20 96GB,SGLang,BF16,129042,2,711.4,184270.45262861962,CRUX-O,0.725,0.0,headroom
Qwen3,Qwen3-0.6B,0.6,H20 96GB,Transformers,BF16,1,1,58.57,34983.78009219737,CRUX-O,0.27,0.0,headroom
Qwen3,Qwen3-1.7B,1.72,H20 96GB,Transformers,BF16,1,1,59.83,34247.033260905904,CRUX-O,0.364,0.0,headroom
Qwen3,Qwen3-4B,4.02,H20 96GB,Transformers,BF16,1,1,45.94,44601.65433173705,CRUX-O,0.55,0.0,headroom
Qwen3,Qwen3-8B,8.19,H20 96GB,Transformers,BF16,1,1,45.32,45211.82700794351,CRUX-O,0.62,0.0,headroom
Qwen3,Qwen3-14B,14.77,H20 96GB,Transformers,BF16,1,1,40.66,50393.50713231678,CRUX-O,0.6859999999999999,0.0,headroom
Qwen3,Qwen3-32B,32.76,H20 96GB,Transformers,BF16,1,1,26.24,78086.89024390244,CRUX-O,0.725,0.0,headroom
Qwen3,Qwen3-0.6B,0.6,H20 96GB,Transformers,BF16,6144,1,154.82,52913.060328122985,CRUX-O,0.27,0.0,headroom
Qwen3,Qwen3-1.7B,1.72,H20 96GB,Transformers,BF16,6144,1,238.53,34343.68842493607,CRUX-O,0.364,0.0,headroom
Qwen3,Qwen3-4B,4.02,H20 96GB,Transformers,BF16,6144,1,159.95,51216.00500156299,CRUX-O,0.55,0.0,headroom
Qwen3,Qwen3-8B,8.19,H20 96GB,Transformers,BF16,6144,1,146.12,56063.50944429236,CRUX-O,0.62,0.0,headroom
Qwen3,Qwen3-14B,14.77,H20 96GB,Transformers,BF16,6144,1,108.52,75488.38923700701,CRUX-O,0.6859999999999999,0.0,headroom
Qwen3,Qwen3-32B,32.76,H20 96GB,Transformers,BF16,6144,1,51.41,159346.4306555145,CRUX-O,0.725,0.0,headroom
Qwen3,Qwen3-0.6B,0.6,H20 96GB,Transformers,BF16,14336,1,168.48,97245.96391263058,CRUX-O,0.27,0.0,headroom
Qwen3,Qwen3-1.7B,1.72,H20 96GB,Transformers,BF16,14336,1,352.59,46467.56856405457,CRUX-O,0.364,0.0,headroom
Qwen3,Qwen3-4B,4.02,H20 96GB,Transformers,BF16,14336,1,195.31,83887.15375556807,CRUX-O,0.55,0.0,headroom
Qwen3,Qwen3-8B,8.19,H20 96GB,Transformers,BF16,14336,1,183.29,89388.40089475695,CRUX-O,0.62,0.0,headroom
Qwen3,Qwen3-14B,14.77,H20 96GB,Transformers,BF16,14336,1,136.36,120152.53740099735,CRUX-O,0.6859999999999999,0.0,headroom
Qwen3,Qwen3-32B,32.76,H20 96GB,Transformers,BF16,14336,1,62.41,262522.031725685,CRUX-O,0.725,0.0,headroom
Qwen3,Qwen3-0.6B,0.6,H20 96GB,Transformers,BF16,30720,1,175.93,186255.89723185357,CRUX-O,0.27,0.0,headroom
Qwen3,Qwen3-1.7B,1.72,H20 96GB,Transformers,BF16,30720,1,418.13,78367.97168344773,CRUX-O,0.364,0.0,headroom
Qwen3,Qwen3-4B,4.02,H20 96GB,Transformers,BF16,30720,1,217.97,150332.61457998806,CRUX-O,0.55,0.0,headroom
Qwen3,Qwen3-8B,8.19,H20 96GB,Transformers,BF16,30720,1,208.98,156799.69375059815,CRUX-O,0.62,0.0,headroom
Qwen3,Qwen3-14B,14.77,H20 96GB,Transformers,BF16,30720,1,155.38,210889.432359377,CRUX-O,0.6859999999999999,0.0,headroom
Qwen3,Qwen3-32B,32.76,H20 96GB,Transformers,BF16,30720,1,69.16,473799.8843262001,CRUX-O,0.725,0.0,headroom
Qwen3,Qwen3-0.6B,0.6,H20 96GB,SGLang,BF16,1,1,414.17,4947.243885361084,EvalPlus,0.36229999999999996,0.0,headroom
Qwen3,Qwen3-1.7B,1.72,H20 96GB,SGLang,BF16,1,1,227.8,8994.732221246708,EvalPlus,0.527,0.0,headroom
Qwen3,Qwen3-4B,4.02,H20 96GB,SGLang,BF16,1,1,133.13,15390.97123112747,EvalPlus,0.6353,0.0,headroom
Qwen3,Qwen3-8B,8.19,H20 96GB,SGLang,BF16,1,1,81.73,25070.35360332803,EvalPlus,0.6765000000000001,0.0,headroom
Qwen3,Qwen3-14B,14.77,H20 96GB,SGLang,BF16,1,1,47.1,43503.1847133758,EvalPlus,0.7223,0.0,headroom
Qwen3,Qwen3-32B,32.76,H20 96GB,SGLang,BF16,1,1,20.72,98889.96138996139,EvalPlus,0.7204999999999999,0.0,headroom
Qwen3,Qwen3-0.6B,0.6,H20 96GB,SGLang,BF16,6144,1,1426.46,5742.887988446924,EvalPlus,0.36229999999999996,0.0,headroom
Qwen3,Qwen3-1.7B,1.72,H20 96GB,SGLang,BF16,6144,1,838.28,9772.391086510474,EvalPlus,0.527,0.0,headroom
Qwen3,Qwen3-4B,4.02,H20 96GB,SGLang,BF16,6144,1,466.19,17572.23449666445,EvalPlus,0.6353,0.0,headroom
Qwen3,Qwen3-8B,8.19,H20 96GB,SGLang,BF16,6144,1,296.25,27652.320675105486,EvalPlus,0.6765000000000001,0.0,headroom
Qwen3,Qwen3-14B,14.77,H20 96GB,SGLang,BF16,6144,1,174.85,46851.587074635405,EvalPlus,0.7223,0.0,headroom
Qwen3,Qwen3-32B,32.76,H20 96GB,SGLang,BF16,6144,1,77.82,105268.5684913904,EvalPlus,0.7204999999999999,0.0,headroom
Qwen3,Qwen3-0.6B,0.6,H20 96GB,SGLang,BF16,14336,1,2478.02,6611.730333088514,EvalPlus,0.36229999999999996,0.0,headroom
Qwen3,Qwen3-1.7B,1.72,H20 96GB,SGLang,BF16,14336,1,1525.71,10738.606943652463,EvalPlus,0.527,0.0,headroom
Qwen3,Qwen3-4B,4.02,H20 96GB,SGLang,BF16,14336,1,789.25,20758.948368704467,EvalPlus,0.6353,0.0,headroom
Qwen3,Qwen3-8B,8.19,H20 96GB,SGLang,BF16,14336,1,524.7,31225.462168858394,EvalPlus,0.6765000000000001,0.0,headroom
Qwen3,Qwen3-14B,14.77,H20 96GB,SGLang,BF16,14336,1,317.56,51593.399672502834,EvalPlus,0.7223,0.0,headroom
Qwen3,Qwen3-32B,32.76,H20 96GB,SGLang,BF16,14336,1,143.08,114509.36538999161,EvalPlus,0.7204999999999999,0.0,headroom
Qwen3,Qwen3-0.6B,0.6,H20 96GB,SGLang,BF16,30720,1,3577.42,9159.67373134829,EvalPlus,0.36229999999999996,0.0,headroom
Qwen3,Qwen3-1.7B,1.72,H20 96GB,SGLang,BF16,30720,1,2439.03,13434.84909984707,EvalPlus,0.527,0.0,headroom
Qwen3,Qwen3-4B,4.02,H20 96GB,SGLang,BF16,30720,1,1165.75,28108.942740724855,EvalPlus,0.6353,0.0,headroom
Qwen3,Qwen3-8B,8.19,H20 96GB,SGLang,BF16,30720,1,832.67,39352.92492824289,EvalPlus,0.6765000000000001,0.0,headroom
Qwen3,Qwen3-14B,14.77,H20 96GB,SGLang,BF16,30720,1,525.8,62320.27386839103,EvalPlus,0.7223,0.0,headroom
Qwen3,Qwen3-32B,32.76,H20 96GB,SGLang,BF16,30720,1,240.75,136107.9958463136,EvalPlus,0.7204999999999999,0.0,headroom
Qwen3,Qwen3-4B,4.02,H20 96GB,SGLang,BF16,63488,1,1423.98,46023.118302223345,EvalPlus,0.6353,0.0,headroom
Qwen3,Qwen3-8B,8.19,H20 96GB,SGLang,BF16,63488,1,1112.78,58893.94130016715,EvalPlus,0.6765000000000001,0.0,headroom
Qwen3,Qwen3-14B,14.77,H20 96GB,SGLang,BF16,63488,1,742.36,88280.61856781076,EvalPlus,0.7223,0.0,headroom
Qwen3,Qwen3-32B,32.76,H20 96GB,SGLang,BF16,63488,1,342.96,191089.33986470726,EvalPlus,0.7204999999999999,0.0,headroom
Qwen3,Qwen3-4B,4.02,H20 96GB,SGLang,BF16,129042,1,1371.04,95613.54883883767,EvalPlus,0.6353,0.0,headroom
Qwen3,Qwen3-8B,8.19,H20 96GB,SGLang,BF16,129042,1,1173.32,111725.70142842532,EvalPlus,0.6765000000000001,0.0,headroom
Qwen3,Qwen3-14B,14.77,H20 96GB,SGLang,BF16,129042,1,826.15,158675.78526901896,EvalPlus,0.7223,0.0,headroom
Qwen3,Qwen3-32B,32.76,H20 96GB,SGLang,BF16,129042,2,711.4,184270.45262861962,EvalPlus,0.7204999999999999,0.0,headroom
Qwen3,Qwen3-0.6B,0.6,H20 96GB,Transformers,BF16,1,1,58.57,34983.78009219737,EvalPlus,0.36229999999999996,0.0,headroom
Qwen3,Qwen3-1.7B,1.72,H20 96GB,Transformers,BF16,1,1,59.83,34247.033260905904,EvalPlus,0.527,0.0,headroom
Qwen3,Qwen3-4B,4.02,H20 96GB,Transformers,BF16,1,1,45.94,44601.65433173705,EvalPlus,0.6353,0.0,headroom
Qwen3,Qwen3-8B,8.19,H20 96GB,Transformers,BF16,1,1,45.32,45211.82700794351,EvalPlus,0.6765000000000001,0.0,headroom
Qwen3,Qwen3-14B,14.77,H20 96GB,Transformers,BF16,1,1,40.66,50393.50713231678,EvalPlus,0.7223,0.0,headroom
Qwen3,Qwen3-32B,32.76,H20 96GB,Transformers,BF16,1,1,26.24,78086.89024390244,EvalPlus,0.7204999999999999,0.0,headroom
Qwen3,Qwen3-0.6B,0.6,H20 96GB,Transformers,BF16,6144,1,154.82,52913.060328122985,EvalPlus,0.36229999999999996,0.0,headroom
Qwen3,Qwen3-1.7B,1.72,H20 96GB,Transformers,BF16,6144,1,238.53,34343.68842493607,EvalPlus,0.527,0.0,headroom
Qwen3,Qwen3-4B,4.02,H20 96GB,Transformers,BF16,6144,1,159.95,51216.00500156299,EvalPlus,0.6353,0.0,headroom
Qwen3,Qwen3-8B,8.19,H20 96GB,Transformers,BF16,6144,1,146.12,56063.50944429236,EvalPlus,0.6765000000000001,0.0,headroom
Qwen3,Qwen3-14B,14.77,H20 96GB,Transformers,BF16,6144,1,108.52,75488.38923700701,EvalPlus,0.7223,0.0,headroom
Qwen3,Qwen3-32B,32.76,H20 96GB,Transformers,BF16,6144,1,51.41,159346.4306555145,EvalPlus,0.7204999999999999,0.0,headroom
Qwen3,Qwen3-0.6B,0.6,H20 96GB,Transformers,BF16,14336,1,168.48,97245.96391263058,EvalPlus,0.36229999999999996,0.0,headroom
Qwen3,Qwen3-1.7B,1.72,H20 96GB,Transformers,BF16,14336,1,352.59,46467.56856405457,EvalPlus,0.527,0.0,headroom
Qwen3,Qwen3-4B,4.02,H20 96GB,Transformers,BF16,14336,1,195.31,83887.15375556807,EvalPlus,0.6353,0.0,headroom
Qwen3,Qwen3-8B,8.19,H20 96GB,Transformers,BF16,14336,1,183.29,89388.40089475695,EvalPlus,0.6765000000000001,0.0,headroom
Qwen3,Qwen3-14B,14.77,H20 96GB,Transformers,BF16,14336,1,136.36,120152.53740099735,EvalPlus,0.7223,0.0,headroom
Qwen3,Qwen3-32B,32.76,H20 96GB,Transformers,BF16,14336,1,62.41,262522.031725685,EvalPlus,0.7204999999999999,0.0,headroom
Qwen3,Qwen3-0.6B,0.6,H20 96GB,Transformers,BF16,30720,1,175.93,186255.89723185357,EvalPlus,0.36229999999999996,0.0,headroom
Qwen3,Qwen3-1.7B,1.72,H20 96GB,Transformers,BF16,30720,1,418.13,78367.97168344773,EvalPlus,0.527,0.0,headroom
Qwen3,Qwen3-4B,4.02,H20 96GB,Transformers,BF16,30720,1,217.97,150332.61457998806,EvalPlus,0.6353,0.0,headroom
Qwen3,Qwen3-8B,8.19,H20 96GB,Transformers,BF16,30720,1,208.98,156799.69375059815,EvalPlus,0.6765000000000001,0.0,headroom
Qwen3,Qwen3-14B,14.77,H20 96GB,Transformers,BF16,30720,1,155.38,210889.432359377,EvalPlus,0.7223,0.0,headroom
Qwen3,Qwen3-32B,32.76,H20 96GB,Transformers,BF16,30720,1,69.16,473799.8843262001,EvalPlus,0.7204999999999999,0.0,headroom
Qwen3,Qwen3-0.6B,0.6,H20 96GB,SGLang,BF16,1,1,414.17,4947.243885361084,GPQA,0.2677,0.25,headroom
Qwen3,Qwen3-1.7B,1.72,H20 96GB,SGLang,BF16,1,1,227.8,8994.732221246708,GPQA,0.2828,0.25,headroom
Qwen3,Qwen3-4B,4.02,H20 96GB,SGLang,BF16,1,1,133.13,15390.97123112747,GPQA,0.36869999999999997,0.25,headroom
Qwen3,Qwen3-8B,8.19,H20 96GB,SGLang,BF16,1,1,81.73,25070.35360332803,GPQA,0.44439999999999996,0.25,headroom
Qwen3,Qwen3-14B,14.77,H20 96GB,SGLang,BF16,1,1,47.1,43503.1847133758,GPQA,0.39899999999999997,0.25,headroom
Qwen3,Qwen3-32B,32.76,H20 96GB,SGLang,BF16,1,1,20.72,98889.96138996139,GPQA,0.4949,0.25,headroom
Qwen3,Qwen3-0.6B,0.6,H20 96GB,SGLang,BF16,6144,1,1426.46,5742.887988446924,GPQA,0.2677,0.25,headroom
Qwen3,Qwen3-1.7B,1.72,H20 96GB,SGLang,BF16,6144,1,838.28,9772.391086510474,GPQA,0.2828,0.25,headroom
Qwen3,Qwen3-4B,4.02,H20 96GB,SGLang,BF16,6144,1,466.19,17572.23449666445,GPQA,0.36869999999999997,0.25,headroom
Qwen3,Qwen3-8B,8.19,H20 96GB,SGLang,BF16,6144,1,296.25,27652.320675105486,GPQA,0.44439999999999996,0.25,headroom
Qwen3,Qwen3-14B,14.77,H20 96GB,SGLang,BF16,6144,1,174.85,46851.587074635405,GPQA,0.39899999999999997,0.25,headroom
Qwen3,Qwen3-32B,32.76,H20 96GB,SGLang,BF16,6144,1,77.82,105268.5684913904,GPQA,0.4949,0.25,headroom
Qwen3,Qwen3-0.6B,0.6,H20 96GB,SGLang,BF16,14336,1,2478.02,6611.730333088514,GPQA,0.2677,0.25,headroom
Qwen3,Qwen3-1.7B,1.72,H20 96GB,SGLang,BF16,14336,1,1525.71,10738.606943652463,GPQA,0.2828,0.25,headroom
Qwen3,Qwen3-4B,4.02,H20 96GB,SGLang,BF16,14336,1,789.25,20758.948368704467,GPQA,0.36869999999999997,0.25,headroom
Qwen3,Qwen3-8B,8.19,H20 96GB,SGLang,BF16,14336,1,524.7,31225.462168858394,GPQA,0.44439999999999996,0.25,headroom
Qwen3,Qwen3-14B,14.77,H20 96GB,SGLang,BF16,14336,1,317.56,51593.399672502834,GPQA,0.39899999999999997,0.25,headroom
Qwen3,Qwen3-32B,32.76,H20 96GB,SGLang,BF16,14336,1,143.08,114509.36538999161,GPQA,0.4949,0.25,headroom
Qwen3,Qwen3-0.6B,0.6,H20 96GB,SGLang,BF16,30720,1,3577.42,9159.67373134829,GPQA,0.2677,0.25,headroom
Qwen3,Qwen3-1.7B,1.72,H20 96GB,SGLang,BF16,30720,1,2439.03,13434.84909984707,GPQA,0.2828,0.25,headroom
Qwen3,Qwen3-4B,4.02,H20 96GB,SGLang,BF16,30720,1,1165.75,28108.942740724855,GPQA,0.36869999999999997,0.25,headroom
Qwen3,Qwen3-8B,8.19,H20 96GB,SGLang,BF16,30720,1,832.67,39352.92492824289,GPQA,0.44439999999999996,0.25,headroom
Qwen3,Qwen3-14B,14.77,H20 96GB,SGLang,BF16,30720,1,525.8,62320.27386839103,GPQA,0.39899999999999997,0.25,headroom
Qwen3,Qwen3-32B,32.76,H20 96GB,SGLang,BF16,30720,1,240.75,136107.9958463136,GPQA,0.4949,0.25,headroom
Qwen3,Qwen3-4B,4.02,H20 96GB,SGLang,BF16,63488,1,1423.98,46023.118302223345,GPQA,0.36869999999999997,0.25,headroom
Qwen3,Qwen3-8B,8.19,H20 96GB,SGLang,BF16,63488,1,1112.78,58893.94130016715,GPQA,0.44439999999999996,0.25,headroom
Qwen3,Qwen3-14B,14.77,H20 96GB,SGLang,BF16,63488,1,742.36,88280.61856781076,GPQA,0.39899999999999997,0.25,headroom
Qwen3,Qwen3-32B,32.76,H20 96GB,SGLang,BF16,63488,1,342.96,191089.33986470726,GPQA,0.4949,0.25,headroom
Qwen3,Qwen3-4B,4.02,H20 96GB,SGLang,BF16,129042,1,1371.04,95613.54883883767,GPQA,0.36869999999999997,0.25,headroom
Qwen3,Qwen3-8B,8.19,H20 96GB,SGLang,BF16,129042,1,1173.32,111725.70142842532,GPQA,0.44439999999999996,0.25,headroom
Qwen3,Qwen3-14B,14.77,H20 96GB,SGLang,BF16,129042,1,826.15,158675.78526901896,GPQA,0.39899999999999997,0.25,headroom
Qwen3,Qwen3-32B,32.76,H20 96GB,SGLang,BF16,129042,2,711.4,184270.45262861962,GPQA,0.4949,0.25,headroom
Qwen3,Qwen3-0.6B,0.6,H20 96GB,Transformers,BF16,1,1,58.57,34983.78009219737,GPQA,0.2677,0.25,headroom
Qwen3,Qwen3-1.7B,1.72,H20 96GB,Transformers,BF16,1,1,59.83,34247.033260905904,GPQA,0.2828,0.25,headroom
Qwen3,Qwen3-4B,4.02,H20 96GB,Transformers,BF16,1,1,45.94,44601.65433173705,GPQA,0.36869999999999997,0.25,headroom
Qwen3,Qwen3-8B,8.19,H20 96GB,Transformers,BF16,1,1,45.32,45211.82700794351,GPQA,0.44439999999999996,0.25,headroom
Qwen3,Qwen3-14B,14.77,H20 96GB,Transformers,BF16,1,1,40.66,50393.50713231678,GPQA,0.39899999999999997,0.25,headroom
Qwen3,Qwen3-32B,32.76,H20 96GB,Transformers,BF16,1,1,26.24,78086.89024390244,GPQA,0.4949,0.25,headroom
Qwen3,Qwen3-0.6B,0.6,H20 96GB,Transformers,BF16,6144,1,154.82,52913.060328122985,GPQA,0.2677,0.25,headroom
Qwen3,Qwen3-1.7B,1.72,H20 96GB,Transformers,BF16,6144,1,238.53,34343.68842493607,GPQA,0.2828,0.25,headroom
Qwen3,Qwen3-4B,4.02,H20 96GB,Transformers,BF16,6144,1,159.95,51216.00500156299,GPQA,0.36869999999999997,0.25,headroom
Qwen3,Qwen3-8B,8.19,H20 96GB,Transformers,BF16,6144,1,146.12,56063.50944429236,GPQA,0.44439999999999996,0.25,headroom
Qwen3,Qwen3-14B,14.77,H20 96GB,Transformers,BF16,6144,1,108.52,75488.38923700701,GPQA,0.39899999999999997,0.25,headroom
Qwen3,Qwen3-32B,32.76,H20 96GB,Transformers,BF16,6144,1,51.41,159346.4306555145,GPQA,0.4949,0.25,headroom
Qwen3,Qwen3-0.6B,0.6,H20 96GB,Transformers,BF16,14336,1,168.48,97245.96391263058,GPQA,0.2677,0.25,headroom
Qwen3,Qwen3-1.7B,1.72,H20 96GB,Transformers,BF16,14336,1,352.59,46467.56856405457,GPQA,0.2828,0.25,headroom
Qwen3,Qwen3-4B,4.02,H20 96GB,Transformers,BF16,14336,1,195.31,83887.15375556807,GPQA,0.36869999999999997,0.25,headroom
Qwen3,Qwen3-8B,8.19,H20 96GB,Transformers,BF16,14336,1,183.29,89388.40089475695,GPQA,0.44439999999999996,0.25,headroom
Qwen3,Qwen3-14B,14.77,H20 96GB,Transformers,BF16,14336,1,136.36,120152.53740099735,GPQA,0.39899999999999997,0.25,headroom
Qwen3,Qwen3-32B,32.76,H20 96GB,Transformers,BF16,14336,1,62.41,262522.031725685,GPQA,0.4949,0.25,headroom
Qwen3,Qwen3-0.6B,0.6,H20 96GB,Transformers,BF16,30720,1,175.93,186255.89723185357,GPQA,0.2677,0.25,headroom
Qwen3,Qwen3-1.7B,1.72,H20 96GB,Transformers,BF16,30720,1,418.13,78367.97168344773,GPQA,0.2828,0.25,headroom
Qwen3,Qwen3-4B,4.02,H20 96GB,Transformers,BF16,30720,1,217.97,150332.61457998806,GPQA,0.36869999999999997,0.25,headroom
Qwen3,Qwen3-8B,8.19,H20 96GB,Transformers,BF16,30720,1,208.98,156799.69375059815,GPQA,0.44439999999999996,0.25,headroom
Qwen3,Qwen3-14B,14.77,H20 96GB,Transformers,BF16,30720,1,155.38,210889.432359377,GPQA,0.39899999999999997,0.25,headroom
Qwen3,Qwen3-32B,32.76,H20 96GB,Transformers,BF16,30720,1,69.16,473799.8843262001,GPQA,0.4949,0.25,headroom
Qwen3,Qwen3-0.6B,0.6,H20 96GB,SGLang,BF16,1,1,414.17,4947.243885361084,GSM8K,0.5959,0.0,retired
Qwen3,Qwen3-1.7B,1.72,H20 96GB,SGLang,BF16,1,1,227.8,8994.732221246708,GSM8K,0.7544,0.0,retired
Qwen3,Qwen3-4B,4.02,H20 96GB,SGLang,BF16,1,1,133.13,15390.97123112747,GSM8K,0.8779,0.0,retired
Qwen3,Qwen3-8B,8.19,H20 96GB,SGLang,BF16,1,1,81.73,25070.35360332803,GSM8K,0.8984000000000001,0.0,retired
Qwen3,Qwen3-14B,14.77,H20 96GB,SGLang,BF16,1,1,47.1,43503.1847133758,GSM8K,0.9248999999999999,0.0,retired
Qwen3,Qwen3-32B,32.76,H20 96GB,SGLang,BF16,1,1,20.72,98889.96138996139,GSM8K,0.934,0.0,retired
Qwen3,Qwen3-0.6B,0.6,H20 96GB,SGLang,BF16,6144,1,1426.46,5742.887988446924,GSM8K,0.5959,0.0,retired
Qwen3,Qwen3-1.7B,1.72,H20 96GB,SGLang,BF16,6144,1,838.28,9772.391086510474,GSM8K,0.7544,0.0,retired
Qwen3,Qwen3-4B,4.02,H20 96GB,SGLang,BF16,6144,1,466.19,17572.23449666445,GSM8K,0.8779,0.0,retired
Qwen3,Qwen3-8B,8.19,H20 96GB,SGLang,BF16,6144,1,296.25,27652.320675105486,GSM8K,0.8984000000000001,0.0,retired
Qwen3,Qwen3-14B,14.77,H20 96GB,SGLang,BF16,6144,1,174.85,46851.587074635405,GSM8K,0.9248999999999999,0.0,retired
Qwen3,Qwen3-32B,32.76,H20 96GB,SGLang,BF16,6144,1,77.82,105268.5684913904,GSM8K,0.934,0.0,retired
Qwen3,Qwen3-0.6B,0.6,H20 96GB,SGLang,BF16,14336,1,2478.02,6611.730333088514,GSM8K,0.5959,0.0,retired
Qwen3,Qwen3-1.7B,1.72,H20 96GB,SGLang,BF16,14336,1,1525.71,10738.606943652463,GSM8K,0.7544,0.0,retired
Qwen3,Qwen3-4B,4.02,H20 96GB,SGLang,BF16,14336,1,789.25,20758.948368704467,GSM8K,0.8779,0.0,retired
Qwen3,Qwen3-8B,8.19,H20 96GB,SGLang,BF16,14336,1,524.7,31225.462168858394,GSM8K,0.8984000000000001,0.0,retired
Qwen3,Qwen3-14B,14.77,H20 96GB,SGLang,BF16,14336,1,317.56,51593.399672502834,GSM8K,0.9248999999999999,0.0,retired
Qwen3,Qwen3-32B,32.76,H20 96GB,SGLang,BF16,14336,1,143.08,114509.36538999161,GSM8K,0.934,0.0,retired
Qwen3,Qwen3-0.6B,0.6,H20 96GB,SGLang,BF16,30720,1,3577.42,9159.67373134829,GSM8K,0.5959,0.0,retired
Qwen3,Qwen3-1.7B,1.72,H20 96GB,SGLang,BF16,30720,1,2439.03,13434.84909984707,GSM8K,0.7544,0.0,retired
Qwen3,Qwen3-4B,4.02,H20 96GB,SGLang,BF16,30720,1,1165.75,28108.942740724855,GSM8K,0.8779,0.0,retired
Qwen3,Qwen3-8B,8.19,H20 96GB,SGLang,BF16,30720,1,832.67,39352.92492824289,GSM8K,0.8984000000000001,0.0,retired
Qwen3,Qwen3-14B,14.77,H20 96GB,SGLang,BF16,30720,1,525.8,62320.27386839103,GSM8K,0.9248999999999999,0.0,retired
Qwen3,Qwen3-32B,32.76,H20 96GB,SGLang,BF16,30720,1,240.75,136107.9958463136,GSM8K,0.934,0.0,retired
Qwen3,Qwen3-4B,4.02,H20 96GB,SGLang,BF16,63488,1,1423.98,46023.118302223345,GSM8K,0.8779,0.0,retired
Qwen3,Qwen3-8B,8.19,H20 96GB,SGLang,BF16,63488,1,1112.78,58893.94130016715,GSM8K,0.8984000000000001,0.0,retired
Qwen3,Qwen3-14B,14.77,H20 96GB,SGLang,BF16,63488,1,742.36,88280.61856781076,GSM8K,0.9248999999999999,0.0,retired
Qwen3,Qwen3-32B,32.76,H20 96GB,SGLang,BF16,63488,1,342.96,191089.33986470726,GSM8K,0.934,0.0,retired
Qwen3,Qwen3-4B,4.02,H20 96GB,SGLang,BF16,129042,1,1371.04,95613.54883883767,GSM8K,0.8779,0.0,retired
Qwen3,Qwen3-8B,8.19,H20 96GB,SGLang,BF16,129042,1,1173.32,111725.70142842532,GSM8K,0.8984000000000001,0.0,retired
Qwen3,Qwen3-14B,14.77,H20 96GB,SGLang,BF16,129042,1,826.15,158675.78526901896,GSM8K,0.9248999999999999,0.0,retired
Qwen3,Qwen3-32B,32.76,H20 96GB,SGLang,BF16,129042,2,711.4,184270.45262861962,GSM8K,0.934,0.0,retired
Qwen3,Qwen3-0.6B,0.6,H20 96GB,Transformers,BF16,1,1,58.57,34983.78009219737,GSM8K,0.5959,0.0,retired
Qwen3,Qwen3-1.7B,1.72,H20 96GB,Transformers,BF16,1,1,59.83,34247.033260905904,GSM8K,0.7544,0.0,retired
Qwen3,Qwen3-4B,4.02,H20 96GB,Transformers,BF16,1,1,45.94,44601.65433173705,GSM8K,0.8779,0.0,retired
Qwen3,Qwen3-8B,8.19,H20 96GB,Transformers,BF16,1,1,45.32,45211.82700794351,GSM8K,0.8984000000000001,0.0,retired
Qwen3,Qwen3-14B,14.77,H20 96GB,Transformers,BF16,1,1,40.66,50393.50713231678,GSM8K,0.9248999999999999,0.0,retired
Qwen3,Qwen3-32B,32.76,H20 96GB,Transformers,BF16,1,1,26.24,78086.89024390244,GSM8K,0.934,0.0,retired
Qwen3,Qwen3-0.6B,0.6,H20 96GB,Transformers,BF16,6144,1,154.82,52913.060328122985,GSM8K,0.5959,0.0,retired
Qwen3,Qwen3-1.7B,1.72,H20 96GB,Transformers,BF16,6144,1,238.53,34343.68842493607,GSM8K,0.7544,0.0,retired
Qwen3,Qwen3-4B,4.02,H20 96GB,Transformers,BF16,6144,1,159.95,51216.00500156299,GSM8K,0.8779,0.0,retired
Qwen3,Qwen3-8B,8.19,H20 96GB,Transformers,BF16,6144,1,146.12,56063.50944429236,GSM8K,0.8984000000000001,0.0,retired
Qwen3,Qwen3-14B,14.77,H20 96GB,Transformers,BF16,6144,1,108.52,75488.38923700701,GSM8K,0.9248999999999999,0.0,retired
Qwen3,Qwen3-32B,32.76,H20 96GB,Transformers,BF16,6144,1,51.41,159346.4306555145,GSM8K,0.934,0.0,retired
Qwen3,Qwen3-0.6B,0.6,H20 96GB,Transformers,BF16,14336,1,168.48,97245.96391263058,GSM8K,0.5959,0.0,retired
Qwen3,Qwen3-1.7B,1.72,H20 96GB,Transformers,BF16,14336,1,352.59,46467.56856405457,GSM8K,0.7544,0.0,retired
Qwen3,Qwen3-4B,4.02,H20 96GB,Transformers,BF16,14336,1,195.31,83887.15375556807,GSM8K,0.8779,0.0,retired
Qwen3,Qwen3-8B,8.19,H20 96GB,Transformers,BF16,14336,1,183.29,89388.40089475695,GSM8K,0.8984000000000001,0.0,retired
Qwen3,Qwen3-14B,14.77,H20 96GB,Transformers,BF16,14336,1,136.36,120152.53740099735,GSM8K,0.9248999999999999,0.0,retired
Qwen3,Qwen3-32B,32.76,H20 96GB,Transformers,BF16,14336,1,62.41,262522.031725685,GSM8K,0.934,0.0,retired
Qwen3,Qwen3-0.6B,0.6,H20 96GB,Transformers,BF16,30720,1,175.93,186255.89723185357,GSM8K,0.5959,0.0,retired
Qwen3,Qwen3-1.7B,1.72,H20 96GB,Transformers,BF16,30720,1,418.13,78367.97168344773,GSM8K,0.7544,0.0,retired
Qwen3,Qwen3-4B,4.02,H20 96GB,Transformers,BF16,30720,1,217.97,150332.61457998806,GSM8K,0.8779,0.0,retired
Qwen3,Qwen3-8B,8.19,H20 96GB,Transformers,BF16,30720,1,208.98,156799.69375059815,GSM8K,0.8984000000000001,0.0,retired
Qwen3,Qwen3-14B,14.77,H20 96GB,Transformers,BF16,30720,1,155.38,210889.432359377,GSM8K,0.9248999999999999,0.0,retired
Qwen3,Qwen3-32B,32.76,H20 96GB,Transformers,BF16,30720,1,69.16,473799.8843262001,GSM8K,0.934,0.0,retired
Qwen3,Qwen3-0.6B,0.6,H20 96GB,SGLang,BF16,1,1,414.17,4947.243885361084,INCLUDE,0.34259999999999996,0.0,headroom
Qwen3,Qwen3-1.7B,1.72,H20 96GB,SGLang,BF16,1,1,227.8,8994.732221246708,INCLUDE,0.4557,0.0,headroom
Qwen3,Qwen3-4B,4.02,H20 96GB,SGLang,BF16,1,1,133.13,15390.97123112747,INCLUDE,0.5629,0.0,headroom
Qwen3,Qwen3-14B,14.77,H20 96GB,SGLang,BF16,1,1,47.1,43503.1847133758,INCLUDE,0.6455,0.0,headroom
Qwen3,Qwen3-32B,32.76,H20 96GB,SGLang,BF16,1,1,20.72,98889.96138996139,INCLUDE,0.6787000000000001,0.0,headroom
Qwen3,Qwen3-0.6B,0.6,H20 96GB,SGLang,BF16,6144,1,1426.46,5742.887988446924,INCLUDE,0.34259999999999996,0.0,headroom
Qwen3,Qwen3-1.7B,1.72,H20 96GB,SGLang,BF16,6144,1,838.28,9772.391086510474,INCLUDE,0.4557,0.0,headroom
Qwen3,Qwen3-4B,4.02,H20 96GB,SGLang,BF16,6144,1,466.19,17572.23449666445,INCLUDE,0.5629,0.0,headroom
Qwen3,Qwen3-14B,14.77,H20 96GB,SGLang,BF16,6144,1,174.85,46851.587074635405,INCLUDE,0.6455,0.0,headroom
Qwen3,Qwen3-32B,32.76,H20 96GB,SGLang,BF16,6144,1,77.82,105268.5684913904,INCLUDE,0.6787000000000001,0.0,headroom
Qwen3,Qwen3-0.6B,0.6,H20 96GB,SGLang,BF16,14336,1,2478.02,6611.730333088514,INCLUDE,0.34259999999999996,0.0,headroom
Qwen3,Qwen3-1.7B,1.72,H20 96GB,SGLang,BF16,14336,1,1525.71,10738.606943652463,INCLUDE,0.4557,0.0,headroom
Qwen3,Qwen3-4B,4.02,H20 96GB,SGLang,BF16,14336,1,789.25,20758.948368704467,INCLUDE,0.5629,0.0,headroom
Qwen3,Qwen3-14B,14.77,H20 96GB,SGLang,BF16,14336,1,317.56,51593.399672502834,INCLUDE,0.6455,0.0,headroom
Qwen3,Qwen3-32B,32.76,H20 96GB,SGLang,BF16,14336,1,143.08,114509.36538999161,INCLUDE,0.6787000000000001,0.0,headroom
Qwen3,Qwen3-0.6B,0.6,H20 96GB,SGLang,BF16,30720,1,3577.42,9159.67373134829,INCLUDE,0.34259999999999996,0.0,headroom
Qwen3,Qwen3-1.7B,1.72,H20 96GB,SGLang,BF16,30720,1,2439.03,13434.84909984707,INCLUDE,0.4557,0.0,headroom
Qwen3,Qwen3-4B,4.02,H20 96GB,SGLang,BF16,30720,1,1165.75,28108.942740724855,INCLUDE,0.5629,0.0,headroom
Qwen3,Qwen3-14B,14.77,H20 96GB,SGLang,BF16,30720,1,525.8,62320.27386839103,INCLUDE,0.6455,0.0,headroom
Qwen3,Qwen3-32B,32.76,H20 96GB,SGLang,BF16,30720,1,240.75,136107.9958463136,INCLUDE,0.6787000000000001,0.0,headroom
Qwen3,Qwen3-4B,4.02,H20 96GB,SGLang,BF16,63488,1,1423.98,46023.118302223345,INCLUDE,0.5629,0.0,headroom
Qwen3,Qwen3-14B,14.77,H20 96GB,SGLang,BF16,63488,1,742.36,88280.61856781076,INCLUDE,0.6455,0.0,headroom
Qwen3,Qwen3-32B,32.76,H20 96GB,SGLang,BF16,63488,1,342.96,191089.33986470726,INCLUDE,0.6787000000000001,0.0,headroom
Qwen3,Qwen3-4B,4.02,H20 96GB,SGLang,BF16,129042,1,1371.04,95613.54883883767,INCLUDE,0.5629,0.0,headroom
Qwen3,Qwen3-14B,14.77,H20 96GB,SGLang,BF16,129042,1,826.15,158675.78526901896,INCLUDE,0.6455,0.0,headroom
Qwen3,Qwen3-32B,32.76,H20 96GB,SGLang,BF16,129042,2,711.4,184270.45262861962,INCLUDE,0.6787000000000001,0.0,headroom
Qwen3,Qwen3-0.6B,0.6,H20 96GB,Transformers,BF16,1,1,58.57,34983.78009219737,INCLUDE,0.34259999999999996,0.0,headroom
Qwen3,Qwen3-1.7B,1.72,H20 96GB,Transformers,BF16,1,1,59.83,34247.033260905904,INCLUDE,0.4557,0.0,headroom
Qwen3,Qwen3-4B,4.02,H20 96GB,Transformers,BF16,1,1,45.94,44601.65433173705,INCLUDE,0.5629,0.0,headroom
Qwen3,Qwen3-14B,14.77,H20 96GB,Transformers,BF16,1,1,40.66,50393.50713231678,INCLUDE,0.6455,0.0,headroom
Qwen3,Qwen3-32B,32.76,H20 96GB,Transformers,BF16,1,1,26.24,78086.89024390244,INCLUDE,0.6787000000000001,0.0,headroom
Qwen3,Qwen3-0.6B,0.6,H20 96GB,Transformers,BF16,6144,1,154.82,52913.060328122985,INCLUDE,0.34259999999999996,0.0,headroom
Qwen3,Qwen3-1.7B,1.72,H20 96GB,Transformers,BF16,6144,1,238.53,34343.68842493607,INCLUDE,0.4557,0.0,headroom
Qwen3,Qwen3-4B,4.02,H20 96GB,Transformers,BF16,6144,1,159.95,51216.00500156299,INCLUDE,0.5629,0.0,headroom
Qwen3,Qwen3-14B,14.77,H20 96GB,Transformers,BF16,6144,1,108.52,75488.38923700701,INCLUDE,0.6455,0.0,headroom
Qwen3,Qwen3-32B,32.76,H20 96GB,Transformers,BF16,6144,1,51.41,159346.4306555145,INCLUDE,0.6787000000000001,0.0,headroom
Qwen3,Qwen3-0.6B,0.6,H20 96GB,Transformers,BF16,14336,1,168.48,97245.96391263058,INCLUDE,0.34259999999999996,0.0,headroom
Qwen3,Qwen3-1.7B,1.72,H20 96GB,Transformers,BF16,14336,1,352.59,46467.56856405457,INCLUDE,0.4557,0.0,headroom
Qwen3,Qwen3-4B,4.02,H20 96GB,Transformers,BF16,14336,1,195.31,83887.15375556807,INCLUDE,0.5629,0.0,headroom
Qwen3,Qwen3-14B,14.77,H20 96GB,Transformers,BF16,14336,1,136.36,120152.53740099735,INCLUDE,0.6455,0.0,headroom
Qwen3,Qwen3-32B,32.76,H20 96GB,Transformers,BF16,14336,1,62.41,262522.031725685,INCLUDE,0.6787000000000001,0.0,headroom
Qwen3,Qwen3-0.6B,0.6,H20 96GB,Transformers,BF16,30720,1,175.93,186255.89723185357,INCLUDE,0.34259999999999996,0.0,headroom
Qwen3,Qwen3-1.7B,1.72,H20 96GB,Transformers,BF16,30720,1,418.13,78367.97168344773,INCLUDE,0.4557,0.0,headroom
Qwen3,Qwen3-4B,4.02,H20 96GB,Transformers,BF16,30720,1,217.97,150332.61457998806,INCLUDE,0.5629,0.0,headroom
Qwen3,Qwen3-14B,14.77,H20 96GB,Transformers,BF16,30720,1,155.38,210889.432359377,INCLUDE,0.6455,0.0,headroom
Qwen3,Qwen3-32B,32.76,H20 96GB,Transformers,BF16,30720,1,69.16,473799.8843262001,INCLUDE,0.6787000000000001,0.0,headroom
Qwen3,Qwen3-0.6B,0.6,H20 96GB,SGLang,BF16,1,1,414.17,4947.243885361084,MATH,0.32439999999999997,0.0,headroom
Qwen3,Qwen3-1.7B,1.72,H20 96GB,SGLang,BF16,1,1,227.8,8994.732221246708,MATH,0.435,0.0,headroom
Qwen3,Qwen3-4B,4.02,H20 96GB,SGLang,BF16,1,1,133.13,15390.97123112747,MATH,0.541,0.0,headroom
Qwen3,Qwen3-8B,8.19,H20 96GB,SGLang,BF16,1,1,81.73,25070.35360332803,MATH,0.608,0.0,headroom
Qwen3,Qwen3-14B,14.77,H20 96GB,SGLang,BF16,1,1,47.1,43503.1847133758,MATH,0.6202000000000001,0.0,headroom
Qwen3,Qwen3-32B,32.76,H20 96GB,SGLang,BF16,1,1,20.72,98889.96138996139,MATH,0.6162,0.0,headroom
Qwen3,Qwen3-0.6B,0.6,H20 96GB,SGLang,BF16,6144,1,1426.46,5742.887988446924,MATH,0.32439999999999997,0.0,headroom
Qwen3,Qwen3-1.7B,1.72,H20 96GB,SGLang,BF16,6144,1,838.28,9772.391086510474,MATH,0.435,0.0,headroom
Qwen3,Qwen3-4B,4.02,H20 96GB,SGLang,BF16,6144,1,466.19,17572.23449666445,MATH,0.541,0.0,headroom
Qwen3,Qwen3-8B,8.19,H20 96GB,SGLang,BF16,6144,1,296.25,27652.320675105486,MATH,0.608,0.0,headroom
Qwen3,Qwen3-14B,14.77,H20 96GB,SGLang,BF16,6144,1,174.85,46851.587074635405,MATH,0.6202000000000001,0.0,headroom
Qwen3,Qwen3-32B,32.76,H20 96GB,SGLang,BF16,6144,1,77.82,105268.5684913904,MATH,0.6162,0.0,headroom
Qwen3,Qwen3-0.6B,0.6,H20 96GB,SGLang,BF16,14336,1,2478.02,6611.730333088514,MATH,0.32439999999999997,0.0,headroom
Qwen3,Qwen3-1.7B,1.72,H20 96GB,SGLang,BF16,14336,1,1525.71,10738.606943652463,MATH,0.435,0.0,headroom
Qwen3,Qwen3-4B,4.02,H20 96GB,SGLang,BF16,14336,1,789.25,20758.948368704467,MATH,0.541,0.0,headroom
Qwen3,Qwen3-8B,8.19,H20 96GB,SGLang,BF16,14336,1,524.7,31225.462168858394,MATH,0.608,0.0,headroom
Qwen3,Qwen3-14B,14.77,H20 96GB,SGLang,BF16,14336,1,317.56,51593.399672502834,MATH,0.6202000000000001,0.0,headroom
Qwen3,Qwen3-32B,32.76,H20 96GB,SGLang,BF16,14336,1,143.08,114509.36538999161,MATH,0.6162,0.0,headroom
Qwen3,Qwen3-0.6B,0.6,H20 96GB,SGLang,BF16,30720,1,3577.42,9159.67373134829,MATH,0.32439999999999997,0.0,headroom
Qwen3,Qwen3-1.7B,1.72,H20 96GB,SGLang,BF16,30720,1,2439.03,13434.84909984707,MATH,0.435,0.0,headroom
Qwen3,Qwen3-4B,4.02,H20 96GB,SGLang,BF16,30720,1,1165.75,28108.942740724855,MATH,0.541,0.0,headroom
Qwen3,Qwen3-8B,8.19,H20 96GB,SGLang,BF16,30720,1,832.67,39352.92492824289,MATH,0.608,0.0,headroom
Qwen3,Qwen3-14B,14.77,H20 96GB,SGLang,BF16,30720,1,525.8,62320.27386839103,MATH,0.6202000000000001,0.0,headroom
Qwen3,Qwen3-32B,32.76,H20 96GB,SGLang,BF16,30720,1,240.75,136107.9958463136,MATH,0.6162,0.0,headroom
Qwen3,Qwen3-4B,4.02,H20 96GB,SGLang,BF16,63488,1,1423.98,46023.118302223345,MATH,0.541,0.0,headroom
Qwen3,Qwen3-8B,8.19,H20 96GB,SGLang,BF16,63488,1,1112.78,58893.94130016715,MATH,0.608,0.0,headroom
Qwen3,Qwen3-14B,14.77,H20 96GB,SGLang,BF16,63488,1,742.36,88280.61856781076,MATH,0.6202000000000001,0.0,headroom
Qwen3,Qwen3-32B,32.76,H20 96GB,SGLang,BF16,63488,1,342.96,191089.33986470726,MATH,0.6162,0.0,headroom
Qwen3,Qwen3-4B,4.02,H20 96GB,SGLang,BF16,129042,1,1371.04,95613.54883883767,MATH,0.541,0.0,headroom
Qwen3,Qwen3-8B,8.19,H20 96GB,SGLang,BF16,129042,1,1173.32,111725.70142842532,MATH,0.608,0.0,headroom
Qwen3,Qwen3-14B,14.77,H20 96GB,SGLang,BF16,129042,1,826.15,158675.78526901896,MATH,0.6202000000000001,0.0,headroom
Qwen3,Qwen3-32B,32.76,H20 96GB,SGLang,BF16,129042,2,711.4,184270.45262861962,MATH,0.6162,0.0,headroom
Qwen3,Qwen3-0.6B,0.6,H20 96GB,Transformers,BF16,1,1,58.57,34983.78009219737,MATH,0.32439999999999997,0.0,headroom
Qwen3,Qwen3-1.7B,1.72,H20 96GB,Transformers,BF16,1,1,59.83,34247.033260905904,MATH,0.435,0.0,headroom
Qwen3,Qwen3-4B,4.02,H20 96GB,Transformers,BF16,1,1,45.94,44601.65433173705,MATH,0.541,0.0,headroom
Qwen3,Qwen3-8B,8.19,H20 96GB,Transformers,BF16,1,1,45.32,45211.82700794351,MATH,0.608,0.0,headroom
Qwen3,Qwen3-14B,14.77,H20 96GB,Transformers,BF16,1,1,40.66,50393.50713231678,MATH,0.6202000000000001,0.0,headroom
Qwen3,Qwen3-32B,32.76,H20 96GB,Transformers,BF16,1,1,26.24,78086.89024390244,MATH,0.6162,0.0,headroom
Qwen3,Qwen3-0.6B,0.6,H20 96GB,Transformers,BF16,6144,1,154.82,52913.060328122985,MATH,0.32439999999999997,0.0,headroom
Qwen3,Qwen3-1.7B,1.72,H20 96GB,Transformers,BF16,6144,1,238.53,34343.68842493607,MATH,0.435,0.0,headroom
Qwen3,Qwen3-4B,4.02,H20 96GB,Transformers,BF16,6144,1,159.95,51216.00500156299,MATH,0.541,0.0,headroom
Qwen3,Qwen3-8B,8.19,H20 96GB,Transformers,BF16,6144,1,146.12,56063.50944429236,MATH,0.608,0.0,headroom
Qwen3,Qwen3-14B,14.77,H20 96GB,Transformers,BF16,6144,1,108.52,75488.38923700701,MATH,0.6202000000000001,0.0,headroom
Qwen3,Qwen3-32B,32.76,H20 96GB,Transformers,BF16,6144,1,51.41,159346.4306555145,MATH,0.6162,0.0,headroom
Qwen3,Qwen3-0.6B,0.6,H20 96GB,Transformers,BF16,14336,1,168.48,97245.96391263058,MATH,0.32439999999999997,0.0,headroom
Qwen3,Qwen3-1.7B,1.72,H20 96GB,Transformers,BF16,14336,1,352.59,46467.56856405457,MATH,0.435,0.0,headroom
Qwen3,Qwen3-4B,4.02,H20 96GB,Transformers,BF16,14336,1,195.31,83887.15375556807,MATH,0.541,0.0,headroom
Qwen3,Qwen3-8B,8.19,H20 96GB,Transformers,BF16,14336,1,183.29,89388.40089475695,MATH,0.608,0.0,headroom
Qwen3,Qwen3-14B,14.77,H20 96GB,Transformers,BF16,14336,1,136.36,120152.53740099735,MATH,0.6202000000000001,0.0,headroom
Qwen3,Qwen3-32B,32.76,H20 96GB,Transformers,BF16,14336,1,62.41,262522.031725685,MATH,0.6162,0.0,headroom
Qwen3,Qwen3-0.6B,0.6,H20 96GB,Transformers,BF16,30720,1,175.93,186255.89723185357,MATH,0.32439999999999997,0.0,headroom
Qwen3,Qwen3-1.7B,1.72,H20 96GB,Transformers,BF16,30720,1,418.13,78367.97168344773,MATH,0.435,0.0,headroom
Qwen3,Qwen3-4B,4.02,H20 96GB,Transformers,BF16,30720,1,217.97,150332.61457998806,MATH,0.541,0.0,headroom
Qwen3,Qwen3-8B,8.19,H20 96GB,Transformers,BF16,30720,1,208.98,156799.69375059815,MATH,0.608,0.0,headroom
Qwen3,Qwen3-14B,14.77,H20 96GB,Transformers,BF16,30720,1,155.38,210889.432359377,MATH,0.6202000000000001,0.0,headroom
Qwen3,Qwen3-32B,32.76,H20 96GB,Transformers,BF16,30720,1,69.16,473799.8843262001,MATH,0.6162,0.0,headroom
Qwen3,Qwen3-0.6B,0.6,H20 96GB,SGLang,BF16,1,1,414.17,4947.243885361084,MBPP,0.366,0.0,headroom
Qwen3,Qwen3-1.7B,1.72,H20 96GB,SGLang,BF16,1,1,227.8,8994.732221246708,MBPP,0.5539999999999999,0.0,headroom
Qwen3,Qwen3-4B,4.02,H20 96GB,SGLang,BF16,1,1,133.13,15390.97123112747,MBPP,0.67,0.0,headroom
Qwen3,Qwen3-8B,8.19,H20 96GB,SGLang,BF16,1,1,81.73,25070.35360332803,MBPP,0.698,0.0,headroom
Qwen3,Qwen3-14B,14.77,H20 96GB,SGLang,BF16,1,1,47.1,43503.1847133758,MBPP,0.7340000000000001,0.0,headroom
Qwen3,Qwen3-32B,32.76,H20 96GB,SGLang,BF16,1,1,20.72,98889.96138996139,MBPP,0.782,0.0,headroom
Qwen3,Qwen3-0.6B,0.6,H20 96GB,SGLang,BF16,6144,1,1426.46,5742.887988446924,MBPP,0.366,0.0,headroom
Qwen3,Qwen3-1.7B,1.72,H20 96GB,SGLang,BF16,6144,1,838.28,9772.391086510474,MBPP,0.5539999999999999,0.0,headroom
Qwen3,Qwen3-4B,4.02,H20 96GB,SGLang,BF16,6144,1,466.19,17572.23449666445,MBPP,0.67,0.0,headroom
Qwen3,Qwen3-8B,8.19,H20 96GB,SGLang,BF16,6144,1,296.25,27652.320675105486,MBPP,0.698,0.0,headroom
Qwen3,Qwen3-14B,14.77,H20 96GB,SGLang,BF16,6144,1,174.85,46851.587074635405,MBPP,0.7340000000000001,0.0,headroom
Qwen3,Qwen3-32B,32.76,H20 96GB,SGLang,BF16,6144,1,77.82,105268.5684913904,MBPP,0.782,0.0,headroom
Qwen3,Qwen3-0.6B,0.6,H20 96GB,SGLang,BF16,14336,1,2478.02,6611.730333088514,MBPP,0.366,0.0,headroom
Qwen3,Qwen3-1.7B,1.72,H20 96GB,SGLang,BF16,14336,1,1525.71,10738.606943652463,MBPP,0.5539999999999999,0.0,headroom
Qwen3,Qwen3-4B,4.02,H20 96GB,SGLang,BF16,14336,1,789.25,20758.948368704467,MBPP,0.67,0.0,headroom
Qwen3,Qwen3-8B,8.19,H20 96GB,SGLang,BF16,14336,1,524.7,31225.462168858394,MBPP,0.698,0.0,headroom
Qwen3,Qwen3-14B,14.77,H20 96GB,SGLang,BF16,14336,1,317.56,51593.399672502834,MBPP,0.7340000000000001,0.0,headroom
Qwen3,Qwen3-32B,32.76,H20 96GB,SGLang,BF16,14336,1,143.08,114509.36538999161,MBPP,0.782,0.0,headroom
Qwen3,Qwen3-0.6B,0.6,H20 96GB,SGLang,BF16,30720,1,3577.42,9159.67373134829,MBPP,0.366,0.0,headroom
Qwen3,Qwen3-1.7B,1.72,H20 96GB,SGLang,BF16,30720,1,2439.03,13434.84909984707,MBPP,0.5539999999999999,0.0,headroom
Qwen3,Qwen3-4B,4.02,H20 96GB,SGLang,BF16,30720,1,1165.75,28108.942740724855,MBPP,0.67,0.0,headroom
Qwen3,Qwen3-8B,8.19,H20 96GB,SGLang,BF16,30720,1,832.67,39352.92492824289,MBPP,0.698,0.0,headroom
Qwen3,Qwen3-14B,14.77,H20 96GB,SGLang,BF16,30720,1,525.8,62320.27386839103,MBPP,0.7340000000000001,0.0,headroom
Qwen3,Qwen3-32B,32.76,H20 96GB,SGLang,BF16,30720,1,240.75,136107.9958463136,MBPP,0.782,0.0,headroom
Qwen3,Qwen3-4B,4.02,H20 96GB,SGLang,BF16,63488,1,1423.98,46023.118302223345,MBPP,0.67,0.0,headroom
Qwen3,Qwen3-8B,8.19,H20 96GB,SGLang,BF16,63488,1,1112.78,58893.94130016715,MBPP,0.698,0.0,headroom
Qwen3,Qwen3-14B,14.77,H20 96GB,SGLang,BF16,63488,1,742.36,88280.61856781076,MBPP,0.7340000000000001,0.0,headroom
Qwen3,Qwen3-32B,32.76,H20 96GB,SGLang,BF16,63488,1,342.96,191089.33986470726,MBPP,0.782,0.0,headroom
Qwen3,Qwen3-4B,4.02,H20 96GB,SGLang,BF16,129042,1,1371.04,95613.54883883767,MBPP,0.67,0.0,headroom
Qwen3,Qwen3-8B,8.19,H20 96GB,SGLang,BF16,129042,1,1173.32,111725.70142842532,MBPP,0.698,0.0,headroom
Qwen3,Qwen3-14B,14.77,H20 96GB,SGLang,BF16,129042,1,826.15,158675.78526901896,MBPP,0.7340000000000001,0.0,headroom
Qwen3,Qwen3-32B,32.76,H20 96GB,SGLang,BF16,129042,2,711.4,184270.45262861962,MBPP,0.782,0.0,headroom
Qwen3,Qwen3-0.6B,0.6,H20 96GB,Transformers,BF16,1,1,58.57,34983.78009219737,MBPP,0.366,0.0,headroom
Qwen3,Qwen3-1.7B,1.72,H20 96GB,Transformers,BF16,1,1,59.83,34247.033260905904,MBPP,0.5539999999999999,0.0,headroom
Qwen3,Qwen3-4B,4.02,H20 96GB,Transformers,BF16,1,1,45.94,44601.65433173705,MBPP,0.67,0.0,headroom
Qwen3,Qwen3-8B,8.19,H20 96GB,Transformers,BF16,1,1,45.32,45211.82700794351,MBPP,0.698,0.0,headroom
Qwen3,Qwen3-14B,14.77,H20 96GB,Transformers,BF16,1,1,40.66,50393.50713231678,MBPP,0.7340000000000001,0.0,headroom
Qwen3,Qwen3-32B,32.76,H20 96GB,Transformers,BF16,1,1,26.24,78086.89024390244,MBPP,0.782,0.0,headroom
Qwen3,Qwen3-0.6B,0.6,H20 96GB,Transformers,BF16,6144,1,154.82,52913.060328122985,MBPP,0.366,0.0,headroom
Qwen3,Qwen3-1.7B,1.72,H20 96GB,Transformers,BF16,6144,1,238.53,34343.68842493607,MBPP,0.5539999999999999,0.0,headroom
Qwen3,Qwen3-4B,4.02,H20 96GB,Transformers,BF16,6144,1,159.95,51216.00500156299,MBPP,0.67,0.0,headroom
Qwen3,Qwen3-8B,8.19,H20 96GB,Transformers,BF16,6144,1,146.12,56063.50944429236,MBPP,0.698,0.0,headroom
Qwen3,Qwen3-14B,14.77,H20 96GB,Transformers,BF16,6144,1,108.52,75488.38923700701,MBPP,0.7340000000000001,0.0,headroom
Qwen3,Qwen3-32B,32.76,H20 96GB,Transformers,BF16,6144,1,51.41,159346.4306555145,MBPP,0.782,0.0,headroom
Qwen3,Qwen3-0.6B,0.6,H20 96GB,Transformers,BF16,14336,1,168.48,97245.96391263058,MBPP,0.366,0.0,headroom
Qwen3,Qwen3-1.7B,1.72,H20 96GB,Transformers,BF16,14336,1,352.59,46467.56856405457,MBPP,0.5539999999999999,0.0,headroom
Qwen3,Qwen3-4B,4.02,H20 96GB,Transformers,BF16,14336,1,195.31,83887.15375556807,MBPP,0.67,0.0,headroom
Qwen3,Qwen3-8B,8.19,H20 96GB,Transformers,BF16,14336,1,183.29,89388.40089475695,MBPP,0.698,0.0,headroom
Qwen3,Qwen3-14B,14.77,H20 96GB,Transformers,BF16,14336,1,136.36,120152.53740099735,MBPP,0.7340000000000001,0.0,headroom
Qwen3,Qwen3-32B,32.76,H20 96GB,Transformers,BF16,14336,1,62.41,262522.031725685,MBPP,0.782,0.0,headroom
Qwen3,Qwen3-0.6B,0.6,H20 96GB,Transformers,BF16,30720,1,175.93,186255.89723185357,MBPP,0.366,0.0,headroom
Qwen3,Qwen3-1.7B,1.72,H20 96GB,Transformers,BF16,30720,1,418.13,78367.97168344773,MBPP,0.5539999999999999,0.0,headroom
Qwen3,Qwen3-4B,4.02,H20 96GB,Transformers,BF16,30720,1,217.97,150332.61457998806,MBPP,0.67,0.0,headroom
Qwen3,Qwen3-8B,8.19,H20 96GB,Transformers,BF16,30720,1,208.98,156799.69375059815,MBPP,0.698,0.0,headroom
Qwen3,Qwen3-14B,14.77,H20 96GB,Transformers,BF16,30720,1,155.38,210889.432359377,MBPP,0.7340000000000001,0.0,headroom
Qwen3,Qwen3-32B,32.76,H20 96GB,Transformers,BF16,30720,1,69.16,473799.8843262001,MBPP,0.782,0.0,headroom
Qwen3,Qwen3-0.6B,0.6,H20 96GB,SGLang,BF16,1,1,414.17,4947.243885361084,MGSM,0.3099,0.0,retired
Qwen3,Qwen3-1.7B,1.72,H20 96GB,SGLang,BF16,1,1,227.8,8994.732221246708,MGSM,0.5071,0.0,retired
Qwen3,Qwen3-4B,4.02,H20 96GB,SGLang,BF16,1,1,133.13,15390.97123112747,MGSM,0.6774,0.0,retired
Qwen3,Qwen3-8B,8.19,H20 96GB,SGLang,BF16,1,1,81.73,25070.35360332803,MGSM,0.7602,0.0,retired
Qwen3,Qwen3-14B,14.77,H20 96GB,SGLang,BF16,1,1,47.1,43503.1847133758,MGSM,0.792,0.0,retired
Qwen3,Qwen3-32B,32.76,H20 96GB,SGLang,BF16,1,1,20.72,98889.96138996139,MGSM,0.8306,0.0,retired
Qwen3,Qwen3-0.6B,0.6,H20 96GB,SGLang,BF16,6144,1,1426.46,5742.887988446924,MGSM,0.3099,0.0,retired
Qwen3,Qwen3-1.7B,1.72,H20 96GB,SGLang,BF16,6144,1,838.28,9772.391086510474,MGSM,0.5071,0.0,retired
Qwen3,Qwen3-4B,4.02,H20 96GB,SGLang,BF16,6144,1,466.19,17572.23449666445,MGSM,0.6774,0.0,retired
Qwen3,Qwen3-8B,8.19,H20 96GB,SGLang,BF16,6144,1,296.25,27652.320675105486,MGSM,0.7602,0.0,retired
Qwen3,Qwen3-14B,14.77,H20 96GB,SGLang,BF16,6144,1,174.85,46851.587074635405,MGSM,0.792,0.0,retired
Qwen3,Qwen3-32B,32.76,H20 96GB,SGLang,BF16,6144,1,77.82,105268.5684913904,MGSM,0.8306,0.0,retired
Qwen3,Qwen3-0.6B,0.6,H20 96GB,SGLang,BF16,14336,1,2478.02,6611.730333088514,MGSM,0.3099,0.0,retired
Qwen3,Qwen3-1.7B,1.72,H20 96GB,SGLang,BF16,14336,1,1525.71,10738.606943652463,MGSM,0.5071,0.0,retired
Qwen3,Qwen3-4B,4.02,H20 96GB,SGLang,BF16,14336,1,789.25,20758.948368704467,MGSM,0.6774,0.0,retired
Qwen3,Qwen3-8B,8.19,H20 96GB,SGLang,BF16,14336,1,524.7,31225.462168858394,MGSM,0.7602,0.0,retired
Qwen3,Qwen3-14B,14.77,H20 96GB,SGLang,BF16,14336,1,317.56,51593.399672502834,MGSM,0.792,0.0,retired
Qwen3,Qwen3-32B,32.76,H20 96GB,SGLang,BF16,14336,1,143.08,114509.36538999161,MGSM,0.8306,0.0,retired
Qwen3,Qwen3-0.6B,0.6,H20 96GB,SGLang,BF16,30720,1,3577.42,9159.67373134829,MGSM,0.3099,0.0,retired
Qwen3,Qwen3-1.7B,1.72,H20 96GB,SGLang,BF16,30720,1,2439.03,13434.84909984707,MGSM,0.5071,0.0,retired
Qwen3,Qwen3-4B,4.02,H20 96GB,SGLang,BF16,30720,1,1165.75,28108.942740724855,MGSM,0.6774,0.0,retired
Qwen3,Qwen3-8B,8.19,H20 96GB,SGLang,BF16,30720,1,832.67,39352.92492824289,MGSM,0.7602,0.0,retired
Qwen3,Qwen3-14B,14.77,H20 96GB,SGLang,BF16,30720,1,525.8,62320.27386839103,MGSM,0.792,0.0,retired
Qwen3,Qwen3-32B,32.76,H20 96GB,SGLang,BF16,30720,1,240.75,136107.9958463136,MGSM,0.8306,0.0,retired
Qwen3,Qwen3-4B,4.02,H20 96GB,SGLang,BF16,63488,1,1423.98,46023.118302223345,MGSM,0.6774,0.0,retired
Qwen3,Qwen3-8B,8.19,H20 96GB,SGLang,BF16,63488,1,1112.78,58893.94130016715,MGSM,0.7602,0.0,retired
Qwen3,Qwen3-14B,14.77,H20 96GB,SGLang,BF16,63488,1,742.36,88280.61856781076,MGSM,0.792,0.0,retired
Qwen3,Qwen3-32B,32.76,H20 96GB,SGLang,BF16,63488,1,342.96,191089.33986470726,MGSM,0.8306,0.0,retired
Qwen3,Qwen3-4B,4.02,H20 96GB,SGLang,BF16,129042,1,1371.04,95613.54883883767,MGSM,0.6774,0.0,retired
Qwen3,Qwen3-8B,8.19,H20 96GB,SGLang,BF16,129042,1,1173.32,111725.70142842532,MGSM,0.7602,0.0,retired
Qwen3,Qwen3-14B,14.77,H20 96GB,SGLang,BF16,129042,1,826.15,158675.78526901896,MGSM,0.792,0.0,retired
Qwen3,Qwen3-32B,32.76,H20 96GB,SGLang,BF16,129042,2,711.4,184270.45262861962,MGSM,0.8306,0.0,retired
Qwen3,Qwen3-0.6B,0.6,H20 96GB,Transformers,BF16,1,1,58.57,34983.78009219737,MGSM,0.3099,0.0,retired
Qwen3,Qwen3-1.7B,1.72,H20 96GB,Transformers,BF16,1,1,59.83,34247.033260905904,MGSM,0.5071,0.0,retired
Qwen3,Qwen3-4B,4.02,H20 96GB,Transformers,BF16,1,1,45.94,44601.65433173705,MGSM,0.6774,0.0,retired
Qwen3,Qwen3-8B,8.19,H20 96GB,Transformers,BF16,1,1,45.32,45211.82700794351,MGSM,0.7602,0.0,retired
Qwen3,Qwen3-14B,14.77,H20 96GB,Transformers,BF16,1,1,40.66,50393.50713231678,MGSM,0.792,0.0,retired
Qwen3,Qwen3-32B,32.76,H20 96GB,Transformers,BF16,1,1,26.24,78086.89024390244,MGSM,0.8306,0.0,retired
Qwen3,Qwen3-0.6B,0.6,H20 96GB,Transformers,BF16,6144,1,154.82,52913.060328122985,MGSM,0.3099,0.0,retired
Qwen3,Qwen3-1.7B,1.72,H20 96GB,Transformers,BF16,6144,1,238.53,34343.68842493607,MGSM,0.5071,0.0,retired
Qwen3,Qwen3-4B,4.02,H20 96GB,Transformers,BF16,6144,1,159.95,51216.00500156299,MGSM,0.6774,0.0,retired
Qwen3,Qwen3-8B,8.19,H20 96GB,Transformers,BF16,6144,1,146.12,56063.50944429236,MGSM,0.7602,0.0,retired
Qwen3,Qwen3-14B,14.77,H20 96GB,Transformers,BF16,6144,1,108.52,75488.38923700701,MGSM,0.792,0.0,retired
Qwen3,Qwen3-32B,32.76,H20 96GB,Transformers,BF16,6144,1,51.41,159346.4306555145,MGSM,0.8306,0.0,retired
Qwen3,Qwen3-0.6B,0.6,H20 96GB,Transformers,BF16,14336,1,168.48,97245.96391263058,MGSM,0.3099,0.0,retired
Qwen3,Qwen3-1.7B,1.72,H20 96GB,Transformers,BF16,14336,1,352.59,46467.56856405457,MGSM,0.5071,0.0,retired
Qwen3,Qwen3-4B,4.02,H20 96GB,Transformers,BF16,14336,1,195.31,83887.15375556807,MGSM,0.6774,0.0,retired
Qwen3,Qwen3-8B,8.19,H20 96GB,Transformers,BF16,14336,1,183.29,89388.40089475695,MGSM,0.7602,0.0,retired
Qwen3,Qwen3-14B,14.77,H20 96GB,Transformers,BF16,14336,1,136.36,120152.53740099735,MGSM,0.792,0.0,retired
Qwen3,Qwen3-32B,32.76,H20 96GB,Transformers,BF16,14336,1,62.41,262522.031725685,MGSM,0.8306,0.0,retired
Qwen3,Qwen3-0.6B,0.6,H20 96GB,Transformers,BF16,30720,1,175.93,186255.89723185357,MGSM,0.3099,0.0,retired
Qwen3,Qwen3-1.7B,1.72,H20 96GB,Transformers,BF16,30720,1,418.13,78367.97168344773,MGSM,0.5071,0.0,retired
Qwen3,Qwen3-4B,4.02,H20 96GB,Transformers,BF16,30720,1,217.97,150332.61457998806,MGSM,0.6774,0.0,retired
Qwen3,Qwen3-8B,8.19,H20 96GB,Transformers,BF16,30720,1,208.98,156799.69375059815,MGSM,0.7602,0.0,retired
Qwen3,Qwen3-14B,14.77,H20 96GB,Transformers,BF16,30720,1,155.38,210889.432359377,MGSM,0.792,0.0,retired
Qwen3,Qwen3-32B,32.76,H20 96GB,Transformers,BF16,30720,1,69.16,473799.8843262001,MGSM,0.8306,0.0,retired
Qwen3,Qwen3-0.6B,0.6,H20 96GB,SGLang,BF16,1,1,414.17,4947.243885361084,MMLU,0.5281,0.25,retired
Qwen3,Qwen3-1.7B,1.72,H20 96GB,SGLang,BF16,1,1,227.8,8994.732221246708,MMLU,0.6263000000000001,0.25,retired
Qwen3,Qwen3-4B,4.02,H20 96GB,SGLang,BF16,1,1,133.13,15390.97123112747,MMLU,0.7299,0.25,retired
Qwen3,Qwen3-8B,8.19,H20 96GB,SGLang,BF16,1,1,81.73,25070.35360332803,MMLU,0.7689,0.25,retired
Qwen3,Qwen3-14B,14.77,H20 96GB,SGLang,BF16,1,1,47.1,43503.1847133758,MMLU,0.8105,0.25,retired
Qwen3,Qwen3-32B,32.76,H20 96GB,SGLang,BF16,1,1,20.72,98889.96138996139,MMLU,0.8361,0.25,retired
Qwen3,Qwen3-0.6B,0.6,H20 96GB,SGLang,BF16,6144,1,1426.46,5742.887988446924,MMLU,0.5281,0.25,retired
Qwen3,Qwen3-1.7B,1.72,H20 96GB,SGLang,BF16,6144,1,838.28,9772.391086510474,MMLU,0.6263000000000001,0.25,retired
Qwen3,Qwen3-4B,4.02,H20 96GB,SGLang,BF16,6144,1,466.19,17572.23449666445,MMLU,0.7299,0.25,retired
Qwen3,Qwen3-8B,8.19,H20 96GB,SGLang,BF16,6144,1,296.25,27652.320675105486,MMLU,0.7689,0.25,retired
Qwen3,Qwen3-14B,14.77,H20 96GB,SGLang,BF16,6144,1,174.85,46851.587074635405,MMLU,0.8105,0.25,retired
Qwen3,Qwen3-32B,32.76,H20 96GB,SGLang,BF16,6144,1,77.82,105268.5684913904,MMLU,0.8361,0.25,retired
Qwen3,Qwen3-0.6B,0.6,H20 96GB,SGLang,BF16,14336,1,2478.02,6611.730333088514,MMLU,0.5281,0.25,retired
Qwen3,Qwen3-1.7B,1.72,H20 96GB,SGLang,BF16,14336,1,1525.71,10738.606943652463,MMLU,0.6263000000000001,0.25,retired
Qwen3,Qwen3-4B,4.02,H20 96GB,SGLang,BF16,14336,1,789.25,20758.948368704467,MMLU,0.7299,0.25,retired
Qwen3,Qwen3-8B,8.19,H20 96GB,SGLang,BF16,14336,1,524.7,31225.462168858394,MMLU,0.7689,0.25,retired
Qwen3,Qwen3-14B,14.77,H20 96GB,SGLang,BF16,14336,1,317.56,51593.399672502834,MMLU,0.8105,0.25,retired
Qwen3,Qwen3-32B,32.76,H20 96GB,SGLang,BF16,14336,1,143.08,114509.36538999161,MMLU,0.8361,0.25,retired
Qwen3,Qwen3-0.6B,0.6,H20 96GB,SGLang,BF16,30720,1,3577.42,9159.67373134829,MMLU,0.5281,0.25,retired
Qwen3,Qwen3-1.7B,1.72,H20 96GB,SGLang,BF16,30720,1,2439.03,13434.84909984707,MMLU,0.6263000000000001,0.25,retired
Qwen3,Qwen3-4B,4.02,H20 96GB,SGLang,BF16,30720,1,1165.75,28108.942740724855,MMLU,0.7299,0.25,retired
Qwen3,Qwen3-8B,8.19,H20 96GB,SGLang,BF16,30720,1,832.67,39352.92492824289,MMLU,0.7689,0.25,retired
Qwen3,Qwen3-14B,14.77,H20 96GB,SGLang,BF16,30720,1,525.8,62320.27386839103,MMLU,0.8105,0.25,retired
Qwen3,Qwen3-32B,32.76,H20 96GB,SGLang,BF16,30720,1,240.75,136107.9958463136,MMLU,0.8361,0.25,retired
Qwen3,Qwen3-4B,4.02,H20 96GB,SGLang,BF16,63488,1,1423.98,46023.118302223345,MMLU,0.7299,0.25,retired
Qwen3,Qwen3-8B,8.19,H20 96GB,SGLang,BF16,63488,1,1112.78,58893.94130016715,MMLU,0.7689,0.25,retired
Qwen3,Qwen3-14B,14.77,H20 96GB,SGLang,BF16,63488,1,742.36,88280.61856781076,MMLU,0.8105,0.25,retired
Qwen3,Qwen3-32B,32.76,H20 96GB,SGLang,BF16,63488,1,342.96,191089.33986470726,MMLU,0.8361,0.25,retired
Qwen3,Qwen3-4B,4.02,H20 96GB,SGLang,BF16,129042,1,1371.04,95613.54883883767,MMLU,0.7299,0.25,retired
Qwen3,Qwen3-8B,8.19,H20 96GB,SGLang,BF16,129042,1,1173.32,111725.70142842532,MMLU,0.7689,0.25,retired
Qwen3,Qwen3-14B,14.77,H20 96GB,SGLang,BF16,129042,1,826.15,158675.78526901896,MMLU,0.8105,0.25,retired
Qwen3,Qwen3-32B,32.76,H20 96GB,SGLang,BF16,129042,2,711.4,184270.45262861962,MMLU,0.8361,0.25,retired
Qwen3,Qwen3-0.6B,0.6,H20 96GB,Transformers,BF16,1,1,58.57,34983.78009219737,MMLU,0.5281,0.25,retired
Qwen3,Qwen3-1.7B,1.72,H20 96GB,Transformers,BF16,1,1,59.83,34247.033260905904,MMLU,0.6263000000000001,0.25,retired
Qwen3,Qwen3-4B,4.02,H20 96GB,Transformers,BF16,1,1,45.94,44601.65433173705,MMLU,0.7299,0.25,retired
Qwen3,Qwen3-8B,8.19,H20 96GB,Transformers,BF16,1,1,45.32,45211.82700794351,MMLU,0.7689,0.25,retired
Qwen3,Qwen3-14B,14.77,H20 96GB,Transformers,BF16,1,1,40.66,50393.50713231678,MMLU,0.8105,0.25,retired
Qwen3,Qwen3-32B,32.76,H20 96GB,Transformers,BF16,1,1,26.24,78086.89024390244,MMLU,0.8361,0.25,retired
Qwen3,Qwen3-0.6B,0.6,H20 96GB,Transformers,BF16,6144,1,154.82,52913.060328122985,MMLU,0.5281,0.25,retired
Qwen3,Qwen3-1.7B,1.72,H20 96GB,Transformers,BF16,6144,1,238.53,34343.68842493607,MMLU,0.6263000000000001,0.25,retired
Qwen3,Qwen3-4B,4.02,H20 96GB,Transformers,BF16,6144,1,159.95,51216.00500156299,MMLU,0.7299,0.25,retired
Qwen3,Qwen3-8B,8.19,H20 96GB,Transformers,BF16,6144,1,146.12,56063.50944429236,MMLU,0.7689,0.25,retired
Qwen3,Qwen3-14B,14.77,H20 96GB,Transformers,BF16,6144,1,108.52,75488.38923700701,MMLU,0.8105,0.25,retired
Qwen3,Qwen3-32B,32.76,H20 96GB,Transformers,BF16,6144,1,51.41,159346.4306555145,MMLU,0.8361,0.25,retired
Qwen3,Qwen3-0.6B,0.6,H20 96GB,Transformers,BF16,14336,1,168.48,97245.96391263058,MMLU,0.5281,0.25,retired
Qwen3,Qwen3-1.7B,1.72,H20 96GB,Transformers,BF16,14336,1,352.59,46467.56856405457,MMLU,0.6263000000000001,0.25,retired
Qwen3,Qwen3-4B,4.02,H20 96GB,Transformers,BF16,14336,1,195.31,83887.15375556807,MMLU,0.7299,0.25,retired
Qwen3,Qwen3-8B,8.19,H20 96GB,Transformers,BF16,14336,1,183.29,89388.40089475695,MMLU,0.7689,0.25,retired
Qwen3,Qwen3-14B,14.77,H20 96GB,Transformers,BF16,14336,1,136.36,120152.53740099735,MMLU,0.8105,0.25,retired
Qwen3,Qwen3-32B,32.76,H20 96GB,Transformers,BF16,14336,1,62.41,262522.031725685,MMLU,0.8361,0.25,retired
Qwen3,Qwen3-0.6B,0.6,H20 96GB,Transformers,BF16,30720,1,175.93,186255.89723185357,MMLU,0.5281,0.25,retired
Qwen3,Qwen3-1.7B,1.72,H20 96GB,Transformers,BF16,30720,1,418.13,78367.97168344773,MMLU,0.6263000000000001,0.25,retired
Qwen3,Qwen3-4B,4.02,H20 96GB,Transformers,BF16,30720,1,217.97,150332.61457998806,MMLU,0.7299,0.25,retired
Qwen3,Qwen3-8B,8.19,H20 96GB,Transformers,BF16,30720,1,208.98,156799.69375059815,MMLU,0.7689,0.25,retired
Qwen3,Qwen3-14B,14.77,H20 96GB,Transformers,BF16,30720,1,155.38,210889.432359377,MMLU,0.8105,0.25,retired
Qwen3,Qwen3-32B,32.76,H20 96GB,Transformers,BF16,30720,1,69.16,473799.8843262001,MMLU,0.8361,0.25,retired
Qwen3,Qwen3-0.6B,0.6,H20 96GB,SGLang,BF16,1,1,414.17,4947.243885361084,MMLU-Pro,0.24739999999999998,0.1,headroom
Qwen3,Qwen3-1.7B,1.72,H20 96GB,SGLang,BF16,1,1,227.8,8994.732221246708,MMLU-Pro,0.3676,0.1,headroom
Qwen3,Qwen3-4B,4.02,H20 96GB,SGLang,BF16,1,1,133.13,15390.97123112747,MMLU-Pro,0.5058,0.1,headroom
Qwen3,Qwen3-8B,8.19,H20 96GB,SGLang,BF16,1,1,81.73,25070.35360332803,MMLU-Pro,0.5672999999999999,0.1,headroom
Qwen3,Qwen3-14B,14.77,H20 96GB,SGLang,BF16,1,1,47.1,43503.1847133758,MMLU-Pro,0.6103000000000001,0.1,headroom
Qwen3,Qwen3-32B,32.76,H20 96GB,SGLang,BF16,1,1,20.72,98889.96138996139,MMLU-Pro,0.6554000000000001,0.1,headroom
Qwen3,Qwen3-0.6B,0.6,H20 96GB,SGLang,BF16,6144,1,1426.46,5742.887988446924,MMLU-Pro,0.24739999999999998,0.1,headroom
Qwen3,Qwen3-1.7B,1.72,H20 96GB,SGLang,BF16,6144,1,838.28,9772.391086510474,MMLU-Pro,0.3676,0.1,headroom
Qwen3,Qwen3-4B,4.02,H20 96GB,SGLang,BF16,6144,1,466.19,17572.23449666445,MMLU-Pro,0.5058,0.1,headroom
Qwen3,Qwen3-8B,8.19,H20 96GB,SGLang,BF16,6144,1,296.25,27652.320675105486,MMLU-Pro,0.5672999999999999,0.1,headroom
Qwen3,Qwen3-14B,14.77,H20 96GB,SGLang,BF16,6144,1,174.85,46851.587074635405,MMLU-Pro,0.6103000000000001,0.1,headroom
Qwen3,Qwen3-32B,32.76,H20 96GB,SGLang,BF16,6144,1,77.82,105268.5684913904,MMLU-Pro,0.6554000000000001,0.1,headroom
Qwen3,Qwen3-0.6B,0.6,H20 96GB,SGLang,BF16,14336,1,2478.02,6611.730333088514,MMLU-Pro,0.24739999999999998,0.1,headroom
Qwen3,Qwen3-1.7B,1.72,H20 96GB,SGLang,BF16,14336,1,1525.71,10738.606943652463,MMLU-Pro,0.3676,0.1,headroom
Qwen3,Qwen3-4B,4.02,H20 96GB,SGLang,BF16,14336,1,789.25,20758.948368704467,MMLU-Pro,0.5058,0.1,headroom
Qwen3,Qwen3-8B,8.19,H20 96GB,SGLang,BF16,14336,1,524.7,31225.462168858394,MMLU-Pro,0.5672999999999999,0.1,headroom
Qwen3,Qwen3-14B,14.77,H20 96GB,SGLang,BF16,14336,1,317.56,51593.399672502834,MMLU-Pro,0.6103000000000001,0.1,headroom
Qwen3,Qwen3-32B,32.76,H20 96GB,SGLang,BF16,14336,1,143.08,114509.36538999161,MMLU-Pro,0.6554000000000001,0.1,headroom
Qwen3,Qwen3-0.6B,0.6,H20 96GB,SGLang,BF16,30720,1,3577.42,9159.67373134829,MMLU-Pro,0.24739999999999998,0.1,headroom
Qwen3,Qwen3-1.7B,1.72,H20 96GB,SGLang,BF16,30720,1,2439.03,13434.84909984707,MMLU-Pro,0.3676,0.1,headroom
Qwen3,Qwen3-4B,4.02,H20 96GB,SGLang,BF16,30720,1,1165.75,28108.942740724855,MMLU-Pro,0.5058,0.1,headroom
Qwen3,Qwen3-8B,8.19,H20 96GB,SGLang,BF16,30720,1,832.67,39352.92492824289,MMLU-Pro,0.5672999999999999,0.1,headroom
Qwen3,Qwen3-14B,14.77,H20 96GB,SGLang,BF16,30720,1,525.8,62320.27386839103,MMLU-Pro,0.6103000000000001,0.1,headroom
Qwen3,Qwen3-32B,32.76,H20 96GB,SGLang,BF16,30720,1,240.75,136107.9958463136,MMLU-Pro,0.6554000000000001,0.1,headroom
Qwen3,Qwen3-4B,4.02,H20 96GB,SGLang,BF16,63488,1,1423.98,46023.118302223345,MMLU-Pro,0.5058,0.1,headroom
Qwen3,Qwen3-8B,8.19,H20 96GB,SGLang,BF16,63488,1,1112.78,58893.94130016715,MMLU-Pro,0.5672999999999999,0.1,headroom
Qwen3,Qwen3-14B,14.77,H20 96GB,SGLang,BF16,63488,1,742.36,88280.61856781076,MMLU-Pro,0.6103000000000001,0.1,headroom
Qwen3,Qwen3-32B,32.76,H20 96GB,SGLang,BF16,63488,1,342.96,191089.33986470726,MMLU-Pro,0.6554000000000001,0.1,headroom
Qwen3,Qwen3-4B,4.02,H20 96GB,SGLang,BF16,129042,1,1371.04,95613.54883883767,MMLU-Pro,0.5058,0.1,headroom
Qwen3,Qwen3-8B,8.19,H20 96GB,SGLang,BF16,129042,1,1173.32,111725.70142842532,MMLU-Pro,0.5672999999999999,0.1,headroom
Qwen3,Qwen3-14B,14.77,H20 96GB,SGLang,BF16,129042,1,826.15,158675.78526901896,MMLU-Pro,0.6103000000000001,0.1,headroom
Qwen3,Qwen3-32B,32.76,H20 96GB,SGLang,BF16,129042,2,711.4,184270.45262861962,MMLU-Pro,0.6554000000000001,0.1,headroom
Qwen3,Qwen3-0.6B,0.6,H20 96GB,Transformers,BF16,1,1,58.57,34983.78009219737,MMLU-Pro,0.24739999999999998,0.1,headroom
Qwen3,Qwen3-1.7B,1.72,H20 96GB,Transformers,BF16,1,1,59.83,34247.033260905904,MMLU-Pro,0.3676,0.1,headroom
Qwen3,Qwen3-4B,4.02,H20 96GB,Transformers,BF16,1,1,45.94,44601.65433173705,MMLU-Pro,0.5058,0.1,headroom
Qwen3,Qwen3-8B,8.19,H20 96GB,Transformers,BF16,1,1,45.32,45211.82700794351,MMLU-Pro,0.5672999999999999,0.1,headroom
Qwen3,Qwen3-14B,14.77,H20 96GB,Transformers,BF16,1,1,40.66,50393.50713231678,MMLU-Pro,0.6103000000000001,0.1,headroom
Qwen3,Qwen3-32B,32.76,H20 96GB,Transformers,BF16,1,1,26.24,78086.89024390244,MMLU-Pro,0.6554000000000001,0.1,headroom
Qwen3,Qwen3-0.6B,0.6,H20 96GB,Transformers,BF16,6144,1,154.82,52913.060328122985,MMLU-Pro,0.24739999999999998,0.1,headroom
Qwen3,Qwen3-1.7B,1.72,H20 96GB,Transformers,BF16,6144,1,238.53,34343.68842493607,MMLU-Pro,0.3676,0.1,headroom
Qwen3,Qwen3-4B,4.02,H20 96GB,Transformers,BF16,6144,1,159.95,51216.00500156299,MMLU-Pro,0.5058,0.1,headroom
Qwen3,Qwen3-8B,8.19,H20 96GB,Transformers,BF16,6144,1,146.12,56063.50944429236,MMLU-Pro,0.5672999999999999,0.1,headroom
Qwen3,Qwen3-14B,14.77,H20 96GB,Transformers,BF16,6144,1,108.52,75488.38923700701,MMLU-Pro,0.6103000000000001,0.1,headroom
Qwen3,Qwen3-32B,32.76,H20 96GB,Transformers,BF16,6144,1,51.41,159346.4306555145,MMLU-Pro,0.6554000000000001,0.1,headroom
Qwen3,Qwen3-0.6B,0.6,H20 96GB,Transformers,BF16,14336,1,168.48,97245.96391263058,MMLU-Pro,0.24739999999999998,0.1,headroom
Qwen3,Qwen3-1.7B,1.72,H20 96GB,Transformers,BF16,14336,1,352.59,46467.56856405457,MMLU-Pro,0.3676,0.1,headroom
Qwen3,Qwen3-4B,4.02,H20 96GB,Transformers,BF16,14336,1,195.31,83887.15375556807,MMLU-Pro,0.5058,0.1,headroom
Qwen3,Qwen3-8B,8.19,H20 96GB,Transformers,BF16,14336,1,183.29,89388.40089475695,MMLU-Pro,0.5672999999999999,0.1,headroom
Qwen3,Qwen3-14B,14.77,H20 96GB,Transformers,BF16,14336,1,136.36,120152.53740099735,MMLU-Pro,0.6103000000000001,0.1,headroom
Qwen3,Qwen3-32B,32.76,H20 96GB,Transformers,BF16,14336,1,62.41,262522.031725685,MMLU-Pro,0.6554000000000001,0.1,headroom
Qwen3,Qwen3-0.6B,0.6,H20 96GB,Transformers,BF16,30720,1,175.93,186255.89723185357,MMLU-Pro,0.24739999999999998,0.1,headroom
Qwen3,Qwen3-1.7B,1.72,H20 96GB,Transformers,BF16,30720,1,418.13,78367.97168344773,MMLU-Pro,0.3676,0.1,headroom
Qwen3,Qwen3-4B,4.02,H20 96GB,Transformers,BF16,30720,1,217.97,150332.61457998806,MMLU-Pro,0.5058,0.1,headroom
Qwen3,Qwen3-8B,8.19,H20 96GB,Transformers,BF16,30720,1,208.98,156799.69375059815,MMLU-Pro,0.5672999999999999,0.1,headroom
Qwen3,Qwen3-14B,14.77,H20 96GB,Transformers,BF16,30720,1,155.38,210889.432359377,MMLU-Pro,0.6103000000000001,0.1,headroom
Qwen3,Qwen3-32B,32.76,H20 96GB,Transformers,BF16,30720,1,69.16,473799.8843262001,MMLU-Pro,0.6554000000000001,0.1,headroom
Qwen3,Qwen3-0.6B,0.6,H20 96GB,SGLang,BF16,1,1,414.17,4947.243885361084,MMLU-Redux,0.5126,0.25,retired
Qwen3,Qwen3-1.7B,1.72,H20 96GB,SGLang,BF16,1,1,227.8,8994.732221246708,MMLU-Redux,0.6165999999999999,0.25,retired
Qwen3,Qwen3-4B,4.02,H20 96GB,SGLang,BF16,1,1,133.13,15390.97123112747,MMLU-Redux,0.7279000000000001,0.25,retired
Qwen3,Qwen3-8B,8.19,H20 96GB,SGLang,BF16,1,1,81.73,25070.35360332803,MMLU-Redux,0.7617,0.25,retired
Qwen3,Qwen3-14B,14.77,H20 96GB,SGLang,BF16,1,1,47.1,43503.1847133758,MMLU-Redux,0.7988,0.25,retired
Qwen3,Qwen3-32B,32.76,H20 96GB,SGLang,BF16,1,1,20.72,98889.96138996139,MMLU-Redux,0.8341,0.25,retired
Qwen3,Qwen3-0.6B,0.6,H20 96GB,SGLang,BF16,6144,1,1426.46,5742.887988446924,MMLU-Redux,0.5126,0.25,retired
Qwen3,Qwen3-1.7B,1.72,H20 96GB,SGLang,BF16,6144,1,838.28,9772.391086510474,MMLU-Redux,0.6165999999999999,0.25,retired
Qwen3,Qwen3-4B,4.02,H20 96GB,SGLang,BF16,6144,1,466.19,17572.23449666445,MMLU-Redux,0.7279000000000001,0.25,retired
Qwen3,Qwen3-8B,8.19,H20 96GB,SGLang,BF16,6144,1,296.25,27652.320675105486,MMLU-Redux,0.7617,0.25,retired
Qwen3,Qwen3-14B,14.77,H20 96GB,SGLang,BF16,6144,1,174.85,46851.587074635405,MMLU-Redux,0.7988,0.25,retired
Qwen3,Qwen3-32B,32.76,H20 96GB,SGLang,BF16,6144,1,77.82,105268.5684913904,MMLU-Redux,0.8341,0.25,retired
Qwen3,Qwen3-0.6B,0.6,H20 96GB,SGLang,BF16,14336,1,2478.02,6611.730333088514,MMLU-Redux,0.5126,0.25,retired
Qwen3,Qwen3-1.7B,1.72,H20 96GB,SGLang,BF16,14336,1,1525.71,10738.606943652463,MMLU-Redux,0.6165999999999999,0.25,retired
Qwen3,Qwen3-4B,4.02,H20 96GB,SGLang,BF16,14336,1,789.25,20758.948368704467,MMLU-Redux,0.7279000000000001,0.25,retired
Qwen3,Qwen3-8B,8.19,H20 96GB,SGLang,BF16,14336,1,524.7,31225.462168858394,MMLU-Redux,0.7617,0.25,retired
Qwen3,Qwen3-14B,14.77,H20 96GB,SGLang,BF16,14336,1,317.56,51593.399672502834,MMLU-Redux,0.7988,0.25,retired
Qwen3,Qwen3-32B,32.76,H20 96GB,SGLang,BF16,14336,1,143.08,114509.36538999161,MMLU-Redux,0.8341,0.25,retired
Qwen3,Qwen3-0.6B,0.6,H20 96GB,SGLang,BF16,30720,1,3577.42,9159.67373134829,MMLU-Redux,0.5126,0.25,retired
Qwen3,Qwen3-1.7B,1.72,H20 96GB,SGLang,BF16,30720,1,2439.03,13434.84909984707,MMLU-Redux,0.6165999999999999,0.25,retired
Qwen3,Qwen3-4B,4.02,H20 96GB,SGLang,BF16,30720,1,1165.75,28108.942740724855,MMLU-Redux,0.7279000000000001,0.25,retired
Qwen3,Qwen3-8B,8.19,H20 96GB,SGLang,BF16,30720,1,832.67,39352.92492824289,MMLU-Redux,0.7617,0.25,retired
Qwen3,Qwen3-14B,14.77,H20 96GB,SGLang,BF16,30720,1,525.8,62320.27386839103,MMLU-Redux,0.7988,0.25,retired
Qwen3,Qwen3-32B,32.76,H20 96GB,SGLang,BF16,30720,1,240.75,136107.9958463136,MMLU-Redux,0.8341,0.25,retired
Qwen3,Qwen3-4B,4.02,H20 96GB,SGLang,BF16,63488,1,1423.98,46023.118302223345,MMLU-Redux,0.7279000000000001,0.25,retired
Qwen3,Qwen3-8B,8.19,H20 96GB,SGLang,BF16,63488,1,1112.78,58893.94130016715,MMLU-Redux,0.7617,0.25,retired
Qwen3,Qwen3-14B,14.77,H20 96GB,SGLang,BF16,63488,1,742.36,88280.61856781076,MMLU-Redux,0.7988,0.25,retired
Qwen3,Qwen3-32B,32.76,H20 96GB,SGLang,BF16,63488,1,342.96,191089.33986470726,MMLU-Redux,0.8341,0.25,retired
Qwen3,Qwen3-4B,4.02,H20 96GB,SGLang,BF16,129042,1,1371.04,95613.54883883767,MMLU-Redux,0.7279000000000001,0.25,retired
Qwen3,Qwen3-8B,8.19,H20 96GB,SGLang,BF16,129042,1,1173.32,111725.70142842532,MMLU-Redux,0.7617,0.25,retired
Qwen3,Qwen3-14B,14.77,H20 96GB,SGLang,BF16,129042,1,826.15,158675.78526901896,MMLU-Redux,0.7988,0.25,retired
Qwen3,Qwen3-32B,32.76,H20 96GB,SGLang,BF16,129042,2,711.4,184270.45262861962,MMLU-Redux,0.8341,0.25,retired
Qwen3,Qwen3-0.6B,0.6,H20 96GB,Transformers,BF16,1,1,58.57,34983.78009219737,MMLU-Redux,0.5126,0.25,retired
Qwen3,Qwen3-1.7B,1.72,H20 96GB,Transformers,BF16,1,1,59.83,34247.033260905904,MMLU-Redux,0.6165999999999999,0.25,retired
Qwen3,Qwen3-4B,4.02,H20 96GB,Transformers,BF16,1,1,45.94,44601.65433173705,MMLU-Redux,0.7279000000000001,0.25,retired
Qwen3,Qwen3-8B,8.19,H20 96GB,Transformers,BF16,1,1,45.32,45211.82700794351,MMLU-Redux,0.7617,0.25,retired
Qwen3,Qwen3-14B,14.77,H20 96GB,Transformers,BF16,1,1,40.66,50393.50713231678,MMLU-Redux,0.7988,0.25,retired
Qwen3,Qwen3-32B,32.76,H20 96GB,Transformers,BF16,1,1,26.24,78086.89024390244,MMLU-Redux,0.8341,0.25,retired
Qwen3,Qwen3-0.6B,0.6,H20 96GB,Transformers,BF16,6144,1,154.82,52913.060328122985,MMLU-Redux,0.5126,0.25,retired
Qwen3,Qwen3-1.7B,1.72,H20 96GB,Transformers,BF16,6144,1,238.53,34343.68842493607,MMLU-Redux,0.6165999999999999,0.25,retired
Qwen3,Qwen3-4B,4.02,H20 96GB,Transformers,BF16,6144,1,159.95,51216.00500156299,MMLU-Redux,0.7279000000000001,0.25,retired
Qwen3,Qwen3-8B,8.19,H20 96GB,Transformers,BF16,6144,1,146.12,56063.50944429236,MMLU-Redux,0.7617,0.25,retired
Qwen3,Qwen3-14B,14.77,H20 96GB,Transformers,BF16,6144,1,108.52,75488.38923700701,MMLU-Redux,0.7988,0.25,retired
Qwen3,Qwen3-32B,32.76,H20 96GB,Transformers,BF16,6144,1,51.41,159346.4306555145,MMLU-Redux,0.8341,0.25,retired
Qwen3,Qwen3-0.6B,0.6,H20 96GB,Transformers,BF16,14336,1,168.48,97245.96391263058,MMLU-Redux,0.5126,0.25,retired
Qwen3,Qwen3-1.7B,1.72,H20 96GB,Transformers,BF16,14336,1,352.59,46467.56856405457,MMLU-Redux,0.6165999999999999,0.25,retired
Qwen3,Qwen3-4B,4.02,H20 96GB,Transformers,BF16,14336,1,195.31,83887.15375556807,MMLU-Redux,0.7279000000000001,0.25,retired
Qwen3,Qwen3-8B,8.19,H20 96GB,Transformers,BF16,14336,1,183.29,89388.40089475695,MMLU-Redux,0.7617,0.25,retired
Qwen3,Qwen3-14B,14.77,H20 96GB,Transformers,BF16,14336,1,136.36,120152.53740099735,MMLU-Redux,0.7988,0.25,retired
Qwen3,Qwen3-32B,32.76,H20 96GB,Transformers,BF16,14336,1,62.41,262522.031725685,MMLU-Redux,0.8341,0.25,retired
Qwen3,Qwen3-0.6B,0.6,H20 96GB,Transformers,BF16,30720,1,175.93,186255.89723185357,MMLU-Redux,0.5126,0.25,retired
Qwen3,Qwen3-1.7B,1.72,H20 96GB,Transformers,BF16,30720,1,418.13,78367.97168344773,MMLU-Redux,0.6165999999999999,0.25,retired
Qwen3,Qwen3-4B,4.02,H20 96GB,Transformers,BF16,30720,1,217.97,150332.61457998806,MMLU-Redux,0.7279000000000001,0.25,retired
Qwen3,Qwen3-8B,8.19,H20 96GB,Transformers,BF16,30720,1,208.98,156799.69375059815,MMLU-Redux,0.7617,0.25,retired
Qwen3,Qwen3-14B,14.77,H20 96GB,Transformers,BF16,30720,1,155.38,210889.432359377,MMLU-Redux,0.7988,0.25,retired
Qwen3,Qwen3-32B,32.76,H20 96GB,Transformers,BF16,30720,1,69.16,473799.8843262001,MMLU-Redux,0.8341,0.25,retired
Qwen3,Qwen3-0.6B,0.6,H20 96GB,SGLang,BF16,1,1,414.17,4947.243885361084,MMMLU,0.5015999999999999,0.25,retired
Qwen3,Qwen3-1.7B,1.72,H20 96GB,SGLang,BF16,1,1,227.8,8994.732221246708,MMMLU,0.6327,0.25,retired
Qwen3,Qwen3-4B,4.02,H20 96GB,SGLang,BF16,1,1,133.13,15390.97123112747,MMMLU,0.7142000000000001,0.25,retired
Qwen3,Qwen3-8B,8.19,H20 96GB,SGLang,BF16,1,1,81.73,25070.35360332803,MMMLU,0.7572,0.25,retired
Qwen3,Qwen3-14B,14.77,H20 96GB,SGLang,BF16,1,1,47.1,43503.1847133758,MMMLU,0.7968999999999999,0.25,retired
Qwen3,Qwen3-32B,32.76,H20 96GB,SGLang,BF16,1,1,20.72,98889.96138996139,MMMLU,0.8382999999999999,0.25,retired
Qwen3,Qwen3-0.6B,0.6,H20 96GB,SGLang,BF16,6144,1,1426.46,5742.887988446924,MMMLU,0.5015999999999999,0.25,retired
Qwen3,Qwen3-1.7B,1.72,H20 96GB,SGLang,BF16,6144,1,838.28,9772.391086510474,MMMLU,0.6327,0.25,retired
Qwen3,Qwen3-4B,4.02,H20 96GB,SGLang,BF16,6144,1,466.19,17572.23449666445,MMMLU,0.7142000000000001,0.25,retired
Qwen3,Qwen3-8B,8.19,H20 96GB,SGLang,BF16,6144,1,296.25,27652.320675105486,MMMLU,0.7572,0.25,retired
Qwen3,Qwen3-14B,14.77,H20 96GB,SGLang,BF16,6144,1,174.85,46851.587074635405,MMMLU,0.7968999999999999,0.25,retired
Qwen3,Qwen3-32B,32.76,H20 96GB,SGLang,BF16,6144,1,77.82,105268.5684913904,MMMLU,0.8382999999999999,0.25,retired
Qwen3,Qwen3-0.6B,0.6,H20 96GB,SGLang,BF16,14336,1,2478.02,6611.730333088514,MMMLU,0.5015999999999999,0.25,retired
Qwen3,Qwen3-1.7B,1.72,H20 96GB,SGLang,BF16,14336,1,1525.71,10738.606943652463,MMMLU,0.6327,0.25,retired
Qwen3,Qwen3-4B,4.02,H20 96GB,SGLang,BF16,14336,1,789.25,20758.948368704467,MMMLU,0.7142000000000001,0.25,retired
Qwen3,Qwen3-8B,8.19,H20 96GB,SGLang,BF16,14336,1,524.7,31225.462168858394,MMMLU,0.7572,0.25,retired
Qwen3,Qwen3-14B,14.77,H20 96GB,SGLang,BF16,14336,1,317.56,51593.399672502834,MMMLU,0.7968999999999999,0.25,retired
Qwen3,Qwen3-32B,32.76,H20 96GB,SGLang,BF16,14336,1,143.08,114509.36538999161,MMMLU,0.8382999999999999,0.25,retired
Qwen3,Qwen3-0.6B,0.6,H20 96GB,SGLang,BF16,30720,1,3577.42,9159.67373134829,MMMLU,0.5015999999999999,0.25,retired
Qwen3,Qwen3-1.7B,1.72,H20 96GB,SGLang,BF16,30720,1,2439.03,13434.84909984707,MMMLU,0.6327,0.25,retired
Qwen3,Qwen3-4B,4.02,H20 96GB,SGLang,BF16,30720,1,1165.75,28108.942740724855,MMMLU,0.7142000000000001,0.25,retired
Qwen3,Qwen3-8B,8.19,H20 96GB,SGLang,BF16,30720,1,832.67,39352.92492824289,MMMLU,0.7572,0.25,retired
Qwen3,Qwen3-14B,14.77,H20 96GB,SGLang,BF16,30720,1,525.8,62320.27386839103,MMMLU,0.7968999999999999,0.25,retired
Qwen3,Qwen3-32B,32.76,H20 96GB,SGLang,BF16,30720,1,240.75,136107.9958463136,MMMLU,0.8382999999999999,0.25,retired
Qwen3,Qwen3-4B,4.02,H20 96GB,SGLang,BF16,63488,1,1423.98,46023.118302223345,MMMLU,0.7142000000000001,0.25,retired
Qwen3,Qwen3-8B,8.19,H20 96GB,SGLang,BF16,63488,1,1112.78,58893.94130016715,MMMLU,0.7572,0.25,retired
Qwen3,Qwen3-14B,14.77,H20 96GB,SGLang,BF16,63488,1,742.36,88280.61856781076,MMMLU,0.7968999999999999,0.25,retired
Qwen3,Qwen3-32B,32.76,H20 96GB,SGLang,BF16,63488,1,342.96,191089.33986470726,MMMLU,0.8382999999999999,0.25,retired
Qwen3,Qwen3-4B,4.02,H20 96GB,SGLang,BF16,129042,1,1371.04,95613.54883883767,MMMLU,0.7142000000000001,0.25,retired
Qwen3,Qwen3-8B,8.19,H20 96GB,SGLang,BF16,129042,1,1173.32,111725.70142842532,MMMLU,0.7572,0.25,retired
Qwen3,Qwen3-14B,14.77,H20 96GB,SGLang,BF16,129042,1,826.15,158675.78526901896,MMMLU,0.7968999999999999,0.25,retired
Qwen3,Qwen3-32B,32.76,H20 96GB,SGLang,BF16,129042,2,711.4,184270.45262861962,MMMLU,0.8382999999999999,0.25,retired
Qwen3,Qwen3-0.6B,0.6,H20 96GB,Transformers,BF16,1,1,58.57,34983.78009219737,MMMLU,0.5015999999999999,0.25,retired
Qwen3,Qwen3-1.7B,1.72,H20 96GB,Transformers,BF16,1,1,59.83,34247.033260905904,MMMLU,0.6327,0.25,retired
Qwen3,Qwen3-4B,4.02,H20 96GB,Transformers,BF16,1,1,45.94,44601.65433173705,MMMLU,0.7142000000000001,0.25,retired
Qwen3,Qwen3-8B,8.19,H20 96GB,Transformers,BF16,1,1,45.32,45211.82700794351,MMMLU,0.7572,0.25,retired
Qwen3,Qwen3-14B,14.77,H20 96GB,Transformers,BF16,1,1,40.66,50393.50713231678,MMMLU,0.7968999999999999,0.25,retired
Qwen3,Qwen3-32B,32.76,H20 96GB,Transformers,BF16,1,1,26.24,78086.89024390244,MMMLU,0.8382999999999999,0.25,retired
Qwen3,Qwen3-0.6B,0.6,H20 96GB,Transformers,BF16,6144,1,154.82,52913.060328122985,MMMLU,0.5015999999999999,0.25,retired
Qwen3,Qwen3-1.7B,1.72,H20 96GB,Transformers,BF16,6144,1,238.53,34343.68842493607,MMMLU,0.6327,0.25,retired
Qwen3,Qwen3-4B,4.02,H20 96GB,Transformers,BF16,6144,1,159.95,51216.00500156299,MMMLU,0.7142000000000001,0.25,retired
Qwen3,Qwen3-8B,8.19,H20 96GB,Transformers,BF16,6144,1,146.12,56063.50944429236,MMMLU,0.7572,0.25,retired
Qwen3,Qwen3-14B,14.77,H20 96GB,Transformers,BF16,6144,1,108.52,75488.38923700701,MMMLU,0.7968999999999999,0.25,retired
Qwen3,Qwen3-32B,32.76,H20 96GB,Transformers,BF16,6144,1,51.41,159346.4306555145,MMMLU,0.8382999999999999,0.25,retired
Qwen3,Qwen3-0.6B,0.6,H20 96GB,Transformers,BF16,14336,1,168.48,97245.96391263058,MMMLU,0.5015999999999999,0.25,retired
Qwen3,Qwen3-1.7B,1.72,H20 96GB,Transformers,BF16,14336,1,352.59,46467.56856405457,MMMLU,0.6327,0.25,retired
Qwen3,Qwen3-4B,4.02,H20 96GB,Transformers,BF16,14336,1,195.31,83887.15375556807,MMMLU,0.7142000000000001,0.25,retired
Qwen3,Qwen3-8B,8.19,H20 96GB,Transformers,BF16,14336,1,183.29,89388.40089475695,MMMLU,0.7572,0.25,retired
Qwen3,Qwen3-14B,14.77,H20 96GB,Transformers,BF16,14336,1,136.36,120152.53740099735,MMMLU,0.7968999999999999,0.25,retired
Qwen3,Qwen3-32B,32.76,H20 96GB,Transformers,BF16,14336,1,62.41,262522.031725685,MMMLU,0.8382999999999999,0.25,retired
Qwen3,Qwen3-0.6B,0.6,H20 96GB,Transformers,BF16,30720,1,175.93,186255.89723185357,MMMLU,0.5015999999999999,0.25,retired
Qwen3,Qwen3-1.7B,1.72,H20 96GB,Transformers,BF16,30720,1,418.13,78367.97168344773,MMMLU,0.6327,0.25,retired
Qwen3,Qwen3-4B,4.02,H20 96GB,Transformers,BF16,30720,1,217.97,150332.61457998806,MMMLU,0.7142000000000001,0.25,retired
Qwen3,Qwen3-8B,8.19,H20 96GB,Transformers,BF16,30720,1,208.98,156799.69375059815,MMMLU,0.7572,0.25,retired
Qwen3,Qwen3-14B,14.77,H20 96GB,Transformers,BF16,30720,1,155.38,210889.432359377,MMMLU,0.7968999999999999,0.25,retired
Qwen3,Qwen3-32B,32.76,H20 96GB,Transformers,BF16,30720,1,69.16,473799.8843262001,MMMLU,0.8382999999999999,0.25,retired
Qwen3,Qwen3-0.6B,0.6,H20 96GB,SGLang,BF16,1,1,414.17,4947.243885361084,MultiPL-E,0.2458,0.0,headroom
Qwen3,Qwen3-1.7B,1.72,H20 96GB,SGLang,BF16,1,1,227.8,8994.732221246708,MultiPL-E,0.42710000000000004,0.0,headroom
Qwen3,Qwen3-4B,4.02,H20 96GB,SGLang,BF16,1,1,133.13,15390.97123112747,MultiPL-E,0.5313,0.0,headroom
Qwen3,Qwen3-8B,8.19,H20 96GB,SGLang,BF16,1,1,81.73,25070.35360332803,MultiPL-E,0.5875,0.0,headroom
Qwen3,Qwen3-14B,14.77,H20 96GB,SGLang,BF16,1,1,47.1,43503.1847133758,MultiPL-E,0.6169,0.0,headroom
Qwen3,Qwen3-32B,32.76,H20 96GB,SGLang,BF16,1,1,20.72,98889.96138996139,MultiPL-E,0.6706,0.0,headroom
Qwen3,Qwen3-0.6B,0.6,H20 96GB,SGLang,BF16,6144,1,1426.46,5742.887988446924,MultiPL-E,0.2458,0.0,headroom
Qwen3,Qwen3-1.7B,1.72,H20 96GB,SGLang,BF16,6144,1,838.28,9772.391086510474,MultiPL-E,0.42710000000000004,0.0,headroom
Qwen3,Qwen3-4B,4.02,H20 96GB,SGLang,BF16,6144,1,466.19,17572.23449666445,MultiPL-E,0.5313,0.0,headroom
Qwen3,Qwen3-8B,8.19,H20 96GB,SGLang,BF16,6144,1,296.25,27652.320675105486,MultiPL-E,0.5875,0.0,headroom
Qwen3,Qwen3-14B,14.77,H20 96GB,SGLang,BF16,6144,1,174.85,46851.587074635405,MultiPL-E,0.6169,0.0,headroom
Qwen3,Qwen3-32B,32.76,H20 96GB,SGLang,BF16,6144,1,77.82,105268.5684913904,MultiPL-E,0.6706,0.0,headroom
Qwen3,Qwen3-0.6B,0.6,H20 96GB,SGLang,BF16,14336,1,2478.02,6611.730333088514,MultiPL-E,0.2458,0.0,headroom
Qwen3,Qwen3-1.7B,1.72,H20 96GB,SGLang,BF16,14336,1,1525.71,10738.606943652463,MultiPL-E,0.42710000000000004,0.0,headroom
Qwen3,Qwen3-4B,4.02,H20 96GB,SGLang,BF16,14336,1,789.25,20758.948368704467,MultiPL-E,0.5313,0.0,headroom
Qwen3,Qwen3-8B,8.19,H20 96GB,SGLang,BF16,14336,1,524.7,31225.462168858394,MultiPL-E,0.5875,0.0,headroom
Qwen3,Qwen3-14B,14.77,H20 96GB,SGLang,BF16,14336,1,317.56,51593.399672502834,MultiPL-E,0.6169,0.0,headroom
Qwen3,Qwen3-32B,32.76,H20 96GB,SGLang,BF16,14336,1,143.08,114509.36538999161,MultiPL-E,0.6706,0.0,headroom
Qwen3,Qwen3-0.6B,0.6,H20 96GB,SGLang,BF16,30720,1,3577.42,9159.67373134829,MultiPL-E,0.2458,0.0,headroom
Qwen3,Qwen3-1.7B,1.72,H20 96GB,SGLang,BF16,30720,1,2439.03,13434.84909984707,MultiPL-E,0.42710000000000004,0.0,headroom
Qwen3,Qwen3-4B,4.02,H20 96GB,SGLang,BF16,30720,1,1165.75,28108.942740724855,MultiPL-E,0.5313,0.0,headroom
Qwen3,Qwen3-8B,8.19,H20 96GB,SGLang,BF16,30720,1,832.67,39352.92492824289,MultiPL-E,0.5875,0.0,headroom
Qwen3,Qwen3-14B,14.77,H20 96GB,SGLang,BF16,30720,1,525.8,62320.27386839103,MultiPL-E,0.6169,0.0,headroom
Qwen3,Qwen3-32B,32.76,H20 96GB,SGLang,BF16,30720,1,240.75,136107.9958463136,MultiPL-E,0.6706,0.0,headroom
Qwen3,Qwen3-4B,4.02,H20 96GB,SGLang,BF16,63488,1,1423.98,46023.118302223345,MultiPL-E,0.5313,0.0,headroom
Qwen3,Qwen3-8B,8.19,H20 96GB,SGLang,BF16,63488,1,1112.78,58893.94130016715,MultiPL-E,0.5875,0.0,headroom
Qwen3,Qwen3-14B,14.77,H20 96GB,SGLang,BF16,63488,1,742.36,88280.61856781076,MultiPL-E,0.6169,0.0,headroom
Qwen3,Qwen3-32B,32.76,H20 96GB,SGLang,BF16,63488,1,342.96,191089.33986470726,MultiPL-E,0.6706,0.0,headroom
Qwen3,Qwen3-4B,4.02,H20 96GB,SGLang,BF16,129042,1,1371.04,95613.54883883767,MultiPL-E,0.5313,0.0,headroom
Qwen3,Qwen3-8B,8.19,H20 96GB,SGLang,BF16,129042,1,1173.32,111725.70142842532,MultiPL-E,0.5875,0.0,headroom
Qwen3,Qwen3-14B,14.77,H20 96GB,SGLang,BF16,129042,1,826.15,158675.78526901896,MultiPL-E,0.6169,0.0,headroom
Qwen3,Qwen3-32B,32.76,H20 96GB,SGLang,BF16,129042,2,711.4,184270.45262861962,MultiPL-E,0.6706,0.0,headroom
Qwen3,Qwen3-0.6B,0.6,H20 96GB,Transformers,BF16,1,1,58.57,34983.78009219737,MultiPL-E,0.2458,0.0,headroom
Qwen3,Qwen3-1.7B,1.72,H20 96GB,Transformers,BF16,1,1,59.83,34247.033260905904,MultiPL-E,0.42710000000000004,0.0,headroom
Qwen3,Qwen3-4B,4.02,H20 96GB,Transformers,BF16,1,1,45.94,44601.65433173705,MultiPL-E,0.5313,0.0,headroom
Qwen3,Qwen3-8B,8.19,H20 96GB,Transformers,BF16,1,1,45.32,45211.82700794351,MultiPL-E,0.5875,0.0,headroom
Qwen3,Qwen3-14B,14.77,H20 96GB,Transformers,BF16,1,1,40.66,50393.50713231678,MultiPL-E,0.6169,0.0,headroom
Qwen3,Qwen3-32B,32.76,H20 96GB,Transformers,BF16,1,1,26.24,78086.89024390244,MultiPL-E,0.6706,0.0,headroom
Qwen3,Qwen3-0.6B,0.6,H20 96GB,Transformers,BF16,6144,1,154.82,52913.060328122985,MultiPL-E,0.2458,0.0,headroom
Qwen3,Qwen3-1.7B,1.72,H20 96GB,Transformers,BF16,6144,1,238.53,34343.68842493607,MultiPL-E,0.42710000000000004,0.0,headroom
Qwen3,Qwen3-4B,4.02,H20 96GB,Transformers,BF16,6144,1,159.95,51216.00500156299,MultiPL-E,0.5313,0.0,headroom
Qwen3,Qwen3-8B,8.19,H20 96GB,Transformers,BF16,6144,1,146.12,56063.50944429236,MultiPL-E,0.5875,0.0,headroom
Qwen3,Qwen3-14B,14.77,H20 96GB,Transformers,BF16,6144,1,108.52,75488.38923700701,MultiPL-E,0.6169,0.0,headroom
Qwen3,Qwen3-32B,32.76,H20 96GB,Transformers,BF16,6144,1,51.41,159346.4306555145,MultiPL-E,0.6706,0.0,headroom
Qwen3,Qwen3-0.6B,0.6,H20 96GB,Transformers,BF16,14336,1,168.48,97245.96391263058,MultiPL-E,0.2458,0.0,headroom
Qwen3,Qwen3-1.7B,1.72,H20 96GB,Transformers,BF16,14336,1,352.59,46467.56856405457,MultiPL-E,0.42710000000000004,0.0,headroom
Qwen3,Qwen3-4B,4.02,H20 96GB,Transformers,BF16,14336,1,195.31,83887.15375556807,MultiPL-E,0.5313,0.0,headroom
Qwen3,Qwen3-8B,8.19,H20 96GB,Transformers,BF16,14336,1,183.29,89388.40089475695,MultiPL-E,0.5875,0.0,headroom
Qwen3,Qwen3-14B,14.77,H20 96GB,Transformers,BF16,14336,1,136.36,120152.53740099735,MultiPL-E,0.6169,0.0,headroom
Qwen3,Qwen3-32B,32.76,H20 96GB,Transformers,BF16,14336,1,62.41,262522.031725685,MultiPL-E,0.6706,0.0,headroom
Qwen3,Qwen3-0.6B,0.6,H20 96GB,Transformers,BF16,30720,1,175.93,186255.89723185357,MultiPL-E,0.2458,0.0,headroom
Qwen3,Qwen3-1.7B,1.72,H20 96GB,Transformers,BF16,30720,1,418.13,78367.97168344773,MultiPL-E,0.42710000000000004,0.0,headroom
Qwen3,Qwen3-4B,4.02,H20 96GB,Transformers,BF16,30720,1,217.97,150332.61457998806,MultiPL-E,0.5313,0.0,headroom
Qwen3,Qwen3-8B,8.19,H20 96GB,Transformers,BF16,30720,1,208.98,156799.69375059815,MultiPL-E,0.5875,0.0,headroom
Qwen3,Qwen3-14B,14.77,H20 96GB,Transformers,BF16,30720,1,155.38,210889.432359377,MultiPL-E,0.6169,0.0,headroom
Qwen3,Qwen3-32B,32.76,H20 96GB,Transformers,BF16,30720,1,69.16,473799.8843262001,MultiPL-E,0.6706,0.0,headroom
Qwen3,Qwen3-0.6B,0.6,H20 96GB,SGLang,BF16,1,1,414.17,4947.243885361084,SuperGPQA,0.1503,0.1,headroom
Qwen3,Qwen3-1.7B,1.72,H20 96GB,SGLang,BF16,1,1,227.8,8994.732221246708,SuperGPQA,0.20920000000000002,0.1,headroom
Qwen3,Qwen3-4B,4.02,H20 96GB,SGLang,BF16,1,1,133.13,15390.97123112747,SuperGPQA,0.2843,0.1,headroom
Qwen3,Qwen3-8B,8.19,H20 96GB,SGLang,BF16,1,1,81.73,25070.35360332803,SuperGPQA,0.3164,0.1,headroom
Qwen3,Qwen3-14B,14.77,H20 96GB,SGLang,BF16,1,1,47.1,43503.1847133758,SuperGPQA,0.3427,0.1,headroom
Qwen3,Qwen3-32B,32.76,H20 96GB,SGLang,BF16,1,1,20.72,98889.96138996139,SuperGPQA,0.3978,0.1,headroom
Qwen3,Qwen3-0.6B,0.6,H20 96GB,SGLang,BF16,6144,1,1426.46,5742.887988446924,SuperGPQA,0.1503,0.1,headroom
Qwen3,Qwen3-1.7B,1.72,H20 96GB,SGLang,BF16,6144,1,838.28,9772.391086510474,SuperGPQA,0.20920000000000002,0.1,headroom
Qwen3,Qwen3-4B,4.02,H20 96GB,SGLang,BF16,6144,1,466.19,17572.23449666445,SuperGPQA,0.2843,0.1,headroom
Qwen3,Qwen3-8B,8.19,H20 96GB,SGLang,BF16,6144,1,296.25,27652.320675105486,SuperGPQA,0.3164,0.1,headroom
Qwen3,Qwen3-14B,14.77,H20 96GB,SGLang,BF16,6144,1,174.85,46851.587074635405,SuperGPQA,0.3427,0.1,headroom
Qwen3,Qwen3-32B,32.76,H20 96GB,SGLang,BF16,6144,1,77.82,105268.5684913904,SuperGPQA,0.3978,0.1,headroom
Qwen3,Qwen3-0.6B,0.6,H20 96GB,SGLang,BF16,14336,1,2478.02,6611.730333088514,SuperGPQA,0.1503,0.1,headroom
Qwen3,Qwen3-1.7B,1.72,H20 96GB,SGLang,BF16,14336,1,1525.71,10738.606943652463,SuperGPQA,0.20920000000000002,0.1,headroom
Qwen3,Qwen3-4B,4.02,H20 96GB,SGLang,BF16,14336,1,789.25,20758.948368704467,SuperGPQA,0.2843,0.1,headroom
Qwen3,Qwen3-8B,8.19,H20 96GB,SGLang,BF16,14336,1,524.7,31225.462168858394,SuperGPQA,0.3164,0.1,headroom
Qwen3,Qwen3-14B,14.77,H20 96GB,SGLang,BF16,14336,1,317.56,51593.399672502834,SuperGPQA,0.3427,0.1,headroom
Qwen3,Qwen3-32B,32.76,H20 96GB,SGLang,BF16,14336,1,143.08,114509.36538999161,SuperGPQA,0.3978,0.1,headroom
Qwen3,Qwen3-0.6B,0.6,H20 96GB,SGLang,BF16,30720,1,3577.42,9159.67373134829,SuperGPQA,0.1503,0.1,headroom
Qwen3,Qwen3-1.7B,1.72,H20 96GB,SGLang,BF16,30720,1,2439.03,13434.84909984707,SuperGPQA,0.20920000000000002,0.1,headroom
Qwen3,Qwen3-4B,4.02,H20 96GB,SGLang,BF16,30720,1,1165.75,28108.942740724855,SuperGPQA,0.2843,0.1,headroom
Qwen3,Qwen3-8B,8.19,H20 96GB,SGLang,BF16,30720,1,832.67,39352.92492824289,SuperGPQA,0.3164,0.1,headroom
Qwen3,Qwen3-14B,14.77,H20 96GB,SGLang,BF16,30720,1,525.8,62320.27386839103,SuperGPQA,0.3427,0.1,headroom
Qwen3,Qwen3-32B,32.76,H20 96GB,SGLang,BF16,30720,1,240.75,136107.9958463136,SuperGPQA,0.3978,0.1,headroom
Qwen3,Qwen3-4B,4.02,H20 96GB,SGLang,BF16,63488,1,1423.98,46023.118302223345,SuperGPQA,0.2843,0.1,headroom
Qwen3,Qwen3-8B,8.19,H20 96GB,SGLang,BF16,63488,1,1112.78,58893.94130016715,SuperGPQA,0.3164,0.1,headroom
Qwen3,Qwen3-14B,14.77,H20 96GB,SGLang,BF16,63488,1,742.36,88280.61856781076,SuperGPQA,0.3427,0.1,headroom
Qwen3,Qwen3-32B,32.76,H20 96GB,SGLang,BF16,63488,1,342.96,191089.33986470726,SuperGPQA,0.3978,0.1,headroom
Qwen3,Qwen3-4B,4.02,H20 96GB,SGLang,BF16,129042,1,1371.04,95613.54883883767,SuperGPQA,0.2843,0.1,headroom
Qwen3,Qwen3-8B,8.19,H20 96GB,SGLang,BF16,129042,1,1173.32,111725.70142842532,SuperGPQA,0.3164,0.1,headroom
Qwen3,Qwen3-14B,14.77,H20 96GB,SGLang,BF16,129042,1,826.15,158675.78526901896,SuperGPQA,0.3427,0.1,headroom
Qwen3,Qwen3-32B,32.76,H20 96GB,SGLang,BF16,129042,2,711.4,184270.45262861962,SuperGPQA,0.3978,0.1,headroom
Qwen3,Qwen3-0.6B,0.6,H20 96GB,Transformers,BF16,1,1,58.57,34983.78009219737,SuperGPQA,0.1503,0.1,headroom
Qwen3,Qwen3-1.7B,1.72,H20 96GB,Transformers,BF16,1,1,59.83,34247.033260905904,SuperGPQA,0.20920000000000002,0.1,headroom
Qwen3,Qwen3-4B,4.02,H20 96GB,Transformers,BF16,1,1,45.94,44601.65433173705,SuperGPQA,0.2843,0.1,headroom
Qwen3,Qwen3-8B,8.19,H20 96GB,Transformers,BF16,1,1,45.32,45211.82700794351,SuperGPQA,0.3164,0.1,headroom
Qwen3,Qwen3-14B,14.77,H20 96GB,Transformers,BF16,1,1,40.66,50393.50713231678,SuperGPQA,0.3427,0.1,headroom
Qwen3,Qwen3-32B,32.76,H20 96GB,Transformers,BF16,1,1,26.24,78086.89024390244,SuperGPQA,0.3978,0.1,headroom
Qwen3,Qwen3-0.6B,0.6,H20 96GB,Transformers,BF16,6144,1,154.82,52913.060328122985,SuperGPQA,0.1503,0.1,headroom
Qwen3,Qwen3-1.7B,1.72,H20 96GB,Transformers,BF16,6144,1,238.53,34343.68842493607,SuperGPQA,0.20920000000000002,0.1,headroom
Qwen3,Qwen3-4B,4.02,H20 96GB,Transformers,BF16,6144,1,159.95,51216.00500156299,SuperGPQA,0.2843,0.1,headroom
Qwen3,Qwen3-8B,8.19,H20 96GB,Transformers,BF16,6144,1,146.12,56063.50944429236,SuperGPQA,0.3164,0.1,headroom
Qwen3,Qwen3-14B,14.77,H20 96GB,Transformers,BF16,6144,1,108.52,75488.38923700701,SuperGPQA,0.3427,0.1,headroom
Qwen3,Qwen3-32B,32.76,H20 96GB,Transformers,BF16,6144,1,51.41,159346.4306555145,SuperGPQA,0.3978,0.1,headroom
Qwen3,Qwen3-0.6B,0.6,H20 96GB,Transformers,BF16,14336,1,168.48,97245.96391263058,SuperGPQA,0.1503,0.1,headroom
Qwen3,Qwen3-1.7B,1.72,H20 96GB,Transformers,BF16,14336,1,352.59,46467.56856405457,SuperGPQA,0.20920000000000002,0.1,headroom
Qwen3,Qwen3-4B,4.02,H20 96GB,Transformers,BF16,14336,1,195.31,83887.15375556807,SuperGPQA,0.2843,0.1,headroom
Qwen3,Qwen3-8B,8.19,H20 96GB,Transformers,BF16,14336,1,183.29,89388.40089475695,SuperGPQA,0.3164,0.1,headroom
Qwen3,Qwen3-14B,14.77,H20 96GB,Transformers,BF16,14336,1,136.36,120152.53740099735,SuperGPQA,0.3427,0.1,headroom
Qwen3,Qwen3-32B,32.76,H20 96GB,Transformers,BF16,14336,1,62.41,262522.031725685,SuperGPQA,0.3978,0.1,headroom
Qwen3,Qwen3-0.6B,0.6,H20 96GB,Transformers,BF16,30720,1,175.93,186255.89723185357,SuperGPQA,0.1503,0.1,headroom
Qwen3,Qwen3-1.7B,1.72,H20 96GB,Transformers,BF16,30720,1,418.13,78367.97168344773,SuperGPQA,0.20920000000000002,0.1,headroom
Qwen3,Qwen3-4B,4.02,H20 96GB,Transformers,BF16,30720,1,217.97,150332.61457998806,SuperGPQA,0.2843,0.1,headroom
Qwen3,Qwen3-8B,8.19,H20 96GB,Transformers,BF16,30720,1,208.98,156799.69375059815,SuperGPQA,0.3164,0.1,headroom
Qwen3,Qwen3-14B,14.77,H20 96GB,Transformers,BF16,30720,1,155.38,210889.432359377,SuperGPQA,0.3427,0.1,headroom
Qwen3,Qwen3-32B,32.76,H20 96GB,Transformers,BF16,30720,1,69.16,473799.8843262001,SuperGPQA,0.3978,0.1,headroom
