label,family,device,precision,task,benchmark_class,n_sizes,n_front,eps_min,eps_inf,alpha,lambda_star,boot_lo,boot_hi,boot_se,R2,S_range,x_range,d_aicc,status
qwen1.5 | 1xA10 | float16 | ARC-Challenge,qwen/qwen1.5,1xA10,float16,ARC-Challenge,retired,6,6,0.48687,0.342261,0.3933,0.1966,0.1083,0.3478,0.0606,0.9953,0.629,3.347,-3.91,identified
qwen1.5 | 1xA10 | float16 | HellaSwag,qwen/qwen1.5,1xA10,float16,HellaSwag,retired,6,6,0.2,0.165908,0.7539,0.3769,0.2451,0.5161,0.0671,0.9955,1.223,3.347,-0.13,identified
qwen1.5 | 1xA10 | float16 | IFEval,qwen/qwen1.5,1xA10,float16,IFEval,headroom,6,6,0.67027,0.515465,0.1959,0.098,0.026,0.5436,0.1369,0.9831,0.213,3.347,-8.8,identified
qwen1.5 | 1xA10 | float16 | MMLU,qwen/qwen1.5,1xA10,float16,MMLU,retired,6,6,0.3426,0.057016,0.2914,0.1457,0.1324,0.242,0.0285,0.9976,0.859,3.347,-9.52,identified
qwen1.5 | 1xA100 | float16 | ARC-Challenge,qwen/qwen1.5,1xA100,float16,ARC-Challenge,retired,7,7,0.4004,0.39507,0.854,0.427,0.1676,1.0269,0.2234,0.9656,0.825,3.397,-0.44,identified
qwen1.5 | 1xA100 | float16 | BBH,qwen/qwen1.5,1xA100,float16,BBH,headroom,7,7,0.55719,0.483826,0.5487,0.2743,0.1345,0.4599,0.0777,0.9861,0.533,3.397,1.31,identified
qwen1.5 | 1xA100 | float16 | GSM8K,qwen/qwen1.5,1xA100,float16,GSM8K,retired,7,6,0.1895,0.177057,1.0522,0.5261,0.3548,3.5864,0.6452,0.9444,1.485,3.397,-6.62,identified
qwen1.5 | 1xA100 | float16 | HellaSwag,qwen/qwen1.5,1xA100,float16,HellaSwag,retired,7,7,0.16693,0.166766,1.438,0.719,0.4384,1.2288,0.4191,0.9289,1.404,3.397,-1.29,identified
qwen1.5 | 1xA100 | float16 | IFEval,qwen/qwen1.5,1xA100,float16,IFEval,headroom,7,7,0.65781,0.64463,0.7693,0.3847,0.1249,0.6413,0.1291,0.9526,0.232,3.397,0.52,identified
qwen1.5 | 1xA100 | float16 | MMLU,qwen/qwen1.5,1xA100,float16,MMLU,retired,7,7,0.264,0.246329,0.8562,0.4281,0.2921,0.6305,0.0898,0.9777,1.119,3.397,0.04,identified
qwen1.5 | 1xA100 | float16 | MMLU-PRO,qwen/qwen1.5,1xA100,float16,MMLU-PRO,headroom,7,7,0.51548,0.353941,0.3753,0.1877,0.104,0.3121,0.0559,0.9864,0.628,3.397,-3.72,identified
qwen1.5 | 1xA100 | float16 | MuSR,qwen/qwen1.5,1xA100,float16,MuSR,headroom,7,6,0.86294,0.844864,0.5639,0.2819,0.0342,1.9114,0.4641,0.9072,0.103,3.397,-6.91,identified
qwen1.5 | 1xA100 | float16 | Winogrande,qwen/qwen1.5,1xA100,float16,Winogrande,retired,7,7,0.3172,0.243965,0.626,0.313,0.1922,0.6914,0.1411,0.9793,0.992,3.397,-2.62,identified
decilm | 1xA10 | bfloat16 | ARC-Challenge,deci/decilm,1xA10,bfloat16,ARC-Challenge,retired,1,1,,,,,,,,,,,,excluded: front shorter than six points
decilm | 1xA10 | bfloat16 | BBH,deci/decilm,1xA10,bfloat16,BBH,headroom,1,1,,,,,,,,,,,,excluded: front shorter than six points
decilm | 1xA10 | bfloat16 | GPQA,deci/decilm,1xA10,bfloat16,GPQA,headroom,1,1,,,,,,,,,,,,excluded: front shorter than six points
decilm | 1xA10 | bfloat16 | GSM8K,deci/decilm,1xA10,bfloat16,GSM8K,retired,1,1,,,,,,,,,,,,excluded: front shorter than six points
decilm | 1xA10 | bfloat16 | HellaSwag,deci/decilm,1xA10,bfloat16,HellaSwag,retired,1,1,,,,,,,,,,,,excluded: front shorter than six points
decilm | 1xA10 | bfloat16 | IFEval,deci/decilm,1xA10,bfloat16,IFEval,headroom,1,1,,,,,,,,,,,,excluded: front shorter than six points
decilm | 1xA10 | bfloat16 | MATH Lvl 5,deci/decilm,1xA10,bfloat16,MATH Lvl 5,headroom,1,1,,,,,,,,,,,,excluded: front shorter than six points
decilm | 1xA10 | bfloat16 | MMLU,deci/decilm,1xA10,bfloat16,MMLU,retired,1,1,,,,,,,,,,,,excluded: front shorter than six points
decilm | 1xA10 | bfloat16 | MMLU-PRO,deci/decilm,1xA10,bfloat16,MMLU-PRO,headroom,1,1,,,,,,,,,,,,excluded: front shorter than six points
decilm | 1xA10 | bfloat16 | MuSR,deci/decilm,1xA10,bfloat16,MuSR,headroom,1,1,,,,,,,,,,,,excluded: front shorter than six points
decilm | 1xA10 | bfloat16 | Winogrande,deci/decilm,1xA10,bfloat16,Winogrande,retired,1,1,,,,,,,,,,,,excluded: front shorter than six points
decilm | 1xA10 | float16 | ARC-Challenge,deci/decilm,1xA10,float16,ARC-Challenge,retired,1,1,,,,,,,,,,,,excluded: front shorter than six points
decilm | 1xA10 | float16 | BBH,deci/decilm,1xA10,float16,BBH,headroom,1,1,,,,,,,,,,,,excluded: front shorter than six points
decilm | 1xA10 | float16 | GPQA,deci/decilm,1xA10,float16,GPQA,headroom,1,1,,,,,,,,,,,,excluded: front shorter than six points
decilm | 1xA10 | float16 | GSM8K,deci/decilm,1xA10,float16,GSM8K,retired,1,1,,,,,,,,,,,,excluded: front shorter than six points
decilm | 1xA10 | float16 | HellaSwag,deci/decilm,1xA10,float16,HellaSwag,retired,1,1,,,,,,,,,,,,excluded: front shorter than six points
decilm | 1xA10 | float16 | IFEval,deci/decilm,1xA10,float16,IFEval,headroom,1,1,,,,,,,,,,,,excluded: front shorter than six points
decilm | 1xA10 | float16 | MATH Lvl 5,deci/decilm,1xA10,float16,MATH Lvl 5,headroom,1,1,,,,,,,,,,,,excluded: front shorter than six points
decilm | 1xA10 | float16 | MMLU,deci/decilm,1xA10,float16,MMLU,retired,1,1,,,,,,,,,,,,excluded: front shorter than six points
decilm | 1xA10 | float16 | MMLU-PRO,deci/decilm,1xA10,float16,MMLU-PRO,headroom,1,1,,,,,,,,,,,,excluded: front shorter than six points
decilm | 1xA10 | float16 | MuSR,deci/decilm,1xA10,float16,MuSR,headroom,1,1,,,,,,,,,,,,excluded: front shorter than six points
decilm | 1xA10 | float16 | Winogrande,deci/decilm,1xA10,float16,Winogrande,retired,1,1,,,,,,,,,,,,excluded: front shorter than six points
decilm | 1xA100 | bfloat16 | ARC-Challenge,deci/decilm,1xA100,bfloat16,ARC-Challenge,retired,1,1,,,,,,,,,,,,excluded: front shorter than six points
decilm | 1xA100 | bfloat16 | BBH,deci/decilm,1xA100,bfloat16,BBH,headroom,1,1,,,,,,,,,,,,excluded: front shorter than six points
decilm | 1xA100 | bfloat16 | GPQA,deci/decilm,1xA100,bfloat16,GPQA,headroom,1,1,,,,,,,,,,,,excluded: front shorter than six points
decilm | 1xA100 | bfloat16 | GSM8K,deci/decilm,1xA100,bfloat16,GSM8K,retired,1,1,,,,,,,,,,,,excluded: front shorter than six points
decilm | 1xA100 | bfloat16 | HellaSwag,deci/decilm,1xA100,bfloat16,HellaSwag,retired,1,1,,,,,,,,,,,,excluded: front shorter than six points
decilm | 1xA100 | bfloat16 | IFEval,deci/decilm,1xA100,bfloat16,IFEval,headroom,1,1,,,,,,,,,,,,excluded: front shorter than six points
decilm | 1xA100 | bfloat16 | MATH Lvl 5,deci/decilm,1xA100,bfloat16,MATH Lvl 5,headroom,1,1,,,,,,,,,,,,excluded: front shorter than six points
decilm | 1xA100 | bfloat16 | MMLU,deci/decilm,1xA100,bfloat16,MMLU,retired,1,1,,,,,,,,,,,,excluded: front shorter than six points
decilm | 1xA100 | bfloat16 | MMLU-PRO,deci/decilm,1xA100,bfloat16,MMLU-PRO,headroom,1,1,,,,,,,,,,,,excluded: front shorter than six points
decilm | 1xA100 | bfloat16 | MuSR,deci/decilm,1xA100,bfloat16,MuSR,headroom,1,1,,,,,,,,,,,,excluded: front shorter than six points
decilm | 1xA100 | bfloat16 | Winogrande,deci/decilm,1xA100,bfloat16,Winogrande,retired,1,1,,,,,,,,,,,,excluded: front shorter than six points
decilm | 1xA100 | float16 | ARC-Challenge,deci/decilm,1xA100,float16,ARC-Challenge,retired,1,1,,,,,,,,,,,,excluded: front shorter than six points
decilm | 1xA100 | float16 | BBH,deci/decilm,1xA100,float16,BBH,headroom,1,1,,,,,,,,,,,,excluded: front shorter than six points
decilm | 1xA100 | float16 | GPQA,deci/decilm,1xA100,float16,GPQA,headroom,1,1,,,,,,,,,,,,excluded: front shorter than six points
decilm | 1xA100 | float16 | GSM8K,deci/decilm,1xA100,float16,GSM8K,retired,1,1,,,,,,,,,,,,excluded: front shorter than six points
decilm | 1xA100 | float16 | HellaSwag,deci/decilm,1xA100,float16,HellaSwag,retired,1,1,,,,,,,,,,,,excluded: front shorter than six points
decilm | 1xA100 | float16 | IFEval,deci/decilm,1xA100,float16,IFEval,headroom,1,1,,,,,,,,,,,,excluded: front shorter than six points
decilm | 1xA100 | float16 | MATH Lvl 5,deci/decilm,1xA100,float16,MATH Lvl 5,headroom,1,1,,,,,,,,,,,,excluded: front shorter than six points
decilm | 1xA100 | float16 | MMLU,deci/decilm,1xA100,float16,MMLU,retired,1,1,,,,,,,,,,,,excluded: front shorter than six points
decilm | 1xA100 | float16 | MMLU-PRO,deci/decilm,1xA100,float16,MMLU-PRO,headroom,1,1,,,,,,,,,,,,excluded: front shorter than six points
decilm | 1xA100 | float16 | MuSR,deci/decilm,1xA100,float16,MuSR,headroom,1,1,,,,,,,,,,,,excluded: front shorter than six points
decilm | 1xA100 | float16 | Winogrande,deci/decilm,1xA100,float16,Winogrande,retired,1,1,,,,,,,,,,,,excluded: front shorter than six points
decilm | 1xA100 | float32 | ARC-Challenge,deci/decilm,1xA100,float32,ARC-Challenge,retired,1,1,,,,,,,,,,,,excluded: front shorter than six points
decilm | 1xA100 | float32 | BBH,deci/decilm,1xA100,float32,BBH,headroom,1,1,,,,,,,,,,,,excluded: front shorter than six points
decilm | 1xA100 | float32 | GPQA,deci/decilm,1xA100,float32,GPQA,headroom,1,1,,,,,,,,,,,,excluded: front shorter than six points
decilm | 1xA100 | float32 | GSM8K,deci/decilm,1xA100,float32,GSM8K,retired,1,1,,,,,,,,,,,,excluded: front shorter than six points
decilm | 1xA100 | float32 | HellaSwag,deci/decilm,1xA100,float32,HellaSwag,retired,1,1,,,,,,,,,,,,excluded: front shorter than six points
decilm | 1xA100 | float32 | IFEval,deci/decilm,1xA100,float32,IFEval,headroom,1,1,,,,,,,,,,,,excluded: front shorter than six points
decilm | 1xA100 | float32 | MATH Lvl 5,deci/decilm,1xA100,float32,MATH Lvl 5,headroom,1,1,,,,,,,,,,,,excluded: front shorter than six points
decilm | 1xA100 | float32 | MMLU,deci/decilm,1xA100,float32,MMLU,retired,1,1,,,,,,,,,,,,excluded: front shorter than six points
decilm | 1xA100 | float32 | MMLU-PRO,deci/decilm,1xA100,float32,MMLU-PRO,headroom,1,1,,,,,,,,,,,,excluded: front shorter than six points
decilm | 1xA100 | float32 | MuSR,deci/decilm,1xA100,float32,MuSR,headroom,1,1,,,,,,,,,,,,excluded: front shorter than six points
decilm | 1xA100 | float32 | Winogrande,deci/decilm,1xA100,float32,Winogrande,retired,1,1,,,,,,,,,,,,excluded: front shorter than six points
decilm | 1xT4 | bfloat16 | ARC-Challenge,deci/decilm,1xT4,bfloat16,ARC-Challenge,retired,1,1,,,,,,,,,,,,excluded: front shorter than six points
decilm | 1xT4 | bfloat16 | BBH,deci/decilm,1xT4,bfloat16,BBH,headroom,1,1,,,,,,,,,,,,excluded: front shorter than six points
decilm | 1xT4 | bfloat16 | GPQA,deci/decilm,1xT4,bfloat16,GPQA,headroom,1,1,,,,,,,,,,,,excluded: front shorter than six points
decilm | 1xT4 | bfloat16 | GSM8K,deci/decilm,1xT4,bfloat16,GSM8K,retired,1,1,,,,,,,,,,,,excluded: front shorter than six points
decilm | 1xT4 | bfloat16 | HellaSwag,deci/decilm,1xT4,bfloat16,HellaSwag,retired,1,1,,,,,,,,,,,,excluded: front shorter than six points
decilm | 1xT4 | bfloat16 | IFEval,deci/decilm,1xT4,bfloat16,IFEval,headroom,1,1,,,,,,,,,,,,excluded: front shorter than six points
decilm | 1xT4 | bfloat16 | MATH Lvl 5,deci/decilm,1xT4,bfloat16,MATH Lvl 5,headroom,1,1,,,,,,,,,,,,excluded: front shorter than six points
decilm | 1xT4 | bfloat16 | MMLU,deci/decilm,1xT4,bfloat16,MMLU,retired,1,1,,,,,,,,,,,,excluded: front shorter than six points
decilm | 1xT4 | bfloat16 | MMLU-PRO,deci/decilm,1xT4,bfloat16,MMLU-PRO,headroom,1,1,,,,,,,,,,,,excluded: front shorter than six points
decilm | 1xT4 | bfloat16 | MuSR,deci/decilm,1xT4,bfloat16,MuSR,headroom,1,1,,,,,,,,,,,,excluded: front shorter than six points
decilm | 1xT4 | bfloat16 | Winogrande,deci/decilm,1xT4,bfloat16,Winogrande,retired,1,1,,,,,,,,,,,,excluded: front shorter than six points
decilm | 1xT4 | float16 | ARC-Challenge,deci/decilm,1xT4,float16,ARC-Challenge,retired,1,1,,,,,,,,,,,,excluded: front shorter than six points
decilm | 1xT4 | float16 | BBH,deci/decilm,1xT4,float16,BBH,headroom,1,1,,,,,,,,,,,,excluded: front shorter than six points
decilm | 1xT4 | float16 | GPQA,deci/decilm,1xT4,float16,GPQA,headroom,1,1,,,,,,,,,,,,excluded: front shorter than six points
decilm | 1xT4 | float16 | GSM8K,deci/decilm,1xT4,float16,GSM8K,retired,1,1,,,,,,,,,,,,excluded: front shorter than six points
decilm | 1xT4 | float16 | HellaSwag,deci/decilm,1xT4,float16,HellaSwag,retired,1,1,,,,,,,,,,,,excluded: front shorter than six points
decilm | 1xT4 | float16 | IFEval,deci/decilm,1xT4,float16,IFEval,headroom,1,1,,,,,,,,,,,,excluded: front shorter than six points
decilm | 1xT4 | float16 | MATH Lvl 5,deci/decilm,1xT4,float16,MATH Lvl 5,headroom,1,1,,,,,,,,,,,,excluded: front shorter than six points
decilm | 1xT4 | float16 | MMLU,deci/decilm,1xT4,float16,MMLU,retired,1,1,,,,,,,,,,,,excluded: front shorter than six points
decilm | 1xT4 | float16 | MMLU-PRO,deci/decilm,1xT4,float16,MMLU-PRO,headroom,1,1,,,,,,,,,,,,excluded: front shorter than six points
decilm | 1xT4 | float16 | MuSR,deci/decilm,1xT4,float16,MuSR,headroom,1,1,,,,,,,,,,,,excluded: front shorter than six points
decilm | 1xT4 | float16 | Winogrande,deci/decilm,1xT4,float16,Winogrande,retired,1,1,,,,,,,,,,,,excluded: front shorter than six points
decilm | 32vCPU-C7i | bfloat16 | ARC-Challenge,deci/decilm,32vCPU-C7i,bfloat16,ARC-Challenge,retired,1,1,,,,,,,,,,,,excluded: front shorter than six points
decilm | 32vCPU-C7i | bfloat16 | BBH,deci/decilm,32vCPU-C7i,bfloat16,BBH,headroom,1,1,,,,,,,,,,,,excluded: front shorter than six points
decilm | 32vCPU-C7i | bfloat16 | GPQA,deci/decilm,32vCPU-C7i,bfloat16,GPQA,headroom,1,1,,,,,,,,,,,,excluded: front shorter than six points
decilm | 32vCPU-C7i | bfloat16 | GSM8K,deci/decilm,32vCPU-C7i,bfloat16,GSM8K,retired,1,1,,,,,,,,,,,,excluded: front shorter than six points
decilm | 32vCPU-C7i | bfloat16 | HellaSwag,deci/decilm,32vCPU-C7i,bfloat16,HellaSwag,retired,1,1,,,,,,,,,,,,excluded: front shorter than six points
decilm | 32vCPU-C7i | bfloat16 | IFEval,deci/decilm,32vCPU-C7i,bfloat16,IFEval,headroom,1,1,,,,,,,,,,,,excluded: front shorter than six points
decilm | 32vCPU-C7i | bfloat16 | MATH Lvl 5,deci/decilm,32vCPU-C7i,bfloat16,MATH Lvl 5,headroom,1,1,,,,,,,,,,,,excluded: front shorter than six points
decilm | 32vCPU-C7i | bfloat16 | MMLU,deci/decilm,32vCPU-C7i,bfloat16,MMLU,retired,1,1,,,,,,,,,,,,excluded: front shorter than six points
decilm | 32vCPU-C7i | bfloat16 | MMLU-PRO,deci/decilm,32vCPU-C7i,bfloat16,MMLU-PRO,headroom,1,1,,,,,,,,,,,,excluded: front shorter than six points
decilm | 32vCPU-C7i | bfloat16 | MuSR,deci/decilm,32vCPU-C7i,bfloat16,MuSR,headroom,1,1,,,,,,,,,,,,excluded: front shorter than six points
decilm | 32vCPU-C7i | bfloat16 | Winogrande,deci/decilm,32vCPU-C7i,bfloat16,Winogrande,retired,1,1,,,,,,,,,,,,excluded: front shorter than six points
decilm | 32vCPU-C7i | float16 | ARC-Challenge,deci/decilm,32vCPU-C7i,float16,ARC-Challenge,retired,1,1,,,,,,,,,,,,excluded: front shorter than six points
decilm | 32vCPU-C7i | float16 | BBH,deci/decilm,32vCPU-C7i,float16,BBH,headroom,1,1,,,,,,,,,,,,excluded: front shorter than six points
decilm | 32vCPU-C7i | float16 | GPQA,deci/decilm,32vCPU-C7i,float16,GPQA,headroom,1,1,,,,,,,,,,,,excluded: front shorter than six points
decilm | 32vCPU-C7i | float16 | GSM8K,deci/decilm,32vCPU-C7i,float16,GSM8K,retired,1,1,,,,,,,,,,,,excluded: front shorter than six points
decilm | 32vCPU-C7i | float16 | HellaSwag,deci/decilm,32vCPU-C7i,float16,HellaSwag,retired,1,1,,,,,,,,,,,,excluded: front shorter than six points
decilm | 32vCPU-C7i | float16 | IFEval,deci/decilm,32vCPU-C7i,float16,IFEval,headroom,1,1,,,,,,,,,,,,excluded: front shorter than six points
decilm | 32vCPU-C7i | float16 | MATH Lvl 5,deci/decilm,32vCPU-C7i,float16,MATH Lvl 5,headroom,1,1,,,,,,,,,,,,excluded: front shorter than six points
decilm | 32vCPU-C7i | float16 | MMLU,deci/decilm,32vCPU-C7i,float16,MMLU,retired,1,1,,,,,,,,,,,,excluded: front shorter than six points
decilm | 32vCPU-C7i | float16 | MMLU-PRO,deci/decilm,32vCPU-C7i,float16,MMLU-PRO,headroom,1,1,,,,,,,,,,,,excluded: front shorter than six points
decilm | 32vCPU-C7i | float16 | MuSR,deci/decilm,32vCPU-C7i,float16,MuSR,headroom,1,1,,,,,,,,,,,,excluded: front shorter than six points
decilm | 32vCPU-C7i | float16 | Winogrande,deci/decilm,32vCPU-C7i,float16,Winogrande,retired,1,1,,,,,,,,,,,,excluded: front shorter than six points
decilm | 32vCPU-C7i | float32 | ARC-Challenge,deci/decilm,32vCPU-C7i,float32,ARC-Challenge,retired,1,1,,,,,,,,,,,,excluded: front shorter than six points
decilm | 32vCPU-C7i | float32 | BBH,deci/decilm,32vCPU-C7i,float32,BBH,headroom,1,1,,,,,,,,,,,,excluded: front shorter than six points
decilm | 32vCPU-C7i | float32 | GPQA,deci/decilm,32vCPU-C7i,float32,GPQA,headroom,1,1,,,,,,,,,,,,excluded: front shorter than six points
decilm | 32vCPU-C7i | float32 | GSM8K,deci/decilm,32vCPU-C7i,float32,GSM8K,retired,1,1,,,,,,,,,,,,excluded: front shorter than six points
decilm | 32vCPU-C7i | float32 | HellaSwag,deci/decilm,32vCPU-C7i,float32,HellaSwag,retired,1,1,,,,,,,,,,,,excluded: front shorter than six points
decilm | 32vCPU-C7i | float32 | IFEval,deci/decilm,32vCPU-C7i,float32,IFEval,headroom,1,1,,,,,,,,,,,,excluded: front shorter than six points
decilm | 32vCPU-C7i | float32 | MATH Lvl 5,deci/decilm,32vCPU-C7i,float32,MATH Lvl 5,headroom,1,1,,,,,,,,,,,,excluded: front shorter than six points
decilm | 32vCPU-C7i | float32 | MMLU,deci/decilm,32vCPU-C7i,float32,MMLU,retired,1,1,,,,,,,,,,,,excluded: front shorter than six points
decilm | 32vCPU-C7i | float32 | MMLU-PRO,deci/decilm,32vCPU-C7i,float32,MMLU-PRO,headroom,1,1,,,,,,,,,,,,excluded: front shorter than six points
decilm | 32vCPU-C7i | float32 | MuSR,deci/decilm,32vCPU-C7i,float32,MuSR,headroom,1,1,,,,,,,,,,,,excluded: front shorter than six points
decilm | 32vCPU-C7i | float32 | Winogrande,deci/decilm,32vCPU-C7i,float32,Winogrande,retired,1,1,,,,,,,,,,,,excluded: front shorter than six points
distilgpt2 | 1xA10 | bfloat16 | BBH,distilbert/distilgpt2,1xA10,bfloat16,BBH,headroom,1,1,,,,,,,,,,,,excluded: front shorter than six points
distilgpt2 | 1xA10 | bfloat16 | GPQA,distilbert/distilgpt2,1xA10,bfloat16,GPQA,headroom,1,1,,,,,,,,,,,,excluded: front shorter than six points
distilgpt2 | 1xA10 | bfloat16 | IFEval,distilbert/distilgpt2,1xA10,bfloat16,IFEval,headroom,1,1,,,,,,,,,,,,excluded: front shorter than six points
distilgpt2 | 1xA10 | bfloat16 | MATH Lvl 5,distilbert/distilgpt2,1xA10,bfloat16,MATH Lvl 5,headroom,1,1,,,,,,,,,,,,excluded: front shorter than six points
distilgpt2 | 1xA10 | bfloat16 | MMLU-PRO,distilbert/distilgpt2,1xA10,bfloat16,MMLU-PRO,headroom,1,1,,,,,,,,,,,,excluded: front shorter than six points
distilgpt2 | 1xA10 | bfloat16 | MuSR,distilbert/distilgpt2,1xA10,bfloat16,MuSR,headroom,1,1,,,,,,,,,,,,excluded: front shorter than six points
distilgpt2 | 1xA10 | float16 | BBH,distilbert/distilgpt2,1xA10,float16,BBH,headroom,1,1,,,,,,,,,,,,excluded: front shorter than six points
distilgpt2 | 1xA10 | float16 | GPQA,distilbert/distilgpt2,1xA10,float16,GPQA,headroom,1,1,,,,,,,,,,,,excluded: front shorter than six points
distilgpt2 | 1xA10 | float16 | IFEval,distilbert/distilgpt2,1xA10,float16,IFEval,headroom,1,1,,,,,,,,,,,,excluded: front shorter than six points
distilgpt2 | 1xA10 | float16 | MATH Lvl 5,distilbert/distilgpt2,1xA10,float16,MATH Lvl 5,headroom,1,1,,,,,,,,,,,,excluded: front shorter than six points
distilgpt2 | 1xA10 | float16 | MMLU-PRO,distilbert/distilgpt2,1xA10,float16,MMLU-PRO,headroom,1,1,,,,,,,,,,,,excluded: front shorter than six points
distilgpt2 | 1xA10 | float16 | MuSR,distilbert/distilgpt2,1xA10,float16,MuSR,headroom,1,1,,,,,,,,,,,,excluded: front shorter than six points
distilgpt2 | 1xA10 | float32 | BBH,distilbert/distilgpt2,1xA10,float32,BBH,headroom,1,1,,,,,,,,,,,,excluded: front shorter than six points
distilgpt2 | 1xA10 | float32 | GPQA,distilbert/distilgpt2,1xA10,float32,GPQA,headroom,1,1,,,,,,,,,,,,excluded: front shorter than six points
distilgpt2 | 1xA10 | float32 | IFEval,distilbert/distilgpt2,1xA10,float32,IFEval,headroom,1,1,,,,,,,,,,,,excluded: front shorter than six points
distilgpt2 | 1xA10 | float32 | MATH Lvl 5,distilbert/distilgpt2,1xA10,float32,MATH Lvl 5,headroom,1,1,,,,,,,,,,,,excluded: front shorter than six points
distilgpt2 | 1xA10 | float32 | MMLU-PRO,distilbert/distilgpt2,1xA10,float32,MMLU-PRO,headroom,1,1,,,,,,,,,,,,excluded: front shorter than six points
distilgpt2 | 1xA10 | float32 | MuSR,distilbert/distilgpt2,1xA10,float32,MuSR,headroom,1,1,,,,,,,,,,,,excluded: front shorter than six points
distilgpt2 | 1xT4 | bfloat16 | BBH,distilbert/distilgpt2,1xT4,bfloat16,BBH,headroom,1,1,,,,,,,,,,,,excluded: front shorter than six points
distilgpt2 | 1xT4 | bfloat16 | GPQA,distilbert/distilgpt2,1xT4,bfloat16,GPQA,headroom,1,1,,,,,,,,,,,,excluded: front shorter than six points
distilgpt2 | 1xT4 | bfloat16 | IFEval,distilbert/distilgpt2,1xT4,bfloat16,IFEval,headroom,1,1,,,,,,,,,,,,excluded: front shorter than six points
distilgpt2 | 1xT4 | bfloat16 | MATH Lvl 5,distilbert/distilgpt2,1xT4,bfloat16,MATH Lvl 5,headroom,1,1,,,,,,,,,,,,excluded: front shorter than six points
distilgpt2 | 1xT4 | bfloat16 | MMLU-PRO,distilbert/distilgpt2,1xT4,bfloat16,MMLU-PRO,headroom,1,1,,,,,,,,,,,,excluded: front shorter than six points
distilgpt2 | 1xT4 | bfloat16 | MuSR,distilbert/distilgpt2,1xT4,bfloat16,MuSR,headroom,1,1,,,,,,,,,,,,excluded: front shorter than six points
distilgpt2 | 1xT4 | float16 | BBH,distilbert/distilgpt2,1xT4,float16,BBH,headroom,1,1,,,,,,,,,,,,excluded: front shorter than six points
distilgpt2 | 1xT4 | float16 | GPQA,distilbert/distilgpt2,1xT4,float16,GPQA,headroom,1,1,,,,,,,,,,,,excluded: front shorter than six points
distilgpt2 | 1xT4 | float16 | IFEval,distilbert/distilgpt2,1xT4,float16,IFEval,headroom,1,1,,,,,,,,,,,,excluded: front shorter than six points
distilgpt2 | 1xT4 | float16 | MATH Lvl 5,distilbert/distilgpt2,1xT4,float16,MATH Lvl 5,headroom,1,1,,,,,,,,,,,,excluded: front shorter than six points
distilgpt2 | 1xT4 | float16 | MMLU-PRO,distilbert/distilgpt2,1xT4,float16,MMLU-PRO,headroom,1,1,,,,,,,,,,,,excluded: front shorter than six points
distilgpt2 | 1xT4 | float16 | MuSR,distilbert/distilgpt2,1xT4,float16,MuSR,headroom,1,1,,,,,,,,,,,,excluded: front shorter than six points
distilgpt2 | 1xT4 | float32 | BBH,distilbert/distilgpt2,1xT4,float32,BBH,headroom,1,1,,,,,,,,,,,,excluded: front shorter than six points
distilgpt2 | 1xT4 | float32 | GPQA,distilbert/distilgpt2,1xT4,float32,GPQA,headroom,1,1,,,,,,,,,,,,excluded: front shorter than six points
distilgpt2 | 1xT4 | float32 | IFEval,distilbert/distilgpt2,1xT4,float32,IFEval,headroom,1,1,,,,,,,,,,,,excluded: front shorter than six points
distilgpt2 | 1xT4 | float32 | MATH Lvl 5,distilbert/distilgpt2,1xT4,float32,MATH Lvl 5,headroom,1,1,,,,,,,,,,,,excluded: front shorter than six points
distilgpt2 | 1xT4 | float32 | MMLU-PRO,distilbert/distilgpt2,1xT4,float32,MMLU-PRO,headroom,1,1,,,,,,,,,,,,excluded: front shorter than six points
distilgpt2 | 1xT4 | float32 | MuSR,distilbert/distilgpt2,1xT4,float32,MuSR,headroom,1,1,,,,,,,,,,,,excluded: front shorter than six points
distilgpt2 | 32vCPU-C7i | bfloat16 | BBH,distilbert/distilgpt2,32vCPU-C7i,bfloat16,BBH,headroom,1,1,,,,,,,,,,,,excluded: front shorter than six points
distilgpt2 | 32vCPU-C7i | bfloat16 | GPQA,distilbert/distilgpt2,32vCPU-C7i,bfloat16,GPQA,headroom,1,1,,,,,,,,,,,,excluded: front shorter than six points
distilgpt2 | 32vCPU-C7i | bfloat16 | IFEval,distilbert/distilgpt2,32vCPU-C7i,bfloat16,IFEval,headroom,1,1,,,,,,,,,,,,excluded: front shorter than six points
distilgpt2 | 32vCPU-C7i | bfloat16 | MATH Lvl 5,distilbert/distilgpt2,32vCPU-C7i,bfloat16,MATH Lvl 5,headroom,1,1,,,,,,,,,,,,excluded: front shorter than six points
distilgpt2 | 32vCPU-C7i | bfloat16 | MMLU-PRO,distilbert/distilgpt2,32vCPU-C7i,bfloat16,MMLU-PRO,headroom,1,1,,,,,,,,,,,,excluded: front shorter than six points
distilgpt2 | 32vCPU-C7i | bfloat16 | MuSR,distilbert/distilgpt2,32vCPU-C7i,bfloat16,MuSR,headroom,1,1,,,,,,,,,,,,excluded: front shorter than six points
distilgpt2 | 32vCPU-C7i | float16 | BBH,distilbert/distilgpt2,32vCPU-C7i,float16,BBH,headroom,1,1,,,,,,,,,,,,excluded: front shorter than six points
distilgpt2 | 32vCPU-C7i | float16 | GPQA,distilbert/distilgpt2,32vCPU-C7i,float16,GPQA,headroom,1,1,,,,,,,,,,,,excluded: front shorter than six points
distilgpt2 | 32vCPU-C7i | float16 | IFEval,distilbert/distilgpt2,32vCPU-C7i,float16,IFEval,headroom,1,1,,,,,,,,,,,,excluded: front shorter than six points
distilgpt2 | 32vCPU-C7i | float16 | MATH Lvl 5,distilbert/distilgpt2,32vCPU-C7i,float16,MATH Lvl 5,headroom,1,1,,,,,,,,,,,,excluded: front shorter than six points
distilgpt2 | 32vCPU-C7i | float16 | MMLU-PRO,distilbert/distilgpt2,32vCPU-C7i,float16,MMLU-PRO,headroom,1,1,,,,,,,,,,,,excluded: front shorter than six points
distilgpt2 | 32vCPU-C7i | float16 | MuSR,distilbert/distilgpt2,32vCPU-C7i,float16,MuSR,headroom,1,1,,,,,,,,,,,,excluded: front shorter than six points
distilgpt2 | 32vCPU-C7i | float32 | BBH,distilbert/distilgpt2,32vCPU-C7i,float32,BBH,headroom,1,1,,,,,,,,,,,,excluded: front shorter than six points
distilgpt2 | 32vCPU-C7i | float32 | GPQA,distilbert/distilgpt2,32vCPU-C7i,float32,GPQA,headroom,1,1,,,,,,,,,,,,excluded: front shorter than six points
distilgpt2 | 32vCPU-C7i | float32 | IFEval,distilbert/distilgpt2,32vCPU-C7i,float32,IFEval,headroom,1,1,,,,,,,,,,,,excluded: front shorter than six points
distilgpt2 | 32vCPU-C7i | float32 | MATH Lvl 5,distilbert/distilgpt2,32vCPU-C7i,float32,MATH Lvl 5,headroom,1,1,,,,,,,,,,,,excluded: front shorter than six points
distilgpt2 | 32vCPU-C7i | float32 | MMLU-PRO,distilbert/distilgpt2,32vCPU-C7i,float32,MMLU-PRO,headroom,1,1,,,,,,,,,,,,excluded: front shorter than six points
distilgpt2 | 32vCPU-C7i | float32 | MuSR,distilbert/distilgpt2,32vCPU-C7i,float32,MuSR,headroom,1,1,,,,,,,,,,,,excluded: front shorter than six points
falcon | 1xA10 | bfloat16 | ARC-Challenge,tiiuae/falcon,1xA10,bfloat16,ARC-Challenge,retired,1,1,,,,,,,,,,,,excluded: front shorter than six points
falcon | 1xA10 | bfloat16 | BBH,tiiuae/falcon,1xA10,bfloat16,BBH,headroom,1,1,,,,,,,,,,,,excluded: front shorter than six points
falcon | 1xA10 | bfloat16 | GSM8K,tiiuae/falcon,1xA10,bfloat16,GSM8K,retired,1,1,,,,,,,,,,,,excluded: front shorter than six points
falcon | 1xA10 | bfloat16 | HellaSwag,tiiuae/falcon,1xA10,bfloat16,HellaSwag,retired,1,1,,,,,,,,,,,,excluded: front shorter than six points
falcon | 1xA10 | bfloat16 | IFEval,tiiuae/falcon,1xA10,bfloat16,IFEval,headroom,1,1,,,,,,,,,,,,excluded: front shorter than six points
falcon | 1xA10 | bfloat16 | MATH Lvl 5,tiiuae/falcon,1xA10,bfloat16,MATH Lvl 5,headroom,1,1,,,,,,,,,,,,excluded: front shorter than six points
falcon | 1xA10 | bfloat16 | MMLU,tiiuae/falcon,1xA10,bfloat16,MMLU,retired,1,1,,,,,,,,,,,,excluded: front shorter than six points
falcon | 1xA10 | bfloat16 | MMLU-PRO,tiiuae/falcon,1xA10,bfloat16,MMLU-PRO,headroom,1,1,,,,,,,,,,,,excluded: front shorter than six points
falcon | 1xA10 | bfloat16 | MuSR,tiiuae/falcon,1xA10,bfloat16,MuSR,headroom,1,1,,,,,,,,,,,,excluded: front shorter than six points
falcon | 1xA10 | bfloat16 | Winogrande,tiiuae/falcon,1xA10,bfloat16,Winogrande,retired,1,1,,,,,,,,,,,,excluded: front shorter than six points
falcon | 1xA10 | float16 | ARC-Challenge,tiiuae/falcon,1xA10,float16,ARC-Challenge,retired,1,1,,,,,,,,,,,,excluded: front shorter than six points
falcon | 1xA10 | float16 | BBH,tiiuae/falcon,1xA10,float16,BBH,headroom,1,1,,,,,,,,,,,,excluded: front shorter than six points
falcon | 1xA10 | float16 | GSM8K,tiiuae/falcon,1xA10,float16,GSM8K,retired,1,1,,,,,,,,,,,,excluded: front shorter than six points
falcon | 1xA10 | float16 | HellaSwag,tiiuae/falcon,1xA10,float16,HellaSwag,retired,1,1,,,,,,,,,,,,excluded: front shorter than six points
falcon | 1xA10 | float16 | IFEval,tiiuae/falcon,1xA10,float16,IFEval,headroom,1,1,,,,,,,,,,,,excluded: front shorter than six points
falcon | 1xA10 | float16 | MATH Lvl 5,tiiuae/falcon,1xA10,float16,MATH Lvl 5,headroom,1,1,,,,,,,,,,,,excluded: front shorter than six points
falcon | 1xA10 | float16 | MMLU,tiiuae/falcon,1xA10,float16,MMLU,retired,1,1,,,,,,,,,,,,excluded: front shorter than six points
falcon | 1xA10 | float16 | MMLU-PRO,tiiuae/falcon,1xA10,float16,MMLU-PRO,headroom,1,1,,,,,,,,,,,,excluded: front shorter than six points
falcon | 1xA10 | float16 | MuSR,tiiuae/falcon,1xA10,float16,MuSR,headroom,1,1,,,,,,,,,,,,excluded: front shorter than six points
falcon | 1xA10 | float16 | Winogrande,tiiuae/falcon,1xA10,float16,Winogrande,retired,1,1,,,,,,,,,,,,excluded: front shorter than six points
falcon | 1xT4 | bfloat16 | ARC-Challenge,tiiuae/falcon,1xT4,bfloat16,ARC-Challenge,retired,1,1,,,,,,,,,,,,excluded: front shorter than six points
falcon | 1xT4 | bfloat16 | BBH,tiiuae/falcon,1xT4,bfloat16,BBH,headroom,1,1,,,,,,,,,,,,excluded: front shorter than six points
falcon | 1xT4 | bfloat16 | GSM8K,tiiuae/falcon,1xT4,bfloat16,GSM8K,retired,1,1,,,,,,,,,,,,excluded: front shorter than six points
falcon | 1xT4 | bfloat16 | HellaSwag,tiiuae/falcon,1xT4,bfloat16,HellaSwag,retired,1,1,,,,,,,,,,,,excluded: front shorter than six points
falcon | 1xT4 | bfloat16 | IFEval,tiiuae/falcon,1xT4,bfloat16,IFEval,headroom,1,1,,,,,,,,,,,,excluded: front shorter than six points
falcon | 1xT4 | bfloat16 | MATH Lvl 5,tiiuae/falcon,1xT4,bfloat16,MATH Lvl 5,headroom,1,1,,,,,,,,,,,,excluded: front shorter than six points
falcon | 1xT4 | bfloat16 | MMLU,tiiuae/falcon,1xT4,bfloat16,MMLU,retired,1,1,,,,,,,,,,,,excluded: front shorter than six points
falcon | 1xT4 | bfloat16 | MMLU-PRO,tiiuae/falcon,1xT4,bfloat16,MMLU-PRO,headroom,1,1,,,,,,,,,,,,excluded: front shorter than six points
falcon | 1xT4 | bfloat16 | MuSR,tiiuae/falcon,1xT4,bfloat16,MuSR,headroom,1,1,,,,,,,,,,,,excluded: front shorter than six points
falcon | 1xT4 | bfloat16 | Winogrande,tiiuae/falcon,1xT4,bfloat16,Winogrande,retired,1,1,,,,,,,,,,,,excluded: front shorter than six points
falcon | 1xT4 | float16 | ARC-Challenge,tiiuae/falcon,1xT4,float16,ARC-Challenge,retired,1,1,,,,,,,,,,,,excluded: front shorter than six points
falcon | 1xT4 | float16 | BBH,tiiuae/falcon,1xT4,float16,BBH,headroom,1,1,,,,,,,,,,,,excluded: front shorter than six points
falcon | 1xT4 | float16 | GSM8K,tiiuae/falcon,1xT4,float16,GSM8K,retired,1,1,,,,,,,,,,,,excluded: front shorter than six points
falcon | 1xT4 | float16 | HellaSwag,tiiuae/falcon,1xT4,float16,HellaSwag,retired,1,1,,,,,,,,,,,,excluded: front shorter than six points
falcon | 1xT4 | float16 | IFEval,tiiuae/falcon,1xT4,float16,IFEval,headroom,1,1,,,,,,,,,,,,excluded: front shorter than six points
falcon | 1xT4 | float16 | MATH Lvl 5,tiiuae/falcon,1xT4,float16,MATH Lvl 5,headroom,1,1,,,,,,,,,,,,excluded: front shorter than six points
falcon | 1xT4 | float16 | MMLU,tiiuae/falcon,1xT4,float16,MMLU,retired,1,1,,,,,,,,,,,,excluded: front shorter than six points
falcon | 1xT4 | float16 | MMLU-PRO,tiiuae/falcon,1xT4,float16,MMLU-PRO,headroom,1,1,,,,,,,,,,,,excluded: front shorter than six points
falcon | 1xT4 | float16 | MuSR,tiiuae/falcon,1xT4,float16,MuSR,headroom,1,1,,,,,,,,,,,,excluded: front shorter than six points
falcon | 1xT4 | float16 | Winogrande,tiiuae/falcon,1xT4,float16,Winogrande,retired,1,1,,,,,,,,,,,,excluded: front shorter than six points
gemma | 1xA10 | bfloat16 | ARC-Challenge,google/gemma,1xA10,bfloat16,ARC-Challenge,retired,2,2,0.5188,,,,,,,,0.282,0.788,,excluded: front shorter than six points
gemma | 1xA10 | bfloat16 | BBH,google/gemma,1xA10,bfloat16,BBH,headroom,2,2,0.78884,,,,,,,,0.151,0.788,,excluded: front shorter than six points
gemma | 1xA10 | bfloat16 | GPQA,google/gemma,1xA10,bfloat16,GPQA,headroom,2,2,0.95078,,,,,,,,0.044,0.788,,excluded: front shorter than six points
gemma | 1xA10 | bfloat16 | GSM8K,google/gemma,1xA10,bfloat16,GSM8K,retired,2,2,0.4818,,,,,,,,0.542,0.788,,excluded: front shorter than six points
gemma | 1xA10 | bfloat16 | HellaSwag,google/gemma,1xA10,bfloat16,HellaSwag,retired,2,2,0.23553,,,,,,,,0.471,0.788,,excluded: front shorter than six points
gemma | 1xA10 | bfloat16 | IFEval,google/gemma,1xA10,bfloat16,IFEval,headroom,2,2,0.73407,,,,,,,,0.081,0.788,,excluded: front shorter than six points
gemma | 1xA10 | bfloat16 | MATH Lvl 5,google/gemma,1xA10,bfloat16,MATH Lvl 5,headroom,2,2,0.92598,,,,,,,,0.046,0.788,,excluded: front shorter than six points
gemma | 1xA10 | bfloat16 | MMLU,google/gemma,1xA10,bfloat16,MMLU,retired,2,2,0.46273,,,,,,,,0.518,0.788,,excluded: front shorter than six points
gemma | 1xA10 | bfloat16 | MMLU-PRO,google/gemma,1xA10,bfloat16,MMLU-PRO,headroom,2,2,0.78356,,,,,,,,0.202,0.788,,excluded: front shorter than six points
gemma | 1xA10 | bfloat16 | MuSR,google/gemma,1xA10,bfloat16,MuSR,headroom,2,2,0.8902,,,,,,,,0.038,0.788,,excluded: front shorter than six points
gemma | 1xA10 | bfloat16 | Winogrande,google/gemma,1xA10,bfloat16,Winogrande,retired,2,2,0.4254,,,,,,,,0.453,0.788,,excluded: front shorter than six points
gemma | 1xA10 | float16 | ARC-Challenge,google/gemma,1xA10,float16,ARC-Challenge,retired,2,2,0.5188,,,,,,,,0.282,0.438,,excluded: front shorter than six points
gemma | 1xA10 | float16 | BBH,google/gemma,1xA10,float16,BBH,headroom,2,2,0.78884,,,,,,,,0.151,0.438,,excluded: front shorter than six points
gemma | 1xA10 | float16 | GPQA,google/gemma,1xA10,float16,GPQA,headroom,2,2,0.95078,,,,,,,,0.044,0.438,,excluded: front shorter than six points
gemma | 1xA10 | float16 | GSM8K,google/gemma,1xA10,float16,GSM8K,retired,2,2,0.4818,,,,,,,,0.542,0.438,,excluded: front shorter than six points
gemma | 1xA10 | float16 | HellaSwag,google/gemma,1xA10,float16,HellaSwag,retired,2,2,0.23553,,,,,,,,0.471,0.438,,excluded: front shorter than six points
gemma | 1xA10 | float16 | IFEval,google/gemma,1xA10,float16,IFEval,headroom,2,2,0.73407,,,,,,,,0.081,0.438,,excluded: front shorter than six points
gemma | 1xA10 | float16 | MATH Lvl 5,google/gemma,1xA10,float16,MATH Lvl 5,headroom,2,2,0.92598,,,,,,,,0.046,0.438,,excluded: front shorter than six points
gemma | 1xA10 | float16 | MMLU,google/gemma,1xA10,float16,MMLU,retired,2,2,0.46273,,,,,,,,0.518,0.438,,excluded: front shorter than six points
gemma | 1xA10 | float16 | MMLU-PRO,google/gemma,1xA10,float16,MMLU-PRO,headroom,2,2,0.78356,,,,,,,,0.202,0.438,,excluded: front shorter than six points
gemma | 1xA10 | float16 | MuSR,google/gemma,1xA10,float16,MuSR,headroom,2,2,0.8902,,,,,,,,0.038,0.438,,excluded: front shorter than six points
gemma | 1xA10 | float16 | Winogrande,google/gemma,1xA10,float16,Winogrande,retired,2,2,0.4254,,,,,,,,0.453,0.438,,excluded: front shorter than six points
gemma | 1xA10 | float32 | ARC-Challenge,google/gemma,1xA10,float32,ARC-Challenge,retired,1,1,,,,,,,,,,,,excluded: front shorter than six points
gemma | 1xA10 | float32 | BBH,google/gemma,1xA10,float32,BBH,headroom,1,1,,,,,,,,,,,,excluded: front shorter than six points
gemma | 1xA10 | float32 | GPQA,google/gemma,1xA10,float32,GPQA,headroom,1,1,,,,,,,,,,,,excluded: front shorter than six points
gemma | 1xA10 | float32 | GSM8K,google/gemma,1xA10,float32,GSM8K,retired,1,1,,,,,,,,,,,,excluded: front shorter than six points
gemma | 1xA10 | float32 | HellaSwag,google/gemma,1xA10,float32,HellaSwag,retired,1,1,,,,,,,,,,,,excluded: front shorter than six points
gemma | 1xA10 | float32 | IFEval,google/gemma,1xA10,float32,IFEval,headroom,1,1,,,,,,,,,,,,excluded: front shorter than six points
gemma | 1xA10 | float32 | MATH Lvl 5,google/gemma,1xA10,float32,MATH Lvl 5,headroom,1,1,,,,,,,,,,,,excluded: front shorter than six points
gemma | 1xA10 | float32 | MMLU,google/gemma,1xA10,float32,MMLU,retired,1,1,,,,,,,,,,,,excluded: front shorter than six points
gemma | 1xA10 | float32 | MMLU-PRO,google/gemma,1xA10,float32,MMLU-PRO,headroom,1,1,,,,,,,,,,,,excluded: front shorter than six points
gemma | 1xA10 | float32 | MuSR,google/gemma,1xA10,float32,MuSR,headroom,1,1,,,,,,,,,,,,excluded: front shorter than six points
gemma | 1xA10 | float32 | Winogrande,google/gemma,1xA10,float32,Winogrande,retired,1,1,,,,,,,,,,,,excluded: front shorter than six points
gemma | 1xT4 | bfloat16 | ARC-Challenge,google/gemma,1xT4,bfloat16,ARC-Challenge,retired,1,1,,,,,,,,,,,,excluded: front shorter than six points
gemma | 1xT4 | bfloat16 | BBH,google/gemma,1xT4,bfloat16,BBH,headroom,1,1,,,,,,,,,,,,excluded: front shorter than six points
gemma | 1xT4 | bfloat16 | GPQA,google/gemma,1xT4,bfloat16,GPQA,headroom,1,1,,,,,,,,,,,,excluded: front shorter than six points
gemma | 1xT4 | bfloat16 | GSM8K,google/gemma,1xT4,bfloat16,GSM8K,retired,1,1,,,,,,,,,,,,excluded: front shorter than six points
gemma | 1xT4 | bfloat16 | HellaSwag,google/gemma,1xT4,bfloat16,HellaSwag,retired,1,1,,,,,,,,,,,,excluded: front shorter than six points
gemma | 1xT4 | bfloat16 | IFEval,google/gemma,1xT4,bfloat16,IFEval,headroom,1,1,,,,,,,,,,,,excluded: front shorter than six points
gemma | 1xT4 | bfloat16 | MATH Lvl 5,google/gemma,1xT4,bfloat16,MATH Lvl 5,headroom,1,1,,,,,,,,,,,,excluded: front shorter than six points
gemma | 1xT4 | bfloat16 | MMLU,google/gemma,1xT4,bfloat16,MMLU,retired,1,1,,,,,,,,,,,,excluded: front shorter than six points
gemma | 1xT4 | bfloat16 | MMLU-PRO,google/gemma,1xT4,bfloat16,MMLU-PRO,headroom,1,1,,,,,,,,,,,,excluded: front shorter than six points
gemma | 1xT4 | bfloat16 | MuSR,google/gemma,1xT4,bfloat16,MuSR,headroom,1,1,,,,,,,,,,,,excluded: front shorter than six points
gemma | 1xT4 | bfloat16 | Winogrande,google/gemma,1xT4,bfloat16,Winogrande,retired,1,1,,,,,,,,,,,,excluded: front shorter than six points
gemma | 1xT4 | float16 | ARC-Challenge,google/gemma,1xT4,float16,ARC-Challenge,retired,2,2,0.5188,,,,,,,,0.282,0.44,,excluded: front shorter than six points
gemma | 1xT4 | float16 | BBH,google/gemma,1xT4,float16,BBH,headroom,2,2,0.78884,,,,,,,,0.151,0.44,,excluded: front shorter than six points
gemma | 1xT4 | float16 | GPQA,google/gemma,1xT4,float16,GPQA,headroom,2,2,0.95078,,,,,,,,0.044,0.44,,excluded: front shorter than six points
gemma | 1xT4 | float16 | GSM8K,google/gemma,1xT4,float16,GSM8K,retired,2,2,0.4818,,,,,,,,0.542,0.44,,excluded: front shorter than six points
gemma | 1xT4 | float16 | HellaSwag,google/gemma,1xT4,float16,HellaSwag,retired,2,2,0.23553,,,,,,,,0.471,0.44,,excluded: front shorter than six points
gemma | 1xT4 | float16 | IFEval,google/gemma,1xT4,float16,IFEval,headroom,2,2,0.73407,,,,,,,,0.081,0.44,,excluded: front shorter than six points
gemma | 1xT4 | float16 | MATH Lvl 5,google/gemma,1xT4,float16,MATH Lvl 5,headroom,2,2,0.92598,,,,,,,,0.046,0.44,,excluded: front shorter than six points
gemma | 1xT4 | float16 | MMLU,google/gemma,1xT4,float16,MMLU,retired,2,2,0.46273,,,,,,,,0.518,0.44,,excluded: front shorter than six points
gemma | 1xT4 | float16 | MMLU-PRO,google/gemma,1xT4,float16,MMLU-PRO,headroom,2,2,0.78356,,,,,,,,0.202,0.44,,excluded: front shorter than six points
gemma | 1xT4 | float16 | MuSR,google/gemma,1xT4,float16,MuSR,headroom,2,2,0.8902,,,,,,,,0.038,0.44,,excluded: front shorter than six points
gemma | 1xT4 | float16 | Winogrande,google/gemma,1xT4,float16,Winogrande,retired,2,2,0.4254,,,,,,,,0.453,0.44,,excluded: front shorter than six points
gemma | 1xT4 | float32 | ARC-Challenge,google/gemma,1xT4,float32,ARC-Challenge,retired,1,1,,,,,,,,,,,,excluded: front shorter than six points
gemma | 1xT4 | float32 | BBH,google/gemma,1xT4,float32,BBH,headroom,1,1,,,,,,,,,,,,excluded: front shorter than six points
gemma | 1xT4 | float32 | GPQA,google/gemma,1xT4,float32,GPQA,headroom,1,1,,,,,,,,,,,,excluded: front shorter than six points
gemma | 1xT4 | float32 | GSM8K,google/gemma,1xT4,float32,GSM8K,retired,1,1,,,,,,,,,,,,excluded: front shorter than six points
gemma | 1xT4 | float32 | HellaSwag,google/gemma,1xT4,float32,HellaSwag,retired,1,1,,,,,,,,,,,,excluded: front shorter than six points
gemma | 1xT4 | float32 | IFEval,google/gemma,1xT4,float32,IFEval,headroom,1,1,,,,,,,,,,,,excluded: front shorter than six points
gemma | 1xT4 | float32 | MATH Lvl 5,google/gemma,1xT4,float32,MATH Lvl 5,headroom,1,1,,,,,,,,,,,,excluded: front shorter than six points
gemma | 1xT4 | float32 | MMLU,google/gemma,1xT4,float32,MMLU,retired,1,1,,,,,,,,,,,,excluded: front shorter than six points
gemma | 1xT4 | float32 | MMLU-PRO,google/gemma,1xT4,float32,MMLU-PRO,headroom,1,1,,,,,,,,,,,,excluded: front shorter than six points
gemma | 1xT4 | float32 | MuSR,google/gemma,1xT4,float32,MuSR,headroom,1,1,,,,,,,,,,,,excluded: front shorter than six points
gemma | 1xT4 | float32 | Winogrande,google/gemma,1xT4,float32,Winogrande,retired,1,1,,,,,,,,,,,,excluded: front shorter than six points
gemma | 32vCPU-C7i | bfloat16 | ARC-Challenge,google/gemma,32vCPU-C7i,bfloat16,ARC-Challenge,retired,2,2,0.5188,,,,,,,,0.282,1.091,,excluded: front shorter than six points
gemma | 32vCPU-C7i | bfloat16 | BBH,google/gemma,32vCPU-C7i,bfloat16,BBH,headroom,2,2,0.78884,,,,,,,,0.151,1.091,,excluded: front shorter than six points
gemma | 32vCPU-C7i | bfloat16 | GPQA,google/gemma,32vCPU-C7i,bfloat16,GPQA,headroom,2,2,0.95078,,,,,,,,0.044,1.091,,excluded: front shorter than six points
gemma | 32vCPU-C7i | bfloat16 | GSM8K,google/gemma,32vCPU-C7i,bfloat16,GSM8K,retired,2,2,0.4818,,,,,,,,0.542,1.091,,excluded: front shorter than six points
gemma | 32vCPU-C7i | bfloat16 | HellaSwag,google/gemma,32vCPU-C7i,bfloat16,HellaSwag,retired,2,2,0.23553,,,,,,,,0.471,1.091,,excluded: front shorter than six points
gemma | 32vCPU-C7i | bfloat16 | IFEval,google/gemma,32vCPU-C7i,bfloat16,IFEval,headroom,2,2,0.73407,,,,,,,,0.081,1.091,,excluded: front shorter than six points
gemma | 32vCPU-C7i | bfloat16 | MATH Lvl 5,google/gemma,32vCPU-C7i,bfloat16,MATH Lvl 5,headroom,2,2,0.92598,,,,,,,,0.046,1.091,,excluded: front shorter than six points
gemma | 32vCPU-C7i | bfloat16 | MMLU,google/gemma,32vCPU-C7i,bfloat16,MMLU,retired,2,2,0.46273,,,,,,,,0.518,1.091,,excluded: front shorter than six points
gemma | 32vCPU-C7i | bfloat16 | MMLU-PRO,google/gemma,32vCPU-C7i,bfloat16,MMLU-PRO,headroom,2,2,0.78356,,,,,,,,0.202,1.091,,excluded: front shorter than six points
gemma | 32vCPU-C7i | bfloat16 | MuSR,google/gemma,32vCPU-C7i,bfloat16,MuSR,headroom,2,2,0.8902,,,,,,,,0.038,1.091,,excluded: front shorter than six points
gemma | 32vCPU-C7i | bfloat16 | Winogrande,google/gemma,32vCPU-C7i,bfloat16,Winogrande,retired,2,2,0.4254,,,,,,,,0.453,1.091,,excluded: front shorter than six points
gemma | 32vCPU-C7i | float16 | ARC-Challenge,google/gemma,32vCPU-C7i,float16,ARC-Challenge,retired,2,2,0.5188,,,,,,,,0.282,1.064,,excluded: front shorter than six points
gemma | 32vCPU-C7i | float16 | BBH,google/gemma,32vCPU-C7i,float16,BBH,headroom,2,2,0.78884,,,,,,,,0.151,1.064,,excluded: front shorter than six points
gemma | 32vCPU-C7i | float16 | GPQA,google/gemma,32vCPU-C7i,float16,GPQA,headroom,2,2,0.95078,,,,,,,,0.044,1.064,,excluded: front shorter than six points
gemma | 32vCPU-C7i | float16 | GSM8K,google/gemma,32vCPU-C7i,float16,GSM8K,retired,2,2,0.4818,,,,,,,,0.542,1.064,,excluded: front shorter than six points
gemma | 32vCPU-C7i | float16 | HellaSwag,google/gemma,32vCPU-C7i,float16,HellaSwag,retired,2,2,0.23553,,,,,,,,0.471,1.064,,excluded: front shorter than six points
gemma | 32vCPU-C7i | float16 | IFEval,google/gemma,32vCPU-C7i,float16,IFEval,headroom,2,2,0.73407,,,,,,,,0.081,1.064,,excluded: front shorter than six points
gemma | 32vCPU-C7i | float16 | MATH Lvl 5,google/gemma,32vCPU-C7i,float16,MATH Lvl 5,headroom,2,2,0.92598,,,,,,,,0.046,1.064,,excluded: front shorter than six points
gemma | 32vCPU-C7i | float16 | MMLU,google/gemma,32vCPU-C7i,float16,MMLU,retired,2,2,0.46273,,,,,,,,0.518,1.064,,excluded: front shorter than six points
gemma | 32vCPU-C7i | float16 | MMLU-PRO,google/gemma,32vCPU-C7i,float16,MMLU-PRO,headroom,2,2,0.78356,,,,,,,,0.202,1.064,,excluded: front shorter than six points
gemma | 32vCPU-C7i | float16 | MuSR,google/gemma,32vCPU-C7i,float16,MuSR,headroom,2,2,0.8902,,,,,,,,0.038,1.064,,excluded: front shorter than six points
gemma | 32vCPU-C7i | float16 | Winogrande,google/gemma,32vCPU-C7i,float16,Winogrande,retired,2,2,0.4254,,,,,,,,0.453,1.064,,excluded: front shorter than six points
gemma | 32vCPU-C7i | float32 | ARC-Challenge,google/gemma,32vCPU-C7i,float32,ARC-Challenge,retired,2,2,0.5188,,,,,,,,0.282,1.147,,excluded: front shorter than six points
gemma | 32vCPU-C7i | float32 | BBH,google/gemma,32vCPU-C7i,float32,BBH,headroom,2,2,0.78884,,,,,,,,0.151,1.147,,excluded: front shorter than six points
gemma | 32vCPU-C7i | float32 | GPQA,google/gemma,32vCPU-C7i,float32,GPQA,headroom,2,2,0.95078,,,,,,,,0.044,1.147,,excluded: front shorter than six points
gemma | 32vCPU-C7i | float32 | GSM8K,google/gemma,32vCPU-C7i,float32,GSM8K,retired,2,2,0.4818,,,,,,,,0.542,1.147,,excluded: front shorter than six points
gemma | 32vCPU-C7i | float32 | HellaSwag,google/gemma,32vCPU-C7i,float32,HellaSwag,retired,2,2,0.23553,,,,,,,,0.471,1.147,,excluded: front shorter than six points
gemma | 32vCPU-C7i | float32 | IFEval,google/gemma,32vCPU-C7i,float32,IFEval,headroom,2,2,0.73407,,,,,,,,0.081,1.147,,excluded: front shorter than six points
gemma | 32vCPU-C7i | float32 | MATH Lvl 5,google/gemma,32vCPU-C7i,float32,MATH Lvl 5,headroom,2,2,0.92598,,,,,,,,0.046,1.147,,excluded: front shorter than six points
gemma | 32vCPU-C7i | float32 | MMLU,google/gemma,32vCPU-C7i,float32,MMLU,retired,2,2,0.46273,,,,,,,,0.518,1.147,,excluded: front shorter than six points
gemma | 32vCPU-C7i | float32 | MMLU-PRO,google/gemma,32vCPU-C7i,float32,MMLU-PRO,headroom,2,2,0.78356,,,,,,,,0.202,1.147,,excluded: front shorter than six points
gemma | 32vCPU-C7i | float32 | MuSR,google/gemma,32vCPU-C7i,float32,MuSR,headroom,2,2,0.8902,,,,,,,,0.038,1.147,,excluded: front shorter than six points
gemma | 32vCPU-C7i | float32 | Winogrande,google/gemma,32vCPU-C7i,float32,Winogrande,retired,2,2,0.4254,,,,,,,,0.453,1.147,,excluded: front shorter than six points
gemma-2 | 1xA10 | bfloat16 | BBH,google/gemma-2,1xA10,bfloat16,BBH,headroom,1,1,,,,,,,,,,,,excluded: front shorter than six points
gemma-2 | 1xA10 | bfloat16 | GPQA,google/gemma-2,1xA10,bfloat16,GPQA,headroom,1,1,,,,,,,,,,,,excluded: front shorter than six points
gemma-2 | 1xA10 | bfloat16 | IFEval,google/gemma-2,1xA10,bfloat16,IFEval,headroom,1,1,,,,,,,,,,,,excluded: front shorter than six points
gemma-2 | 1xA10 | bfloat16 | MATH Lvl 5,google/gemma-2,1xA10,bfloat16,MATH Lvl 5,headroom,1,1,,,,,,,,,,,,excluded: front shorter than six points
gemma-2 | 1xA10 | bfloat16 | MMLU-PRO,google/gemma-2,1xA10,bfloat16,MMLU-PRO,headroom,1,1,,,,,,,,,,,,excluded: front shorter than six points
gemma-2 | 1xA10 | bfloat16 | MuSR,google/gemma-2,1xA10,bfloat16,MuSR,headroom,1,1,,,,,,,,,,,,excluded: front shorter than six points
gemma-2 | 1xA10 | float16 | BBH,google/gemma-2,1xA10,float16,BBH,headroom,1,1,,,,,,,,,,,,excluded: front shorter than six points
gemma-2 | 1xA10 | float16 | GPQA,google/gemma-2,1xA10,float16,GPQA,headroom,1,1,,,,,,,,,,,,excluded: front shorter than six points
gemma-2 | 1xA10 | float16 | IFEval,google/gemma-2,1xA10,float16,IFEval,headroom,1,1,,,,,,,,,,,,excluded: front shorter than six points
gemma-2 | 1xA10 | float16 | MATH Lvl 5,google/gemma-2,1xA10,float16,MATH Lvl 5,headroom,1,1,,,,,,,,,,,,excluded: front shorter than six points
gemma-2 | 1xA10 | float16 | MMLU-PRO,google/gemma-2,1xA10,float16,MMLU-PRO,headroom,1,1,,,,,,,,,,,,excluded: front shorter than six points
gemma-2 | 1xA10 | float16 | MuSR,google/gemma-2,1xA10,float16,MuSR,headroom,1,1,,,,,,,,,,,,excluded: front shorter than six points
gemma-2 | 1xA10 | float32 | BBH,google/gemma-2,1xA10,float32,BBH,headroom,1,1,,,,,,,,,,,,excluded: front shorter than six points
gemma-2 | 1xA10 | float32 | GPQA,google/gemma-2,1xA10,float32,GPQA,headroom,1,1,,,,,,,,,,,,excluded: front shorter than six points
gemma-2 | 1xA10 | float32 | IFEval,google/gemma-2,1xA10,float32,IFEval,headroom,1,1,,,,,,,,,,,,excluded: front shorter than six points
gemma-2 | 1xA10 | float32 | MATH Lvl 5,google/gemma-2,1xA10,float32,MATH Lvl 5,headroom,1,1,,,,,,,,,,,,excluded: front shorter than six points
gemma-2 | 1xA10 | float32 | MMLU-PRO,google/gemma-2,1xA10,float32,MMLU-PRO,headroom,1,1,,,,,,,,,,,,excluded: front shorter than six points
gemma-2 | 1xA10 | float32 | MuSR,google/gemma-2,1xA10,float32,MuSR,headroom,1,1,,,,,,,,,,,,excluded: front shorter than six points
gemma-2 | 1xT4 | bfloat16 | BBH,google/gemma-2,1xT4,bfloat16,BBH,headroom,1,1,,,,,,,,,,,,excluded: front shorter than six points
gemma-2 | 1xT4 | bfloat16 | GPQA,google/gemma-2,1xT4,bfloat16,GPQA,headroom,1,1,,,,,,,,,,,,excluded: front shorter than six points
gemma-2 | 1xT4 | bfloat16 | IFEval,google/gemma-2,1xT4,bfloat16,IFEval,headroom,1,1,,,,,,,,,,,,excluded: front shorter than six points
gemma-2 | 1xT4 | bfloat16 | MATH Lvl 5,google/gemma-2,1xT4,bfloat16,MATH Lvl 5,headroom,1,1,,,,,,,,,,,,excluded: front shorter than six points
gemma-2 | 1xT4 | bfloat16 | MMLU-PRO,google/gemma-2,1xT4,bfloat16,MMLU-PRO,headroom,1,1,,,,,,,,,,,,excluded: front shorter than six points
gemma-2 | 1xT4 | bfloat16 | MuSR,google/gemma-2,1xT4,bfloat16,MuSR,headroom,1,1,,,,,,,,,,,,excluded: front shorter than six points
gemma-2 | 1xT4 | float16 | BBH,google/gemma-2,1xT4,float16,BBH,headroom,1,1,,,,,,,,,,,,excluded: front shorter than six points
gemma-2 | 1xT4 | float16 | GPQA,google/gemma-2,1xT4,float16,GPQA,headroom,1,1,,,,,,,,,,,,excluded: front shorter than six points
gemma-2 | 1xT4 | float16 | IFEval,google/gemma-2,1xT4,float16,IFEval,headroom,1,1,,,,,,,,,,,,excluded: front shorter than six points
gemma-2 | 1xT4 | float16 | MATH Lvl 5,google/gemma-2,1xT4,float16,MATH Lvl 5,headroom,1,1,,,,,,,,,,,,excluded: front shorter than six points
gemma-2 | 1xT4 | float16 | MMLU-PRO,google/gemma-2,1xT4,float16,MMLU-PRO,headroom,1,1,,,,,,,,,,,,excluded: front shorter than six points
gemma-2 | 1xT4 | float16 | MuSR,google/gemma-2,1xT4,float16,MuSR,headroom,1,1,,,,,,,,,,,,excluded: front shorter than six points
gemma-2 | 1xT4 | float32 | BBH,google/gemma-2,1xT4,float32,BBH,headroom,1,1,,,,,,,,,,,,excluded: front shorter than six points
gemma-2 | 1xT4 | float32 | GPQA,google/gemma-2,1xT4,float32,GPQA,headroom,1,1,,,,,,,,,,,,excluded: front shorter than six points
gemma-2 | 1xT4 | float32 | IFEval,google/gemma-2,1xT4,float32,IFEval,headroom,1,1,,,,,,,,,,,,excluded: front shorter than six points
gemma-2 | 1xT4 | float32 | MATH Lvl 5,google/gemma-2,1xT4,float32,MATH Lvl 5,headroom,1,1,,,,,,,,,,,,excluded: front shorter than six points
gemma-2 | 1xT4 | float32 | MMLU-PRO,google/gemma-2,1xT4,float32,MMLU-PRO,headroom,1,1,,,,,,,,,,,,excluded: front shorter than six points
gemma-2 | 1xT4 | float32 | MuSR,google/gemma-2,1xT4,float32,MuSR,headroom,1,1,,,,,,,,,,,,excluded: front shorter than six points
gemma-2 | 32vCPU-C7i | bfloat16 | BBH,google/gemma-2,32vCPU-C7i,bfloat16,BBH,headroom,1,1,,,,,,,,,,,,excluded: front shorter than six points
gemma-2 | 32vCPU-C7i | bfloat16 | GPQA,google/gemma-2,32vCPU-C7i,bfloat16,GPQA,headroom,1,1,,,,,,,,,,,,excluded: front shorter than six points
gemma-2 | 32vCPU-C7i | bfloat16 | IFEval,google/gemma-2,32vCPU-C7i,bfloat16,IFEval,headroom,1,1,,,,,,,,,,,,excluded: front shorter than six points
gemma-2 | 32vCPU-C7i | bfloat16 | MATH Lvl 5,google/gemma-2,32vCPU-C7i,bfloat16,MATH Lvl 5,headroom,1,1,,,,,,,,,,,,excluded: front shorter than six points
gemma-2 | 32vCPU-C7i | bfloat16 | MMLU-PRO,google/gemma-2,32vCPU-C7i,bfloat16,MMLU-PRO,headroom,1,1,,,,,,,,,,,,excluded: front shorter than six points
gemma-2 | 32vCPU-C7i | bfloat16 | MuSR,google/gemma-2,32vCPU-C7i,bfloat16,MuSR,headroom,1,1,,,,,,,,,,,,excluded: front shorter than six points
gemma-2 | 32vCPU-C7i | float16 | BBH,google/gemma-2,32vCPU-C7i,float16,BBH,headroom,1,1,,,,,,,,,,,,excluded: front shorter than six points
gemma-2 | 32vCPU-C7i | float16 | GPQA,google/gemma-2,32vCPU-C7i,float16,GPQA,headroom,1,1,,,,,,,,,,,,excluded: front shorter than six points
gemma-2 | 32vCPU-C7i | float16 | IFEval,google/gemma-2,32vCPU-C7i,float16,IFEval,headroom,1,1,,,,,,,,,,,,excluded: front shorter than six points
gemma-2 | 32vCPU-C7i | float16 | MATH Lvl 5,google/gemma-2,32vCPU-C7i,float16,MATH Lvl 5,headroom,1,1,,,,,,,,,,,,excluded: front shorter than six points
gemma-2 | 32vCPU-C7i | float16 | MMLU-PRO,google/gemma-2,32vCPU-C7i,float16,MMLU-PRO,headroom,1,1,,,,,,,,,,,,excluded: front shorter than six points
gemma-2 | 32vCPU-C7i | float16 | MuSR,google/gemma-2,32vCPU-C7i,float16,MuSR,headroom,1,1,,,,,,,,,,,,excluded: front shorter than six points
gemma-2 | 32vCPU-C7i | float32 | BBH,google/gemma-2,32vCPU-C7i,float32,BBH,headroom,1,1,,,,,,,,,,,,excluded: front shorter than six points
gemma-2 | 32vCPU-C7i | float32 | GPQA,google/gemma-2,32vCPU-C7i,float32,GPQA,headroom,1,1,,,,,,,,,,,,excluded: front shorter than six points
gemma-2 | 32vCPU-C7i | float32 | IFEval,google/gemma-2,32vCPU-C7i,float32,IFEval,headroom,1,1,,,,,,,,,,,,excluded: front shorter than six points
gemma-2 | 32vCPU-C7i | float32 | MATH Lvl 5,google/gemma-2,32vCPU-C7i,float32,MATH Lvl 5,headroom,1,1,,,,,,,,,,,,excluded: front shorter than six points
gemma-2 | 32vCPU-C7i | float32 | MMLU-PRO,google/gemma-2,32vCPU-C7i,float32,MMLU-PRO,headroom,1,1,,,,,,,,,,,,excluded: front shorter than six points
gemma-2 | 32vCPU-C7i | float32 | MuSR,google/gemma-2,32vCPU-C7i,float32,MuSR,headroom,1,1,,,,,,,,,,,,excluded: front shorter than six points
gpt-j | 1xA10 | bfloat16 | ARC-Challenge,eleutherai/gpt-j,1xA10,bfloat16,ARC-Challenge,retired,1,1,,,,,,,,,,,,excluded: front shorter than six points
gpt-j | 1xA10 | bfloat16 | BBH,eleutherai/gpt-j,1xA10,bfloat16,BBH,headroom,1,1,,,,,,,,,,,,excluded: front shorter than six points
gpt-j | 1xA10 | bfloat16 | GSM8K,eleutherai/gpt-j,1xA10,bfloat16,GSM8K,retired,1,1,,,,,,,,,,,,excluded: front shorter than six points
gpt-j | 1xA10 | bfloat16 | HellaSwag,eleutherai/gpt-j,1xA10,bfloat16,HellaSwag,retired,1,1,,,,,,,,,,,,excluded: front shorter than six points
gpt-j | 1xA10 | bfloat16 | IFEval,eleutherai/gpt-j,1xA10,bfloat16,IFEval,headroom,1,1,,,,,,,,,,,,excluded: front shorter than six points
gpt-j | 1xA10 | bfloat16 | MATH Lvl 5,eleutherai/gpt-j,1xA10,bfloat16,MATH Lvl 5,headroom,1,1,,,,,,,,,,,,excluded: front shorter than six points
gpt-j | 1xA10 | bfloat16 | MMLU,eleutherai/gpt-j,1xA10,bfloat16,MMLU,retired,1,1,,,,,,,,,,,,excluded: front shorter than six points
gpt-j | 1xA10 | bfloat16 | MMLU-PRO,eleutherai/gpt-j,1xA10,bfloat16,MMLU-PRO,headroom,1,1,,,,,,,,,,,,excluded: front shorter than six points
gpt-j | 1xA10 | bfloat16 | MuSR,eleutherai/gpt-j,1xA10,bfloat16,MuSR,headroom,1,1,,,,,,,,,,,,excluded: front shorter than six points
gpt-j | 1xA10 | bfloat16 | Winogrande,eleutherai/gpt-j,1xA10,bfloat16,Winogrande,retired,1,1,,,,,,,,,,,,excluded: front shorter than six points
gpt-j | 1xA10 | float16 | ARC-Challenge,eleutherai/gpt-j,1xA10,float16,ARC-Challenge,retired,1,1,,,,,,,,,,,,excluded: front shorter than six points
gpt-j | 1xA10 | float16 | BBH,eleutherai/gpt-j,1xA10,float16,BBH,headroom,1,1,,,,,,,,,,,,excluded: front shorter than six points
gpt-j | 1xA10 | float16 | GSM8K,eleutherai/gpt-j,1xA10,float16,GSM8K,retired,1,1,,,,,,,,,,,,excluded: front shorter than six points
gpt-j | 1xA10 | float16 | HellaSwag,eleutherai/gpt-j,1xA10,float16,HellaSwag,retired,1,1,,,,,,,,,,,,excluded: front shorter than six points
gpt-j | 1xA10 | float16 | IFEval,eleutherai/gpt-j,1xA10,float16,IFEval,headroom,1,1,,,,,,,,,,,,excluded: front shorter than six points
gpt-j | 1xA10 | float16 | MATH Lvl 5,eleutherai/gpt-j,1xA10,float16,MATH Lvl 5,headroom,1,1,,,,,,,,,,,,excluded: front shorter than six points
gpt-j | 1xA10 | float16 | MMLU,eleutherai/gpt-j,1xA10,float16,MMLU,retired,1,1,,,,,,,,,,,,excluded: front shorter than six points
gpt-j | 1xA10 | float16 | MMLU-PRO,eleutherai/gpt-j,1xA10,float16,MMLU-PRO,headroom,1,1,,,,,,,,,,,,excluded: front shorter than six points
gpt-j | 1xA10 | float16 | MuSR,eleutherai/gpt-j,1xA10,float16,MuSR,headroom,1,1,,,,,,,,,,,,excluded: front shorter than six points
gpt-j | 1xA10 | float16 | Winogrande,eleutherai/gpt-j,1xA10,float16,Winogrande,retired,1,1,,,,,,,,,,,,excluded: front shorter than six points
gpt-j | 1xA100 | bfloat16 | ARC-Challenge,eleutherai/gpt-j,1xA100,bfloat16,ARC-Challenge,retired,1,1,,,,,,,,,,,,excluded: front shorter than six points
gpt-j | 1xA100 | bfloat16 | BBH,eleutherai/gpt-j,1xA100,bfloat16,BBH,headroom,1,1,,,,,,,,,,,,excluded: front shorter than six points
gpt-j | 1xA100 | bfloat16 | GSM8K,eleutherai/gpt-j,1xA100,bfloat16,GSM8K,retired,1,1,,,,,,,,,,,,excluded: front shorter than six points
gpt-j | 1xA100 | bfloat16 | HellaSwag,eleutherai/gpt-j,1xA100,bfloat16,HellaSwag,retired,1,1,,,,,,,,,,,,excluded: front shorter than six points
gpt-j | 1xA100 | bfloat16 | IFEval,eleutherai/gpt-j,1xA100,bfloat16,IFEval,headroom,1,1,,,,,,,,,,,,excluded: front shorter than six points
gpt-j | 1xA100 | bfloat16 | MATH Lvl 5,eleutherai/gpt-j,1xA100,bfloat16,MATH Lvl 5,headroom,1,1,,,,,,,,,,,,excluded: front shorter than six points
gpt-j | 1xA100 | bfloat16 | MMLU,eleutherai/gpt-j,1xA100,bfloat16,MMLU,retired,1,1,,,,,,,,,,,,excluded: front shorter than six points
gpt-j | 1xA100 | bfloat16 | MMLU-PRO,eleutherai/gpt-j,1xA100,bfloat16,MMLU-PRO,headroom,1,1,,,,,,,,,,,,excluded: front shorter than six points
gpt-j | 1xA100 | bfloat16 | MuSR,eleutherai/gpt-j,1xA100,bfloat16,MuSR,headroom,1,1,,,,,,,,,,,,excluded: front shorter than six points
gpt-j | 1xA100 | bfloat16 | Winogrande,eleutherai/gpt-j,1xA100,bfloat16,Winogrande,retired,1,1,,,,,,,,,,,,excluded: front shorter than six points
gpt-j | 1xA100 | float16 | ARC-Challenge,eleutherai/gpt-j,1xA100,float16,ARC-Challenge,retired,1,1,,,,,,,,,,,,excluded: front shorter than six points
gpt-j | 1xA100 | float16 | BBH,eleutherai/gpt-j,1xA100,float16,BBH,headroom,1,1,,,,,,,,,,,,excluded: front shorter than six points
gpt-j | 1xA100 | float16 | GSM8K,eleutherai/gpt-j,1xA100,float16,GSM8K,retired,1,1,,,,,,,,,,,,excluded: front shorter than six points
gpt-j | 1xA100 | float16 | HellaSwag,eleutherai/gpt-j,1xA100,float16,HellaSwag,retired,1,1,,,,,,,,,,,,excluded: front shorter than six points
gpt-j | 1xA100 | float16 | IFEval,eleutherai/gpt-j,1xA100,float16,IFEval,headroom,1,1,,,,,,,,,,,,excluded: front shorter than six points
gpt-j | 1xA100 | float16 | MATH Lvl 5,eleutherai/gpt-j,1xA100,float16,MATH Lvl 5,headroom,1,1,,,,,,,,,,,,excluded: front shorter than six points
gpt-j | 1xA100 | float16 | MMLU,eleutherai/gpt-j,1xA100,float16,MMLU,retired,1,1,,,,,,,,,,,,excluded: front shorter than six points
gpt-j | 1xA100 | float16 | MMLU-PRO,eleutherai/gpt-j,1xA100,float16,MMLU-PRO,headroom,1,1,,,,,,,,,,,,excluded: front shorter than six points
gpt-j | 1xA100 | float16 | MuSR,eleutherai/gpt-j,1xA100,float16,MuSR,headroom,1,1,,,,,,,,,,,,excluded: front shorter than six points
gpt-j | 1xA100 | float16 | Winogrande,eleutherai/gpt-j,1xA100,float16,Winogrande,retired,1,1,,,,,,,,,,,,excluded: front shorter than six points
gpt-j | 1xA100 | float32 | ARC-Challenge,eleutherai/gpt-j,1xA100,float32,ARC-Challenge,retired,1,1,,,,,,,,,,,,excluded: front shorter than six points
gpt-j | 1xA100 | float32 | BBH,eleutherai/gpt-j,1xA100,float32,BBH,headroom,1,1,,,,,,,,,,,,excluded: front shorter than six points
gpt-j | 1xA100 | float32 | GSM8K,eleutherai/gpt-j,1xA100,float32,GSM8K,retired,1,1,,,,,,,,,,,,excluded: front shorter than six points
gpt-j | 1xA100 | float32 | HellaSwag,eleutherai/gpt-j,1xA100,float32,HellaSwag,retired,1,1,,,,,,,,,,,,excluded: front shorter than six points
gpt-j | 1xA100 | float32 | IFEval,eleutherai/gpt-j,1xA100,float32,IFEval,headroom,1,1,,,,,,,,,,,,excluded: front shorter than six points
gpt-j | 1xA100 | float32 | MATH Lvl 5,eleutherai/gpt-j,1xA100,float32,MATH Lvl 5,headroom,1,1,,,,,,,,,,,,excluded: front shorter than six points
gpt-j | 1xA100 | float32 | MMLU,eleutherai/gpt-j,1xA100,float32,MMLU,retired,1,1,,,,,,,,,,,,excluded: front shorter than six points
gpt-j | 1xA100 | float32 | MMLU-PRO,eleutherai/gpt-j,1xA100,float32,MMLU-PRO,headroom,1,1,,,,,,,,,,,,excluded: front shorter than six points
gpt-j | 1xA100 | float32 | MuSR,eleutherai/gpt-j,1xA100,float32,MuSR,headroom,1,1,,,,,,,,,,,,excluded: front shorter than six points
gpt-j | 1xA100 | float32 | Winogrande,eleutherai/gpt-j,1xA100,float32,Winogrande,retired,1,1,,,,,,,,,,,,excluded: front shorter than six points
gpt-j | 1xT4 | bfloat16 | ARC-Challenge,eleutherai/gpt-j,1xT4,bfloat16,ARC-Challenge,retired,1,1,,,,,,,,,,,,excluded: front shorter than six points
gpt-j | 1xT4 | bfloat16 | BBH,eleutherai/gpt-j,1xT4,bfloat16,BBH,headroom,1,1,,,,,,,,,,,,excluded: front shorter than six points
gpt-j | 1xT4 | bfloat16 | GSM8K,eleutherai/gpt-j,1xT4,bfloat16,GSM8K,retired,1,1,,,,,,,,,,,,excluded: front shorter than six points
gpt-j | 1xT4 | bfloat16 | HellaSwag,eleutherai/gpt-j,1xT4,bfloat16,HellaSwag,retired,1,1,,,,,,,,,,,,excluded: front shorter than six points
gpt-j | 1xT4 | bfloat16 | IFEval,eleutherai/gpt-j,1xT4,bfloat16,IFEval,headroom,1,1,,,,,,,,,,,,excluded: front shorter than six points
gpt-j | 1xT4 | bfloat16 | MATH Lvl 5,eleutherai/gpt-j,1xT4,bfloat16,MATH Lvl 5,headroom,1,1,,,,,,,,,,,,excluded: front shorter than six points
gpt-j | 1xT4 | bfloat16 | MMLU,eleutherai/gpt-j,1xT4,bfloat16,MMLU,retired,1,1,,,,,,,,,,,,excluded: front shorter than six points
gpt-j | 1xT4 | bfloat16 | MMLU-PRO,eleutherai/gpt-j,1xT4,bfloat16,MMLU-PRO,headroom,1,1,,,,,,,,,,,,excluded: front shorter than six points
gpt-j | 1xT4 | bfloat16 | MuSR,eleutherai/gpt-j,1xT4,bfloat16,MuSR,headroom,1,1,,,,,,,,,,,,excluded: front shorter than six points
gpt-j | 1xT4 | bfloat16 | Winogrande,eleutherai/gpt-j,1xT4,bfloat16,Winogrande,retired,1,1,,,,,,,,,,,,excluded: front shorter than six points
gpt-j | 1xT4 | float16 | ARC-Challenge,eleutherai/gpt-j,1xT4,float16,ARC-Challenge,retired,1,1,,,,,,,,,,,,excluded: front shorter than six points
gpt-j | 1xT4 | float16 | BBH,eleutherai/gpt-j,1xT4,float16,BBH,headroom,1,1,,,,,,,,,,,,excluded: front shorter than six points
gpt-j | 1xT4 | float16 | GSM8K,eleutherai/gpt-j,1xT4,float16,GSM8K,retired,1,1,,,,,,,,,,,,excluded: front shorter than six points
gpt-j | 1xT4 | float16 | HellaSwag,eleutherai/gpt-j,1xT4,float16,HellaSwag,retired,1,1,,,,,,,,,,,,excluded: front shorter than six points
gpt-j | 1xT4 | float16 | IFEval,eleutherai/gpt-j,1xT4,float16,IFEval,headroom,1,1,,,,,,,,,,,,excluded: front shorter than six points
gpt-j | 1xT4 | float16 | MATH Lvl 5,eleutherai/gpt-j,1xT4,float16,MATH Lvl 5,headroom,1,1,,,,,,,,,,,,excluded: front shorter than six points
gpt-j | 1xT4 | float16 | MMLU,eleutherai/gpt-j,1xT4,float16,MMLU,retired,1,1,,,,,,,,,,,,excluded: front shorter than six points
gpt-j | 1xT4 | float16 | MMLU-PRO,eleutherai/gpt-j,1xT4,float16,MMLU-PRO,headroom,1,1,,,,,,,,,,,,excluded: front shorter than six points
gpt-j | 1xT4 | float16 | MuSR,eleutherai/gpt-j,1xT4,float16,MuSR,headroom,1,1,,,,,,,,,,,,excluded: front shorter than six points
gpt-j | 1xT4 | float16 | Winogrande,eleutherai/gpt-j,1xT4,float16,Winogrande,retired,1,1,,,,,,,,,,,,excluded: front shorter than six points
gpt-j | 32vCPU-C7i | bfloat16 | ARC-Challenge,eleutherai/gpt-j,32vCPU-C7i,bfloat16,ARC-Challenge,retired,1,1,,,,,,,,,,,,excluded: front shorter than six points
gpt-j | 32vCPU-C7i | bfloat16 | BBH,eleutherai/gpt-j,32vCPU-C7i,bfloat16,BBH,headroom,1,1,,,,,,,,,,,,excluded: front shorter than six points
gpt-j | 32vCPU-C7i | bfloat16 | GSM8K,eleutherai/gpt-j,32vCPU-C7i,bfloat16,GSM8K,retired,1,1,,,,,,,,,,,,excluded: front shorter than six points
gpt-j | 32vCPU-C7i | bfloat16 | HellaSwag,eleutherai/gpt-j,32vCPU-C7i,bfloat16,HellaSwag,retired,1,1,,,,,,,,,,,,excluded: front shorter than six points
gpt-j | 32vCPU-C7i | bfloat16 | IFEval,eleutherai/gpt-j,32vCPU-C7i,bfloat16,IFEval,headroom,1,1,,,,,,,,,,,,excluded: front shorter than six points
gpt-j | 32vCPU-C7i | bfloat16 | MATH Lvl 5,eleutherai/gpt-j,32vCPU-C7i,bfloat16,MATH Lvl 5,headroom,1,1,,,,,,,,,,,,excluded: front shorter than six points
gpt-j | 32vCPU-C7i | bfloat16 | MMLU,eleutherai/gpt-j,32vCPU-C7i,bfloat16,MMLU,retired,1,1,,,,,,,,,,,,excluded: front shorter than six points
gpt-j | 32vCPU-C7i | bfloat16 | MMLU-PRO,eleutherai/gpt-j,32vCPU-C7i,bfloat16,MMLU-PRO,headroom,1,1,,,,,,,,,,,,excluded: front shorter than six points
gpt-j | 32vCPU-C7i | bfloat16 | MuSR,eleutherai/gpt-j,32vCPU-C7i,bfloat16,MuSR,headroom,1,1,,,,,,,,,,,,excluded: front shorter than six points
gpt-j | 32vCPU-C7i | bfloat16 | Winogrande,eleutherai/gpt-j,32vCPU-C7i,bfloat16,Winogrande,retired,1,1,,,,,,,,,,,,excluded: front shorter than six points
gpt-j | 32vCPU-C7i | float16 | ARC-Challenge,eleutherai/gpt-j,32vCPU-C7i,float16,ARC-Challenge,retired,1,1,,,,,,,,,,,,excluded: front shorter than six points
gpt-j | 32vCPU-C7i | float16 | BBH,eleutherai/gpt-j,32vCPU-C7i,float16,BBH,headroom,1,1,,,,,,,,,,,,excluded: front shorter than six points
gpt-j | 32vCPU-C7i | float16 | GSM8K,eleutherai/gpt-j,32vCPU-C7i,float16,GSM8K,retired,1,1,,,,,,,,,,,,excluded: front shorter than six points
gpt-j | 32vCPU-C7i | float16 | HellaSwag,eleutherai/gpt-j,32vCPU-C7i,float16,HellaSwag,retired,1,1,,,,,,,,,,,,excluded: front shorter than six points
gpt-j | 32vCPU-C7i | float16 | IFEval,eleutherai/gpt-j,32vCPU-C7i,float16,IFEval,headroom,1,1,,,,,,,,,,,,excluded: front shorter than six points
gpt-j | 32vCPU-C7i | float16 | MATH Lvl 5,eleutherai/gpt-j,32vCPU-C7i,float16,MATH Lvl 5,headroom,1,1,,,,,,,,,,,,excluded: front shorter than six points
gpt-j | 32vCPU-C7i | float16 | MMLU,eleutherai/gpt-j,32vCPU-C7i,float16,MMLU,retired,1,1,,,,,,,,,,,,excluded: front shorter than six points
gpt-j | 32vCPU-C7i | float16 | MMLU-PRO,eleutherai/gpt-j,32vCPU-C7i,float16,MMLU-PRO,headroom,1,1,,,,,,,,,,,,excluded: front shorter than six points
gpt-j | 32vCPU-C7i | float16 | MuSR,eleutherai/gpt-j,32vCPU-C7i,float16,MuSR,headroom,1,1,,,,,,,,,,,,excluded: front shorter than six points
gpt-j | 32vCPU-C7i | float16 | Winogrande,eleutherai/gpt-j,32vCPU-C7i,float16,Winogrande,retired,1,1,,,,,,,,,,,,excluded: front shorter than six points
gpt-j | 32vCPU-C7i | float32 | ARC-Challenge,eleutherai/gpt-j,32vCPU-C7i,float32,ARC-Challenge,retired,1,1,,,,,,,,,,,,excluded: front shorter than six points
gpt-j | 32vCPU-C7i | float32 | BBH,eleutherai/gpt-j,32vCPU-C7i,float32,BBH,headroom,1,1,,,,,,,,,,,,excluded: front shorter than six points
gpt-j | 32vCPU-C7i | float32 | GSM8K,eleutherai/gpt-j,32vCPU-C7i,float32,GSM8K,retired,1,1,,,,,,,,,,,,excluded: front shorter than six points
gpt-j | 32vCPU-C7i | float32 | HellaSwag,eleutherai/gpt-j,32vCPU-C7i,float32,HellaSwag,retired,1,1,,,,,,,,,,,,excluded: front shorter than six points
gpt-j | 32vCPU-C7i | float32 | IFEval,eleutherai/gpt-j,32vCPU-C7i,float32,IFEval,headroom,1,1,,,,,,,,,,,,excluded: front shorter than six points
gpt-j | 32vCPU-C7i | float32 | MATH Lvl 5,eleutherai/gpt-j,32vCPU-C7i,float32,MATH Lvl 5,headroom,1,1,,,,,,,,,,,,excluded: front shorter than six points
gpt-j | 32vCPU-C7i | float32 | MMLU,eleutherai/gpt-j,32vCPU-C7i,float32,MMLU,retired,1,1,,,,,,,,,,,,excluded: front shorter than six points
gpt-j | 32vCPU-C7i | float32 | MMLU-PRO,eleutherai/gpt-j,32vCPU-C7i,float32,MMLU-PRO,headroom,1,1,,,,,,,,,,,,excluded: front shorter than six points
gpt-j | 32vCPU-C7i | float32 | MuSR,eleutherai/gpt-j,32vCPU-C7i,float32,MuSR,headroom,1,1,,,,,,,,,,,,excluded: front shorter than six points
gpt-j | 32vCPU-C7i | float32 | Winogrande,eleutherai/gpt-j,32vCPU-C7i,float32,Winogrande,retired,1,1,,,,,,,,,,,,excluded: front shorter than six points
gpt-neo | 1xA10 | bfloat16 | ARC-Challenge,eleutherai/gpt-neo,1xA10,bfloat16,ARC-Challenge,retired,2,2,0.88853,,,,,,,,0.031,0.315,,excluded: front shorter than six points
gpt-neo | 1xA10 | bfloat16 | BBH,eleutherai/gpt-neo,1xA10,bfloat16,BBH,headroom,3,2,0.95821,,,,,,,,0.008,0.961,,excluded: front shorter than six points
gpt-neo | 1xA10 | bfloat16 | GPQA,eleutherai/gpt-neo,1xA10,bfloat16,GPQA,headroom,3,3,0.97875,,,,,,,,0.017,0.961,,excluded: front shorter than six points
gpt-neo | 1xA10 | bfloat16 | GSM8K,eleutherai/gpt-neo,1xA10,bfloat16,GSM8K,retired,3,3,0.9871,,,,,,,,0.01,0.961,,excluded: front shorter than six points
gpt-neo | 1xA10 | bfloat16 | HellaSwag,eleutherai/gpt-neo,1xA10,bfloat16,HellaSwag,retired,3,3,0.58347,,,,,,,,0.466,0.961,,excluded: front shorter than six points
gpt-neo | 1xA10 | bfloat16 | IFEval,eleutherai/gpt-neo,1xA10,bfloat16,IFEval,headroom,3,3,0.74104,,,,,,,,0.088,0.961,,excluded: front shorter than six points
gpt-neo | 1xA10 | bfloat16 | MATH Lvl 5,eleutherai/gpt-neo,1xA10,bfloat16,MATH Lvl 5,headroom,3,2,0.98943,,,,,,,,0.005,0.646,,excluded: front shorter than six points
gpt-neo | 1xA10 | bfloat16 | MMLU,eleutherai/gpt-neo,1xA10,bfloat16,MMLU,retired,2,2,0.98067,,,,,,,,0.007,0.961,,excluded: front shorter than six points
gpt-neo | 1xA10 | bfloat16 | MMLU-PRO,eleutherai/gpt-neo,1xA10,bfloat16,MMLU-PRO,headroom,3,2,0.98183,,,,,,,,0.015,0.646,,excluded: front shorter than six points
gpt-neo | 1xA10 | bfloat16 | MuSR,eleutherai/gpt-neo,1xA10,bfloat16,MuSR,headroom,3,2,0.95126,,,,,,,,0.023,0.646,,excluded: front shorter than six points
gpt-neo | 1xA10 | bfloat16 | Winogrande,eleutherai/gpt-neo,1xA10,bfloat16,Winogrande,retired,3,3,0.7988,,,,,,,,0.188,0.961,,excluded: front shorter than six points
gpt-neo | 1xA10 | float16 | ARC-Challenge,eleutherai/gpt-neo,1xA10,float16,ARC-Challenge,retired,2,2,0.88853,,,,,,,,0.031,0.626,,excluded: front shorter than six points
gpt-neo | 1xA10 | float16 | BBH,eleutherai/gpt-neo,1xA10,float16,BBH,headroom,3,2,0.95821,,,,,,,,0.008,1.837,,excluded: front shorter than six points
gpt-neo | 1xA10 | float16 | GPQA,eleutherai/gpt-neo,1xA10,float16,GPQA,headroom,3,3,0.97875,,,,,,,,0.017,1.837,,excluded: front shorter than six points
gpt-neo | 1xA10 | float16 | GSM8K,eleutherai/gpt-neo,1xA10,float16,GSM8K,retired,3,3,0.9871,,,,,,,,0.01,1.837,,excluded: front shorter than six points
gpt-neo | 1xA10 | float16 | HellaSwag,eleutherai/gpt-neo,1xA10,float16,HellaSwag,retired,3,3,0.58347,,,,,,,,0.466,1.837,,excluded: front shorter than six points
gpt-neo | 1xA10 | float16 | IFEval,eleutherai/gpt-neo,1xA10,float16,IFEval,headroom,3,3,0.74104,,,,,,,,0.088,1.837,,excluded: front shorter than six points
gpt-neo | 1xA10 | float16 | MATH Lvl 5,eleutherai/gpt-neo,1xA10,float16,MATH Lvl 5,headroom,3,2,0.98943,,,,,,,,0.005,1.211,,excluded: front shorter than six points
gpt-neo | 1xA10 | float16 | MMLU,eleutherai/gpt-neo,1xA10,float16,MMLU,retired,2,2,0.98067,,,,,,,,0.007,1.837,,excluded: front shorter than six points
gpt-neo | 1xA10 | float16 | MMLU-PRO,eleutherai/gpt-neo,1xA10,float16,MMLU-PRO,headroom,3,2,0.98183,,,,,,,,0.015,1.211,,excluded: front shorter than six points
gpt-neo | 1xA10 | float16 | MuSR,eleutherai/gpt-neo,1xA10,float16,MuSR,headroom,3,2,0.95126,,,,,,,,0.023,1.211,,excluded: front shorter than six points
gpt-neo | 1xA10 | float16 | Winogrande,eleutherai/gpt-neo,1xA10,float16,Winogrande,retired,3,3,0.7988,,,,,,,,0.188,1.837,,excluded: front shorter than six points
gpt-neo | 1xA10 | float32 | ARC-Challenge,eleutherai/gpt-neo,1xA10,float32,ARC-Challenge,retired,2,2,0.88853,,,,,,,,0.031,0.534,,excluded: front shorter than six points
gpt-neo | 1xA10 | float32 | BBH,eleutherai/gpt-neo,1xA10,float32,BBH,headroom,3,2,0.95821,,,,,,,,0.008,1.223,,excluded: front shorter than six points
gpt-neo | 1xA10 | float32 | GPQA,eleutherai/gpt-neo,1xA10,float32,GPQA,headroom,3,3,0.97875,,,,,,,,0.017,1.223,,excluded: front shorter than six points
gpt-neo | 1xA10 | float32 | GSM8K,eleutherai/gpt-neo,1xA10,float32,GSM8K,retired,3,3,0.9871,,,,,,,,0.01,1.223,,excluded: front shorter than six points
gpt-neo | 1xA10 | float32 | HellaSwag,eleutherai/gpt-neo,1xA10,float32,HellaSwag,retired,3,3,0.58347,,,,,,,,0.466,1.223,,excluded: front shorter than six points
gpt-neo | 1xA10 | float32 | IFEval,eleutherai/gpt-neo,1xA10,float32,IFEval,headroom,3,3,0.74104,,,,,,,,0.088,1.223,,excluded: front shorter than six points
gpt-neo | 1xA10 | float32 | MATH Lvl 5,eleutherai/gpt-neo,1xA10,float32,MATH Lvl 5,headroom,3,2,0.98943,,,,,,,,0.005,0.689,,excluded: front shorter than six points
gpt-neo | 1xA10 | float32 | MMLU,eleutherai/gpt-neo,1xA10,float32,MMLU,retired,2,2,0.98067,,,,,,,,0.007,1.223,,excluded: front shorter than six points
gpt-neo | 1xA10 | float32 | MMLU-PRO,eleutherai/gpt-neo,1xA10,float32,MMLU-PRO,headroom,3,2,0.98183,,,,,,,,0.015,0.689,,excluded: front shorter than six points
gpt-neo | 1xA10 | float32 | MuSR,eleutherai/gpt-neo,1xA10,float32,MuSR,headroom,3,2,0.95126,,,,,,,,0.023,0.689,,excluded: front shorter than six points
gpt-neo | 1xA10 | float32 | Winogrande,eleutherai/gpt-neo,1xA10,float32,Winogrande,retired,3,3,0.7988,,,,,,,,0.188,1.223,,excluded: front shorter than six points
gpt-neo | 1xA100 | bfloat16 | ARC-Challenge,eleutherai/gpt-neo,1xA100,bfloat16,ARC-Challenge,retired,2,2,0.88853,,,,,,,,0.031,0.316,,excluded: front shorter than six points
gpt-neo | 1xA100 | bfloat16 | BBH,eleutherai/gpt-neo,1xA100,bfloat16,BBH,headroom,3,2,0.95821,,,,,,,,0.008,0.943,,excluded: front shorter than six points
gpt-neo | 1xA100 | bfloat16 | GPQA,eleutherai/gpt-neo,1xA100,bfloat16,GPQA,headroom,3,3,0.97875,,,,,,,,0.017,0.943,,excluded: front shorter than six points
gpt-neo | 1xA100 | bfloat16 | GSM8K,eleutherai/gpt-neo,1xA100,bfloat16,GSM8K,retired,3,3,0.9871,,,,,,,,0.01,0.943,,excluded: front shorter than six points
gpt-neo | 1xA100 | bfloat16 | HellaSwag,eleutherai/gpt-neo,1xA100,bfloat16,HellaSwag,retired,3,3,0.58347,,,,,,,,0.466,0.943,,excluded: front shorter than six points
gpt-neo | 1xA100 | bfloat16 | IFEval,eleutherai/gpt-neo,1xA100,bfloat16,IFEval,headroom,3,3,0.74104,,,,,,,,0.088,0.943,,excluded: front shorter than six points
gpt-neo | 1xA100 | bfloat16 | MATH Lvl 5,eleutherai/gpt-neo,1xA100,bfloat16,MATH Lvl 5,headroom,3,2,0.98943,,,,,,,,0.005,0.627,,excluded: front shorter than six points
gpt-neo | 1xA100 | bfloat16 | MMLU,eleutherai/gpt-neo,1xA100,bfloat16,MMLU,retired,2,2,0.98067,,,,,,,,0.007,0.943,,excluded: front shorter than six points
gpt-neo | 1xA100 | bfloat16 | MMLU-PRO,eleutherai/gpt-neo,1xA100,bfloat16,MMLU-PRO,headroom,3,2,0.98183,,,,,,,,0.015,0.627,,excluded: front shorter than six points
gpt-neo | 1xA100 | bfloat16 | MuSR,eleutherai/gpt-neo,1xA100,bfloat16,MuSR,headroom,3,2,0.95126,,,,,,,,0.023,0.627,,excluded: front shorter than six points
gpt-neo | 1xA100 | bfloat16 | Winogrande,eleutherai/gpt-neo,1xA100,bfloat16,Winogrande,retired,3,3,0.7988,,,,,,,,0.188,0.943,,excluded: front shorter than six points
gpt-neo | 1xA100 | float16 | ARC-Challenge,eleutherai/gpt-neo,1xA100,float16,ARC-Challenge,retired,2,2,0.88853,,,,,,,,0.031,0.318,,excluded: front shorter than six points
gpt-neo | 1xA100 | float16 | BBH,eleutherai/gpt-neo,1xA100,float16,BBH,headroom,3,2,0.95821,,,,,,,,0.008,0.942,,excluded: front shorter than six points
gpt-neo | 1xA100 | float16 | GPQA,eleutherai/gpt-neo,1xA100,float16,GPQA,headroom,3,3,0.97875,,,,,,,,0.017,0.942,,excluded: front shorter than six points
gpt-neo | 1xA100 | float16 | GSM8K,eleutherai/gpt-neo,1xA100,float16,GSM8K,retired,3,3,0.9871,,,,,,,,0.01,0.942,,excluded: front shorter than six points
gpt-neo | 1xA100 | float16 | HellaSwag,eleutherai/gpt-neo,1xA100,float16,HellaSwag,retired,3,3,0.58347,,,,,,,,0.466,0.942,,excluded: front shorter than six points
gpt-neo | 1xA100 | float16 | IFEval,eleutherai/gpt-neo,1xA100,float16,IFEval,headroom,3,3,0.74104,,,,,,,,0.088,0.942,,excluded: front shorter than six points
gpt-neo | 1xA100 | float16 | MATH Lvl 5,eleutherai/gpt-neo,1xA100,float16,MATH Lvl 5,headroom,3,2,0.98943,,,,,,,,0.005,0.624,,excluded: front shorter than six points
gpt-neo | 1xA100 | float16 | MMLU,eleutherai/gpt-neo,1xA100,float16,MMLU,retired,2,2,0.98067,,,,,,,,0.007,0.942,,excluded: front shorter than six points
gpt-neo | 1xA100 | float16 | MMLU-PRO,eleutherai/gpt-neo,1xA100,float16,MMLU-PRO,headroom,3,2,0.98183,,,,,,,,0.015,0.624,,excluded: front shorter than six points
gpt-neo | 1xA100 | float16 | MuSR,eleutherai/gpt-neo,1xA100,float16,MuSR,headroom,3,2,0.95126,,,,,,,,0.023,0.624,,excluded: front shorter than six points
gpt-neo | 1xA100 | float16 | Winogrande,eleutherai/gpt-neo,1xA100,float16,Winogrande,retired,3,3,0.7988,,,,,,,,0.188,0.942,,excluded: front shorter than six points
gpt-neo | 1xA100 | float32 | ARC-Challenge,eleutherai/gpt-neo,1xA100,float32,ARC-Challenge,retired,2,2,0.88853,,,,,,,,0.031,0.277,,excluded: front shorter than six points
gpt-neo | 1xA100 | float32 | BBH,eleutherai/gpt-neo,1xA100,float32,BBH,headroom,3,2,0.95821,,,,,,,,0.008,0.929,,excluded: front shorter than six points
gpt-neo | 1xA100 | float32 | GPQA,eleutherai/gpt-neo,1xA100,float32,GPQA,headroom,3,3,0.97875,,,,,,,,0.017,0.929,,excluded: front shorter than six points
gpt-neo | 1xA100 | float32 | GSM8K,eleutherai/gpt-neo,1xA100,float32,GSM8K,retired,3,3,0.9871,,,,,,,,0.01,0.929,,excluded: front shorter than six points
gpt-neo | 1xA100 | float32 | HellaSwag,eleutherai/gpt-neo,1xA100,float32,HellaSwag,retired,3,3,0.58347,,,,,,,,0.466,0.929,,excluded: front shorter than six points
gpt-neo | 1xA100 | float32 | IFEval,eleutherai/gpt-neo,1xA100,float32,IFEval,headroom,3,3,0.74104,,,,,,,,0.088,0.929,,excluded: front shorter than six points
gpt-neo | 1xA100 | float32 | MATH Lvl 5,eleutherai/gpt-neo,1xA100,float32,MATH Lvl 5,headroom,3,2,0.98943,,,,,,,,0.005,0.651,,excluded: front shorter than six points
gpt-neo | 1xA100 | float32 | MMLU,eleutherai/gpt-neo,1xA100,float32,MMLU,retired,2,2,0.98067,,,,,,,,0.007,0.929,,excluded: front shorter than six points
gpt-neo | 1xA100 | float32 | MMLU-PRO,eleutherai/gpt-neo,1xA100,float32,MMLU-PRO,headroom,3,2,0.98183,,,,,,,,0.015,0.651,,excluded: front shorter than six points
gpt-neo | 1xA100 | float32 | MuSR,eleutherai/gpt-neo,1xA100,float32,MuSR,headroom,3,2,0.95126,,,,,,,,0.023,0.651,,excluded: front shorter than six points
gpt-neo | 1xA100 | float32 | Winogrande,eleutherai/gpt-neo,1xA100,float32,Winogrande,retired,3,3,0.7988,,,,,,,,0.188,0.929,,excluded: front shorter than six points
gpt-neo | 1xT4 | bfloat16 | ARC-Challenge,eleutherai/gpt-neo,1xT4,bfloat16,ARC-Challenge,retired,2,2,0.88853,,,,,,,,0.031,0.578,,excluded: front shorter than six points
gpt-neo | 1xT4 | bfloat16 | BBH,eleutherai/gpt-neo,1xT4,bfloat16,BBH,headroom,3,2,0.95821,,,,,,,,0.008,1.395,,excluded: front shorter than six points
gpt-neo | 1xT4 | bfloat16 | GPQA,eleutherai/gpt-neo,1xT4,bfloat16,GPQA,headroom,3,3,0.97875,,,,,,,,0.017,1.395,,excluded: front shorter than six points
gpt-neo | 1xT4 | bfloat16 | GSM8K,eleutherai/gpt-neo,1xT4,bfloat16,GSM8K,retired,3,3,0.9871,,,,,,,,0.01,1.395,,excluded: front shorter than six points
gpt-neo | 1xT4 | bfloat16 | HellaSwag,eleutherai/gpt-neo,1xT4,bfloat16,HellaSwag,retired,3,3,0.58347,,,,,,,,0.466,1.395,,excluded: front shorter than six points
gpt-neo | 1xT4 | bfloat16 | IFEval,eleutherai/gpt-neo,1xT4,bfloat16,IFEval,headroom,3,3,0.74104,,,,,,,,0.088,1.395,,excluded: front shorter than six points
gpt-neo | 1xT4 | bfloat16 | MATH Lvl 5,eleutherai/gpt-neo,1xT4,bfloat16,MATH Lvl 5,headroom,3,2,0.98943,,,,,,,,0.005,0.817,,excluded: front shorter than six points
gpt-neo | 1xT4 | bfloat16 | MMLU,eleutherai/gpt-neo,1xT4,bfloat16,MMLU,retired,2,2,0.98067,,,,,,,,0.007,1.395,,excluded: front shorter than six points
gpt-neo | 1xT4 | bfloat16 | MMLU-PRO,eleutherai/gpt-neo,1xT4,bfloat16,MMLU-PRO,headroom,3,2,0.98183,,,,,,,,0.015,0.817,,excluded: front shorter than six points
gpt-neo | 1xT4 | bfloat16 | MuSR,eleutherai/gpt-neo,1xT4,bfloat16,MuSR,headroom,3,2,0.95126,,,,,,,,0.023,0.817,,excluded: front shorter than six points
gpt-neo | 1xT4 | bfloat16 | Winogrande,eleutherai/gpt-neo,1xT4,bfloat16,Winogrande,retired,3,3,0.7988,,,,,,,,0.188,1.395,,excluded: front shorter than six points
gpt-neo | 1xT4 | float16 | ARC-Challenge,eleutherai/gpt-neo,1xT4,float16,ARC-Challenge,retired,2,2,0.88853,,,,,,,,0.031,0.692,,excluded: front shorter than six points
gpt-neo | 1xT4 | float16 | BBH,eleutherai/gpt-neo,1xT4,float16,BBH,headroom,3,2,0.95821,,,,,,,,0.008,1.991,,excluded: front shorter than six points
gpt-neo | 1xT4 | float16 | GPQA,eleutherai/gpt-neo,1xT4,float16,GPQA,headroom,3,3,0.97875,,,,,,,,0.017,1.991,,excluded: front shorter than six points
gpt-neo | 1xT4 | float16 | GSM8K,eleutherai/gpt-neo,1xT4,float16,GSM8K,retired,3,3,0.9871,,,,,,,,0.01,1.991,,excluded: front shorter than six points
gpt-neo | 1xT4 | float16 | HellaSwag,eleutherai/gpt-neo,1xT4,float16,HellaSwag,retired,3,3,0.58347,,,,,,,,0.466,1.991,,excluded: front shorter than six points
gpt-neo | 1xT4 | float16 | IFEval,eleutherai/gpt-neo,1xT4,float16,IFEval,headroom,3,3,0.74104,,,,,,,,0.088,1.991,,excluded: front shorter than six points
gpt-neo | 1xT4 | float16 | MATH Lvl 5,eleutherai/gpt-neo,1xT4,float16,MATH Lvl 5,headroom,3,2,0.98943,,,,,,,,0.005,1.299,,excluded: front shorter than six points
gpt-neo | 1xT4 | float16 | MMLU,eleutherai/gpt-neo,1xT4,float16,MMLU,retired,2,2,0.98067,,,,,,,,0.007,1.991,,excluded: front shorter than six points
gpt-neo | 1xT4 | float16 | MMLU-PRO,eleutherai/gpt-neo,1xT4,float16,MMLU-PRO,headroom,3,2,0.98183,,,,,,,,0.015,1.299,,excluded: front shorter than six points
gpt-neo | 1xT4 | float16 | MuSR,eleutherai/gpt-neo,1xT4,float16,MuSR,headroom,3,2,0.95126,,,,,,,,0.023,1.299,,excluded: front shorter than six points
gpt-neo | 1xT4 | float16 | Winogrande,eleutherai/gpt-neo,1xT4,float16,Winogrande,retired,3,3,0.7988,,,,,,,,0.188,1.991,,excluded: front shorter than six points
gpt-neo | 1xT4 | float32 | ARC-Challenge,eleutherai/gpt-neo,1xT4,float32,ARC-Challenge,retired,2,2,0.88853,,,,,,,,0.031,0.622,,excluded: front shorter than six points
gpt-neo | 1xT4 | float32 | BBH,eleutherai/gpt-neo,1xT4,float32,BBH,headroom,3,2,0.95821,,,,,,,,0.008,1.84,,excluded: front shorter than six points
gpt-neo | 1xT4 | float32 | GPQA,eleutherai/gpt-neo,1xT4,float32,GPQA,headroom,3,3,0.97875,,,,,,,,0.017,1.84,,excluded: front shorter than six points
gpt-neo | 1xT4 | float32 | GSM8K,eleutherai/gpt-neo,1xT4,float32,GSM8K,retired,3,3,0.9871,,,,,,,,0.01,1.84,,excluded: front shorter than six points
gpt-neo | 1xT4 | float32 | HellaSwag,eleutherai/gpt-neo,1xT4,float32,HellaSwag,retired,3,3,0.58347,,,,,,,,0.466,1.84,,excluded: front shorter than six points
gpt-neo | 1xT4 | float32 | IFEval,eleutherai/gpt-neo,1xT4,float32,IFEval,headroom,3,3,0.74104,,,,,,,,0.088,1.84,,excluded: front shorter than six points
gpt-neo | 1xT4 | float32 | MATH Lvl 5,eleutherai/gpt-neo,1xT4,float32,MATH Lvl 5,headroom,3,2,0.98943,,,,,,,,0.005,1.218,,excluded: front shorter than six points
gpt-neo | 1xT4 | float32 | MMLU,eleutherai/gpt-neo,1xT4,float32,MMLU,retired,2,2,0.98067,,,,,,,,0.007,1.84,,excluded: front shorter than six points
gpt-neo | 1xT4 | float32 | MMLU-PRO,eleutherai/gpt-neo,1xT4,float32,MMLU-PRO,headroom,3,2,0.98183,,,,,,,,0.015,1.218,,excluded: front shorter than six points
gpt-neo | 1xT4 | float32 | MuSR,eleutherai/gpt-neo,1xT4,float32,MuSR,headroom,3,2,0.95126,,,,,,,,0.023,1.218,,excluded: front shorter than six points
gpt-neo | 1xT4 | float32 | Winogrande,eleutherai/gpt-neo,1xT4,float32,Winogrande,retired,3,3,0.7988,,,,,,,,0.188,1.84,,excluded: front shorter than six points
gpt-neo | 32vCPU-C7i | bfloat16 | ARC-Challenge,eleutherai/gpt-neo,32vCPU-C7i,bfloat16,ARC-Challenge,retired,2,2,0.88853,,,,,,,,0.031,0.648,,excluded: front shorter than six points
gpt-neo | 32vCPU-C7i | bfloat16 | BBH,eleutherai/gpt-neo,32vCPU-C7i,bfloat16,BBH,headroom,3,2,0.95821,,,,,,,,0.008,2.153,,excluded: front shorter than six points
gpt-neo | 32vCPU-C7i | bfloat16 | GPQA,eleutherai/gpt-neo,32vCPU-C7i,bfloat16,GPQA,headroom,3,3,0.97875,,,,,,,,0.017,2.153,,excluded: front shorter than six points
gpt-neo | 32vCPU-C7i | bfloat16 | GSM8K,eleutherai/gpt-neo,32vCPU-C7i,bfloat16,GSM8K,retired,3,3,0.9871,,,,,,,,0.01,2.153,,excluded: front shorter than six points
gpt-neo | 32vCPU-C7i | bfloat16 | HellaSwag,eleutherai/gpt-neo,32vCPU-C7i,bfloat16,HellaSwag,retired,3,3,0.58347,,,,,,,,0.466,2.153,,excluded: front shorter than six points
gpt-neo | 32vCPU-C7i | bfloat16 | IFEval,eleutherai/gpt-neo,32vCPU-C7i,bfloat16,IFEval,headroom,3,3,0.74104,,,,,,,,0.088,2.153,,excluded: front shorter than six points
gpt-neo | 32vCPU-C7i | bfloat16 | MATH Lvl 5,eleutherai/gpt-neo,32vCPU-C7i,bfloat16,MATH Lvl 5,headroom,3,2,0.98943,,,,,,,,0.005,1.506,,excluded: front shorter than six points
gpt-neo | 32vCPU-C7i | bfloat16 | MMLU,eleutherai/gpt-neo,32vCPU-C7i,bfloat16,MMLU,retired,2,2,0.98067,,,,,,,,0.007,2.153,,excluded: front shorter than six points
gpt-neo | 32vCPU-C7i | bfloat16 | MMLU-PRO,eleutherai/gpt-neo,32vCPU-C7i,bfloat16,MMLU-PRO,headroom,3,2,0.98183,,,,,,,,0.015,1.506,,excluded: front shorter than six points
gpt-neo | 32vCPU-C7i | bfloat16 | MuSR,eleutherai/gpt-neo,32vCPU-C7i,bfloat16,MuSR,headroom,3,2,0.95126,,,,,,,,0.023,1.506,,excluded: front shorter than six points
gpt-neo | 32vCPU-C7i | bfloat16 | Winogrande,eleutherai/gpt-neo,32vCPU-C7i,bfloat16,Winogrande,retired,3,3,0.7988,,,,,,,,0.188,2.153,,excluded: front shorter than six points
gpt-neo | 32vCPU-C7i | float16 | ARC-Challenge,eleutherai/gpt-neo,32vCPU-C7i,float16,ARC-Challenge,retired,2,2,0.88853,,,,,,,,0.031,0.672,,excluded: front shorter than six points
gpt-neo | 32vCPU-C7i | float16 | BBH,eleutherai/gpt-neo,32vCPU-C7i,float16,BBH,headroom,3,2,0.95821,,,,,,,,0.008,2.152,,excluded: front shorter than six points
gpt-neo | 32vCPU-C7i | float16 | GPQA,eleutherai/gpt-neo,32vCPU-C7i,float16,GPQA,headroom,3,3,0.97875,,,,,,,,0.017,2.152,,excluded: front shorter than six points
gpt-neo | 32vCPU-C7i | float16 | GSM8K,eleutherai/gpt-neo,32vCPU-C7i,float16,GSM8K,retired,3,3,0.9871,,,,,,,,0.01,2.152,,excluded: front shorter than six points
gpt-neo | 32vCPU-C7i | float16 | HellaSwag,eleutherai/gpt-neo,32vCPU-C7i,float16,HellaSwag,retired,3,3,0.58347,,,,,,,,0.466,2.152,,excluded: front shorter than six points
gpt-neo | 32vCPU-C7i | float16 | IFEval,eleutherai/gpt-neo,32vCPU-C7i,float16,IFEval,headroom,3,3,0.74104,,,,,,,,0.088,2.152,,excluded: front shorter than six points
gpt-neo | 32vCPU-C7i | float16 | MATH Lvl 5,eleutherai/gpt-neo,32vCPU-C7i,float16,MATH Lvl 5,headroom,3,2,0.98943,,,,,,,,0.005,1.48,,excluded: front shorter than six points
gpt-neo | 32vCPU-C7i | float16 | MMLU,eleutherai/gpt-neo,32vCPU-C7i,float16,MMLU,retired,2,2,0.98067,,,,,,,,0.007,2.152,,excluded: front shorter than six points
gpt-neo | 32vCPU-C7i | float16 | MMLU-PRO,eleutherai/gpt-neo,32vCPU-C7i,float16,MMLU-PRO,headroom,3,2,0.98183,,,,,,,,0.015,1.48,,excluded: front shorter than six points
gpt-neo | 32vCPU-C7i | float16 | MuSR,eleutherai/gpt-neo,32vCPU-C7i,float16,MuSR,headroom,3,2,0.95126,,,,,,,,0.023,1.48,,excluded: front shorter than six points
gpt-neo | 32vCPU-C7i | float16 | Winogrande,eleutherai/gpt-neo,32vCPU-C7i,float16,Winogrande,retired,3,3,0.7988,,,,,,,,0.188,2.152,,excluded: front shorter than six points
gpt-neo | 32vCPU-C7i | float32 | ARC-Challenge,eleutherai/gpt-neo,32vCPU-C7i,float32,ARC-Challenge,retired,2,2,0.88853,,,,,,,,0.031,0.61,,excluded: front shorter than six points
gpt-neo | 32vCPU-C7i | float32 | BBH,eleutherai/gpt-neo,32vCPU-C7i,float32,BBH,headroom,3,2,0.95821,,,,,,,,0.008,2.35,,excluded: front shorter than six points
gpt-neo | 32vCPU-C7i | float32 | GPQA,eleutherai/gpt-neo,32vCPU-C7i,float32,GPQA,headroom,3,3,0.97875,,,,,,,,0.017,2.35,,excluded: front shorter than six points
gpt-neo | 32vCPU-C7i | float32 | GSM8K,eleutherai/gpt-neo,32vCPU-C7i,float32,GSM8K,retired,3,3,0.9871,,,,,,,,0.01,2.35,,excluded: front shorter than six points
gpt-neo | 32vCPU-C7i | float32 | HellaSwag,eleutherai/gpt-neo,32vCPU-C7i,float32,HellaSwag,retired,3,3,0.58347,,,,,,,,0.466,2.35,,excluded: front shorter than six points
gpt-neo | 32vCPU-C7i | float32 | IFEval,eleutherai/gpt-neo,32vCPU-C7i,float32,IFEval,headroom,3,3,0.74104,,,,,,,,0.088,2.35,,excluded: front shorter than six points
gpt-neo | 32vCPU-C7i | float32 | MATH Lvl 5,eleutherai/gpt-neo,32vCPU-C7i,float32,MATH Lvl 5,headroom,3,2,0.98943,,,,,,,,0.005,1.74,,excluded: front shorter than six points
gpt-neo | 32vCPU-C7i | float32 | MMLU,eleutherai/gpt-neo,32vCPU-C7i,float32,MMLU,retired,2,2,0.98067,,,,,,,,0.007,2.35,,excluded: front shorter than six points
gpt-neo | 32vCPU-C7i | float32 | MMLU-PRO,eleutherai/gpt-neo,32vCPU-C7i,float32,MMLU-PRO,headroom,3,2,0.98183,,,,,,,,0.015,1.74,,excluded: front shorter than six points
gpt-neo | 32vCPU-C7i | float32 | MuSR,eleutherai/gpt-neo,32vCPU-C7i,float32,MuSR,headroom,3,2,0.95126,,,,,,,,0.023,1.74,,excluded: front shorter than six points
gpt-neo | 32vCPU-C7i | float32 | Winogrande,eleutherai/gpt-neo,32vCPU-C7i,float32,Winogrande,retired,3,3,0.7988,,,,,,,,0.188,2.35,,excluded: front shorter than six points
gpt-neox | 1xA10 | float16 | ARC-Challenge,eleutherai/gpt-neox,1xA10,float16,ARC-Challenge,retired,1,1,,,,,,,,,,,,excluded: front shorter than six points
gpt-neox | 1xA10 | float16 | BBH,eleutherai/gpt-neox,1xA10,float16,BBH,headroom,1,1,,,,,,,,,,,,excluded: front shorter than six points
gpt-neox | 1xA10 | float16 | GSM8K,eleutherai/gpt-neox,1xA10,float16,GSM8K,retired,1,1,,,,,,,,,,,,excluded: front shorter than six points
gpt-neox | 1xA10 | float16 | HellaSwag,eleutherai/gpt-neox,1xA10,float16,HellaSwag,retired,1,1,,,,,,,,,,,,excluded: front shorter than six points
gpt-neox | 1xA10 | float16 | IFEval,eleutherai/gpt-neox,1xA10,float16,IFEval,headroom,1,1,,,,,,,,,,,,excluded: front shorter than six points
gpt-neox | 1xA10 | float16 | MATH Lvl 5,eleutherai/gpt-neox,1xA10,float16,MATH Lvl 5,headroom,1,1,,,,,,,,,,,,excluded: front shorter than six points
gpt-neox | 1xA10 | float16 | MMLU-PRO,eleutherai/gpt-neox,1xA10,float16,MMLU-PRO,headroom,1,1,,,,,,,,,,,,excluded: front shorter than six points
gpt-neox | 1xA10 | float16 | MuSR,eleutherai/gpt-neox,1xA10,float16,MuSR,headroom,1,1,,,,,,,,,,,,excluded: front shorter than six points
gpt-neox | 1xA10 | float16 | Winogrande,eleutherai/gpt-neox,1xA10,float16,Winogrande,retired,1,1,,,,,,,,,,,,excluded: front shorter than six points
gpt-neox | 1xA100 | bfloat16 | ARC-Challenge,eleutherai/gpt-neox,1xA100,bfloat16,ARC-Challenge,retired,1,1,,,,,,,,,,,,excluded: front shorter than six points
gpt-neox | 1xA100 | bfloat16 | BBH,eleutherai/gpt-neox,1xA100,bfloat16,BBH,headroom,1,1,,,,,,,,,,,,excluded: front shorter than six points
gpt-neox | 1xA100 | bfloat16 | GSM8K,eleutherai/gpt-neox,1xA100,bfloat16,GSM8K,retired,1,1,,,,,,,,,,,,excluded: front shorter than six points
gpt-neox | 1xA100 | bfloat16 | HellaSwag,eleutherai/gpt-neox,1xA100,bfloat16,HellaSwag,retired,1,1,,,,,,,,,,,,excluded: front shorter than six points
gpt-neox | 1xA100 | bfloat16 | IFEval,eleutherai/gpt-neox,1xA100,bfloat16,IFEval,headroom,1,1,,,,,,,,,,,,excluded: front shorter than six points
gpt-neox | 1xA100 | bfloat16 | MATH Lvl 5,eleutherai/gpt-neox,1xA100,bfloat16,MATH Lvl 5,headroom,1,1,,,,,,,,,,,,excluded: front shorter than six points
gpt-neox | 1xA100 | bfloat16 | MMLU-PRO,eleutherai/gpt-neox,1xA100,bfloat16,MMLU-PRO,headroom,1,1,,,,,,,,,,,,excluded: front shorter than six points
gpt-neox | 1xA100 | bfloat16 | MuSR,eleutherai/gpt-neox,1xA100,bfloat16,MuSR,headroom,1,1,,,,,,,,,,,,excluded: front shorter than six points
gpt-neox | 1xA100 | bfloat16 | Winogrande,eleutherai/gpt-neox,1xA100,bfloat16,Winogrande,retired,1,1,,,,,,,,,,,,excluded: front shorter than six points
gpt-neox | 1xA100 | float16 | ARC-Challenge,eleutherai/gpt-neox,1xA100,float16,ARC-Challenge,retired,1,1,,,,,,,,,,,,excluded: front shorter than six points
gpt-neox | 1xA100 | float16 | BBH,eleutherai/gpt-neox,1xA100,float16,BBH,headroom,1,1,,,,,,,,,,,,excluded: front shorter than six points
gpt-neox | 1xA100 | float16 | GSM8K,eleutherai/gpt-neox,1xA100,float16,GSM8K,retired,1,1,,,,,,,,,,,,excluded: front shorter than six points
gpt-neox | 1xA100 | float16 | HellaSwag,eleutherai/gpt-neox,1xA100,float16,HellaSwag,retired,1,1,,,,,,,,,,,,excluded: front shorter than six points
gpt-neox | 1xA100 | float16 | IFEval,eleutherai/gpt-neox,1xA100,float16,IFEval,headroom,1,1,,,,,,,,,,,,excluded: front shorter than six points
gpt-neox | 1xA100 | float16 | MATH Lvl 5,eleutherai/gpt-neox,1xA100,float16,MATH Lvl 5,headroom,1,1,,,,,,,,,,,,excluded: front shorter than six points
gpt-neox | 1xA100 | float16 | MMLU-PRO,eleutherai/gpt-neox,1xA100,float16,MMLU-PRO,headroom,1,1,,,,,,,,,,,,excluded: front shorter than six points
gpt-neox | 1xA100 | float16 | MuSR,eleutherai/gpt-neox,1xA100,float16,MuSR,headroom,1,1,,,,,,,,,,,,excluded: front shorter than six points
gpt-neox | 1xA100 | float16 | Winogrande,eleutherai/gpt-neox,1xA100,float16,Winogrande,retired,1,1,,,,,,,,,,,,excluded: front shorter than six points
gpt-neox | 1xA100 | float32 | ARC-Challenge,eleutherai/gpt-neox,1xA100,float32,ARC-Challenge,retired,1,1,,,,,,,,,,,,excluded: front shorter than six points
gpt-neox | 1xA100 | float32 | BBH,eleutherai/gpt-neox,1xA100,float32,BBH,headroom,1,1,,,,,,,,,,,,excluded: front shorter than six points
gpt-neox | 1xA100 | float32 | GSM8K,eleutherai/gpt-neox,1xA100,float32,GSM8K,retired,1,1,,,,,,,,,,,,excluded: front shorter than six points
gpt-neox | 1xA100 | float32 | HellaSwag,eleutherai/gpt-neox,1xA100,float32,HellaSwag,retired,1,1,,,,,,,,,,,,excluded: front shorter than six points
gpt-neox | 1xA100 | float32 | IFEval,eleutherai/gpt-neox,1xA100,float32,IFEval,headroom,1,1,,,,,,,,,,,,excluded: front shorter than six points
gpt-neox | 1xA100 | float32 | MATH Lvl 5,eleutherai/gpt-neox,1xA100,float32,MATH Lvl 5,headroom,1,1,,,,,,,,,,,,excluded: front shorter than six points
gpt-neox | 1xA100 | float32 | MMLU-PRO,eleutherai/gpt-neox,1xA100,float32,MMLU-PRO,headroom,1,1,,,,,,,,,,,,excluded: front shorter than six points
gpt-neox | 1xA100 | float32 | MuSR,eleutherai/gpt-neox,1xA100,float32,MuSR,headroom,1,1,,,,,,,,,,,,excluded: front shorter than six points
gpt-neox | 1xA100 | float32 | Winogrande,eleutherai/gpt-neox,1xA100,float32,Winogrande,retired,1,1,,,,,,,,,,,,excluded: front shorter than six points
gpt-neox | 1xT4 | float16 | ARC-Challenge,eleutherai/gpt-neox,1xT4,float16,ARC-Challenge,retired,1,1,,,,,,,,,,,,excluded: front shorter than six points
gpt-neox | 1xT4 | float16 | BBH,eleutherai/gpt-neox,1xT4,float16,BBH,headroom,1,1,,,,,,,,,,,,excluded: front shorter than six points
gpt-neox | 1xT4 | float16 | GSM8K,eleutherai/gpt-neox,1xT4,float16,GSM8K,retired,1,1,,,,,,,,,,,,excluded: front shorter than six points
gpt-neox | 1xT4 | float16 | HellaSwag,eleutherai/gpt-neox,1xT4,float16,HellaSwag,retired,1,1,,,,,,,,,,,,excluded: front shorter than six points
gpt-neox | 1xT4 | float16 | IFEval,eleutherai/gpt-neox,1xT4,float16,IFEval,headroom,1,1,,,,,,,,,,,,excluded: front shorter than six points
gpt-neox | 1xT4 | float16 | MATH Lvl 5,eleutherai/gpt-neox,1xT4,float16,MATH Lvl 5,headroom,1,1,,,,,,,,,,,,excluded: front shorter than six points
gpt-neox | 1xT4 | float16 | MMLU-PRO,eleutherai/gpt-neox,1xT4,float16,MMLU-PRO,headroom,1,1,,,,,,,,,,,,excluded: front shorter than six points
gpt-neox | 1xT4 | float16 | MuSR,eleutherai/gpt-neox,1xT4,float16,MuSR,headroom,1,1,,,,,,,,,,,,excluded: front shorter than six points
gpt-neox | 1xT4 | float16 | Winogrande,eleutherai/gpt-neox,1xT4,float16,Winogrande,retired,1,1,,,,,,,,,,,,excluded: front shorter than six points
gpt-neox | 32vCPU-C7i | bfloat16 | ARC-Challenge,eleutherai/gpt-neox,32vCPU-C7i,bfloat16,ARC-Challenge,retired,1,1,,,,,,,,,,,,excluded: front shorter than six points
gpt-neox | 32vCPU-C7i | bfloat16 | BBH,eleutherai/gpt-neox,32vCPU-C7i,bfloat16,BBH,headroom,1,1,,,,,,,,,,,,excluded: front shorter than six points
gpt-neox | 32vCPU-C7i | bfloat16 | GSM8K,eleutherai/gpt-neox,32vCPU-C7i,bfloat16,GSM8K,retired,1,1,,,,,,,,,,,,excluded: front shorter than six points
gpt-neox | 32vCPU-C7i | bfloat16 | HellaSwag,eleutherai/gpt-neox,32vCPU-C7i,bfloat16,HellaSwag,retired,1,1,,,,,,,,,,,,excluded: front shorter than six points
gpt-neox | 32vCPU-C7i | bfloat16 | IFEval,eleutherai/gpt-neox,32vCPU-C7i,bfloat16,IFEval,headroom,1,1,,,,,,,,,,,,excluded: front shorter than six points
gpt-neox | 32vCPU-C7i | bfloat16 | MATH Lvl 5,eleutherai/gpt-neox,32vCPU-C7i,bfloat16,MATH Lvl 5,headroom,1,1,,,,,,,,,,,,excluded: front shorter than six points
gpt-neox | 32vCPU-C7i | bfloat16 | MMLU-PRO,eleutherai/gpt-neox,32vCPU-C7i,bfloat16,MMLU-PRO,headroom,1,1,,,,,,,,,,,,excluded: front shorter than six points
gpt-neox | 32vCPU-C7i | bfloat16 | MuSR,eleutherai/gpt-neox,32vCPU-C7i,bfloat16,MuSR,headroom,1,1,,,,,,,,,,,,excluded: front shorter than six points
gpt-neox | 32vCPU-C7i | bfloat16 | Winogrande,eleutherai/gpt-neox,32vCPU-C7i,bfloat16,Winogrande,retired,1,1,,,,,,,,,,,,excluded: front shorter than six points
gpt-neox | 32vCPU-C7i | float16 | ARC-Challenge,eleutherai/gpt-neox,32vCPU-C7i,float16,ARC-Challenge,retired,1,1,,,,,,,,,,,,excluded: front shorter than six points
gpt-neox | 32vCPU-C7i | float16 | BBH,eleutherai/gpt-neox,32vCPU-C7i,float16,BBH,headroom,1,1,,,,,,,,,,,,excluded: front shorter than six points
gpt-neox | 32vCPU-C7i | float16 | GSM8K,eleutherai/gpt-neox,32vCPU-C7i,float16,GSM8K,retired,1,1,,,,,,,,,,,,excluded: front shorter than six points
gpt-neox | 32vCPU-C7i | float16 | HellaSwag,eleutherai/gpt-neox,32vCPU-C7i,float16,HellaSwag,retired,1,1,,,,,,,,,,,,excluded: front shorter than six points
gpt-neox | 32vCPU-C7i | float16 | IFEval,eleutherai/gpt-neox,32vCPU-C7i,float16,IFEval,headroom,1,1,,,,,,,,,,,,excluded: front shorter than six points
gpt-neox | 32vCPU-C7i | float16 | MATH Lvl 5,eleutherai/gpt-neox,32vCPU-C7i,float16,MATH Lvl 5,headroom,1,1,,,,,,,,,,,,excluded: front shorter than six points
gpt-neox | 32vCPU-C7i | float16 | MMLU-PRO,eleutherai/gpt-neox,32vCPU-C7i,float16,MMLU-PRO,headroom,1,1,,,,,,,,,,,,excluded: front shorter than six points
gpt-neox | 32vCPU-C7i | float16 | MuSR,eleutherai/gpt-neox,32vCPU-C7i,float16,MuSR,headroom,1,1,,,,,,,,,,,,excluded: front shorter than six points
gpt-neox | 32vCPU-C7i | float16 | Winogrande,eleutherai/gpt-neox,32vCPU-C7i,float16,Winogrande,retired,1,1,,,,,,,,,,,,excluded: front shorter than six points
gpt2 | 1xA10 | bfloat16 | BBH,openai-community/gpt2,1xA10,bfloat16,BBH,headroom,1,1,,,,,,,,,,,,excluded: front shorter than six points
gpt2 | 1xA10 | bfloat16 | GPQA,openai-community/gpt2,1xA10,bfloat16,GPQA,headroom,1,1,,,,,,,,,,,,excluded: front shorter than six points
gpt2 | 1xA10 | bfloat16 | GSM8K,openai-community/gpt2,1xA10,bfloat16,GSM8K,retired,1,1,,,,,,,,,,,,excluded: front shorter than six points
gpt2 | 1xA10 | bfloat16 | HellaSwag,openai-community/gpt2,1xA10,bfloat16,HellaSwag,retired,1,1,,,,,,,,,,,,excluded: front shorter than six points
gpt2 | 1xA10 | bfloat16 | IFEval,openai-community/gpt2,1xA10,bfloat16,IFEval,headroom,1,1,,,,,,,,,,,,excluded: front shorter than six points
gpt2 | 1xA10 | bfloat16 | MATH Lvl 5,openai-community/gpt2,1xA10,bfloat16,MATH Lvl 5,headroom,1,1,,,,,,,,,,,,excluded: front shorter than six points
gpt2 | 1xA10 | bfloat16 | MMLU,openai-community/gpt2,1xA10,bfloat16,MMLU,retired,1,1,,,,,,,,,,,,excluded: front shorter than six points
gpt2 | 1xA10 | bfloat16 | MMLU-PRO,openai-community/gpt2,1xA10,bfloat16,MMLU-PRO,headroom,1,1,,,,,,,,,,,,excluded: front shorter than six points
gpt2 | 1xA10 | bfloat16 | MuSR,openai-community/gpt2,1xA10,bfloat16,MuSR,headroom,1,1,,,,,,,,,,,,excluded: front shorter than six points
gpt2 | 1xA10 | bfloat16 | Winogrande,openai-community/gpt2,1xA10,bfloat16,Winogrande,retired,1,1,,,,,,,,,,,,excluded: front shorter than six points
gpt2 | 1xA10 | float16 | BBH,openai-community/gpt2,1xA10,float16,BBH,headroom,1,1,,,,,,,,,,,,excluded: front shorter than six points
gpt2 | 1xA10 | float16 | GPQA,openai-community/gpt2,1xA10,float16,GPQA,headroom,1,1,,,,,,,,,,,,excluded: front shorter than six points
gpt2 | 1xA10 | float16 | GSM8K,openai-community/gpt2,1xA10,float16,GSM8K,retired,1,1,,,,,,,,,,,,excluded: front shorter than six points
gpt2 | 1xA10 | float16 | HellaSwag,openai-community/gpt2,1xA10,float16,HellaSwag,retired,1,1,,,,,,,,,,,,excluded: front shorter than six points
gpt2 | 1xA10 | float16 | IFEval,openai-community/gpt2,1xA10,float16,IFEval,headroom,1,1,,,,,,,,,,,,excluded: front shorter than six points
gpt2 | 1xA10 | float16 | MATH Lvl 5,openai-community/gpt2,1xA10,float16,MATH Lvl 5,headroom,1,1,,,,,,,,,,,,excluded: front shorter than six points
gpt2 | 1xA10 | float16 | MMLU,openai-community/gpt2,1xA10,float16,MMLU,retired,1,1,,,,,,,,,,,,excluded: front shorter than six points
gpt2 | 1xA10 | float16 | MMLU-PRO,openai-community/gpt2,1xA10,float16,MMLU-PRO,headroom,1,1,,,,,,,,,,,,excluded: front shorter than six points
gpt2 | 1xA10 | float16 | MuSR,openai-community/gpt2,1xA10,float16,MuSR,headroom,1,1,,,,,,,,,,,,excluded: front shorter than six points
gpt2 | 1xA10 | float16 | Winogrande,openai-community/gpt2,1xA10,float16,Winogrande,retired,1,1,,,,,,,,,,,,excluded: front shorter than six points
gpt2 | 1xA10 | float32 | BBH,openai-community/gpt2,1xA10,float32,BBH,headroom,1,1,,,,,,,,,,,,excluded: front shorter than six points
gpt2 | 1xA10 | float32 | GPQA,openai-community/gpt2,1xA10,float32,GPQA,headroom,1,1,,,,,,,,,,,,excluded: front shorter than six points
gpt2 | 1xA10 | float32 | GSM8K,openai-community/gpt2,1xA10,float32,GSM8K,retired,1,1,,,,,,,,,,,,excluded: front shorter than six points
gpt2 | 1xA10 | float32 | HellaSwag,openai-community/gpt2,1xA10,float32,HellaSwag,retired,1,1,,,,,,,,,,,,excluded: front shorter than six points
gpt2 | 1xA10 | float32 | IFEval,openai-community/gpt2,1xA10,float32,IFEval,headroom,1,1,,,,,,,,,,,,excluded: front shorter than six points
gpt2 | 1xA10 | float32 | MATH Lvl 5,openai-community/gpt2,1xA10,float32,MATH Lvl 5,headroom,1,1,,,,,,,,,,,,excluded: front shorter than six points
gpt2 | 1xA10 | float32 | MMLU,openai-community/gpt2,1xA10,float32,MMLU,retired,1,1,,,,,,,,,,,,excluded: front shorter than six points
gpt2 | 1xA10 | float32 | MMLU-PRO,openai-community/gpt2,1xA10,float32,MMLU-PRO,headroom,1,1,,,,,,,,,,,,excluded: front shorter than six points
gpt2 | 1xA10 | float32 | MuSR,openai-community/gpt2,1xA10,float32,MuSR,headroom,1,1,,,,,,,,,,,,excluded: front shorter than six points
gpt2 | 1xA10 | float32 | Winogrande,openai-community/gpt2,1xA10,float32,Winogrande,retired,1,1,,,,,,,,,,,,excluded: front shorter than six points
gpt2 | 1xA100 | float16 | BBH,openai-community/gpt2,1xA100,float16,BBH,headroom,1,1,,,,,,,,,,,,excluded: front shorter than six points
gpt2 | 1xA100 | float16 | GPQA,openai-community/gpt2,1xA100,float16,GPQA,headroom,1,1,,,,,,,,,,,,excluded: front shorter than six points
gpt2 | 1xA100 | float16 | GSM8K,openai-community/gpt2,1xA100,float16,GSM8K,retired,1,1,,,,,,,,,,,,excluded: front shorter than six points
gpt2 | 1xA100 | float16 | HellaSwag,openai-community/gpt2,1xA100,float16,HellaSwag,retired,1,1,,,,,,,,,,,,excluded: front shorter than six points
gpt2 | 1xA100 | float16 | IFEval,openai-community/gpt2,1xA100,float16,IFEval,headroom,1,1,,,,,,,,,,,,excluded: front shorter than six points
gpt2 | 1xA100 | float16 | MATH Lvl 5,openai-community/gpt2,1xA100,float16,MATH Lvl 5,headroom,1,1,,,,,,,,,,,,excluded: front shorter than six points
gpt2 | 1xA100 | float16 | MMLU,openai-community/gpt2,1xA100,float16,MMLU,retired,1,1,,,,,,,,,,,,excluded: front shorter than six points
gpt2 | 1xA100 | float16 | MMLU-PRO,openai-community/gpt2,1xA100,float16,MMLU-PRO,headroom,1,1,,,,,,,,,,,,excluded: front shorter than six points
gpt2 | 1xA100 | float16 | MuSR,openai-community/gpt2,1xA100,float16,MuSR,headroom,1,1,,,,,,,,,,,,excluded: front shorter than six points
gpt2 | 1xA100 | float16 | Winogrande,openai-community/gpt2,1xA100,float16,Winogrande,retired,1,1,,,,,,,,,,,,excluded: front shorter than six points
gpt2 | 1xT4 | bfloat16 | BBH,openai-community/gpt2,1xT4,bfloat16,BBH,headroom,1,1,,,,,,,,,,,,excluded: front shorter than six points
gpt2 | 1xT4 | bfloat16 | GPQA,openai-community/gpt2,1xT4,bfloat16,GPQA,headroom,1,1,,,,,,,,,,,,excluded: front shorter than six points
gpt2 | 1xT4 | bfloat16 | GSM8K,openai-community/gpt2,1xT4,bfloat16,GSM8K,retired,1,1,,,,,,,,,,,,excluded: front shorter than six points
gpt2 | 1xT4 | bfloat16 | HellaSwag,openai-community/gpt2,1xT4,bfloat16,HellaSwag,retired,1,1,,,,,,,,,,,,excluded: front shorter than six points
gpt2 | 1xT4 | bfloat16 | IFEval,openai-community/gpt2,1xT4,bfloat16,IFEval,headroom,1,1,,,,,,,,,,,,excluded: front shorter than six points
gpt2 | 1xT4 | bfloat16 | MATH Lvl 5,openai-community/gpt2,1xT4,bfloat16,MATH Lvl 5,headroom,1,1,,,,,,,,,,,,excluded: front shorter than six points
gpt2 | 1xT4 | bfloat16 | MMLU,openai-community/gpt2,1xT4,bfloat16,MMLU,retired,1,1,,,,,,,,,,,,excluded: front shorter than six points
gpt2 | 1xT4 | bfloat16 | MMLU-PRO,openai-community/gpt2,1xT4,bfloat16,MMLU-PRO,headroom,1,1,,,,,,,,,,,,excluded: front shorter than six points
gpt2 | 1xT4 | bfloat16 | MuSR,openai-community/gpt2,1xT4,bfloat16,MuSR,headroom,1,1,,,,,,,,,,,,excluded: front shorter than six points
gpt2 | 1xT4 | bfloat16 | Winogrande,openai-community/gpt2,1xT4,bfloat16,Winogrande,retired,1,1,,,,,,,,,,,,excluded: front shorter than six points
gpt2 | 1xT4 | float16 | BBH,openai-community/gpt2,1xT4,float16,BBH,headroom,1,1,,,,,,,,,,,,excluded: front shorter than six points
gpt2 | 1xT4 | float16 | GPQA,openai-community/gpt2,1xT4,float16,GPQA,headroom,1,1,,,,,,,,,,,,excluded: front shorter than six points
gpt2 | 1xT4 | float16 | GSM8K,openai-community/gpt2,1xT4,float16,GSM8K,retired,1,1,,,,,,,,,,,,excluded: front shorter than six points
gpt2 | 1xT4 | float16 | HellaSwag,openai-community/gpt2,1xT4,float16,HellaSwag,retired,1,1,,,,,,,,,,,,excluded: front shorter than six points
gpt2 | 1xT4 | float16 | IFEval,openai-community/gpt2,1xT4,float16,IFEval,headroom,1,1,,,,,,,,,,,,excluded: front shorter than six points
gpt2 | 1xT4 | float16 | MATH Lvl 5,openai-community/gpt2,1xT4,float16,MATH Lvl 5,headroom,1,1,,,,,,,,,,,,excluded: front shorter than six points
gpt2 | 1xT4 | float16 | MMLU,openai-community/gpt2,1xT4,float16,MMLU,retired,1,1,,,,,,,,,,,,excluded: front shorter than six points
gpt2 | 1xT4 | float16 | MMLU-PRO,openai-community/gpt2,1xT4,float16,MMLU-PRO,headroom,1,1,,,,,,,,,,,,excluded: front shorter than six points
gpt2 | 1xT4 | float16 | MuSR,openai-community/gpt2,1xT4,float16,MuSR,headroom,1,1,,,,,,,,,,,,excluded: front shorter than six points
gpt2 | 1xT4 | float16 | Winogrande,openai-community/gpt2,1xT4,float16,Winogrande,retired,1,1,,,,,,,,,,,,excluded: front shorter than six points
gpt2 | 1xT4 | float32 | BBH,openai-community/gpt2,1xT4,float32,BBH,headroom,1,1,,,,,,,,,,,,excluded: front shorter than six points
gpt2 | 1xT4 | float32 | GPQA,openai-community/gpt2,1xT4,float32,GPQA,headroom,1,1,,,,,,,,,,,,excluded: front shorter than six points
gpt2 | 1xT4 | float32 | GSM8K,openai-community/gpt2,1xT4,float32,GSM8K,retired,1,1,,,,,,,,,,,,excluded: front shorter than six points
gpt2 | 1xT4 | float32 | HellaSwag,openai-community/gpt2,1xT4,float32,HellaSwag,retired,1,1,,,,,,,,,,,,excluded: front shorter than six points
gpt2 | 1xT4 | float32 | IFEval,openai-community/gpt2,1xT4,float32,IFEval,headroom,1,1,,,,,,,,,,,,excluded: front shorter than six points
gpt2 | 1xT4 | float32 | MATH Lvl 5,openai-community/gpt2,1xT4,float32,MATH Lvl 5,headroom,1,1,,,,,,,,,,,,excluded: front shorter than six points
gpt2 | 1xT4 | float32 | MMLU,openai-community/gpt2,1xT4,float32,MMLU,retired,1,1,,,,,,,,,,,,excluded: front shorter than six points
gpt2 | 1xT4 | float32 | MMLU-PRO,openai-community/gpt2,1xT4,float32,MMLU-PRO,headroom,1,1,,,,,,,,,,,,excluded: front shorter than six points
gpt2 | 1xT4 | float32 | MuSR,openai-community/gpt2,1xT4,float32,MuSR,headroom,1,1,,,,,,,,,,,,excluded: front shorter than six points
gpt2 | 1xT4 | float32 | Winogrande,openai-community/gpt2,1xT4,float32,Winogrande,retired,1,1,,,,,,,,,,,,excluded: front shorter than six points
gpt2 | 32vCPU-C7i | bfloat16 | BBH,openai-community/gpt2,32vCPU-C7i,bfloat16,BBH,headroom,1,1,,,,,,,,,,,,excluded: front shorter than six points
gpt2 | 32vCPU-C7i | bfloat16 | GPQA,openai-community/gpt2,32vCPU-C7i,bfloat16,GPQA,headroom,1,1,,,,,,,,,,,,excluded: front shorter than six points
gpt2 | 32vCPU-C7i | bfloat16 | GSM8K,openai-community/gpt2,32vCPU-C7i,bfloat16,GSM8K,retired,1,1,,,,,,,,,,,,excluded: front shorter than six points
gpt2 | 32vCPU-C7i | bfloat16 | HellaSwag,openai-community/gpt2,32vCPU-C7i,bfloat16,HellaSwag,retired,1,1,,,,,,,,,,,,excluded: front shorter than six points
gpt2 | 32vCPU-C7i | bfloat16 | IFEval,openai-community/gpt2,32vCPU-C7i,bfloat16,IFEval,headroom,1,1,,,,,,,,,,,,excluded: front shorter than six points
gpt2 | 32vCPU-C7i | bfloat16 | MATH Lvl 5,openai-community/gpt2,32vCPU-C7i,bfloat16,MATH Lvl 5,headroom,1,1,,,,,,,,,,,,excluded: front shorter than six points
gpt2 | 32vCPU-C7i | bfloat16 | MMLU,openai-community/gpt2,32vCPU-C7i,bfloat16,MMLU,retired,1,1,,,,,,,,,,,,excluded: front shorter than six points
gpt2 | 32vCPU-C7i | bfloat16 | MMLU-PRO,openai-community/gpt2,32vCPU-C7i,bfloat16,MMLU-PRO,headroom,1,1,,,,,,,,,,,,excluded: front shorter than six points
gpt2 | 32vCPU-C7i | bfloat16 | MuSR,openai-community/gpt2,32vCPU-C7i,bfloat16,MuSR,headroom,1,1,,,,,,,,,,,,excluded: front shorter than six points
gpt2 | 32vCPU-C7i | bfloat16 | Winogrande,openai-community/gpt2,32vCPU-C7i,bfloat16,Winogrande,retired,1,1,,,,,,,,,,,,excluded: front shorter than six points
gpt2 | 32vCPU-C7i | float16 | BBH,openai-community/gpt2,32vCPU-C7i,float16,BBH,headroom,1,1,,,,,,,,,,,,excluded: front shorter than six points
gpt2 | 32vCPU-C7i | float16 | GPQA,openai-community/gpt2,32vCPU-C7i,float16,GPQA,headroom,1,1,,,,,,,,,,,,excluded: front shorter than six points
gpt2 | 32vCPU-C7i | float16 | GSM8K,openai-community/gpt2,32vCPU-C7i,float16,GSM8K,retired,1,1,,,,,,,,,,,,excluded: front shorter than six points
gpt2 | 32vCPU-C7i | float16 | HellaSwag,openai-community/gpt2,32vCPU-C7i,float16,HellaSwag,retired,1,1,,,,,,,,,,,,excluded: front shorter than six points
gpt2 | 32vCPU-C7i | float16 | IFEval,openai-community/gpt2,32vCPU-C7i,float16,IFEval,headroom,1,1,,,,,,,,,,,,excluded: front shorter than six points
gpt2 | 32vCPU-C7i | float16 | MATH Lvl 5,openai-community/gpt2,32vCPU-C7i,float16,MATH Lvl 5,headroom,1,1,,,,,,,,,,,,excluded: front shorter than six points
gpt2 | 32vCPU-C7i | float16 | MMLU,openai-community/gpt2,32vCPU-C7i,float16,MMLU,retired,1,1,,,,,,,,,,,,excluded: front shorter than six points
gpt2 | 32vCPU-C7i | float16 | MMLU-PRO,openai-community/gpt2,32vCPU-C7i,float16,MMLU-PRO,headroom,1,1,,,,,,,,,,,,excluded: front shorter than six points
gpt2 | 32vCPU-C7i | float16 | MuSR,openai-community/gpt2,32vCPU-C7i,float16,MuSR,headroom,1,1,,,,,,,,,,,,excluded: front shorter than six points
gpt2 | 32vCPU-C7i | float16 | Winogrande,openai-community/gpt2,32vCPU-C7i,float16,Winogrande,retired,1,1,,,,,,,,,,,,excluded: front shorter than six points
gpt2 | 32vCPU-C7i | float32 | BBH,openai-community/gpt2,32vCPU-C7i,float32,BBH,headroom,1,1,,,,,,,,,,,,excluded: front shorter than six points
gpt2 | 32vCPU-C7i | float32 | GPQA,openai-community/gpt2,32vCPU-C7i,float32,GPQA,headroom,1,1,,,,,,,,,,,,excluded: front shorter than six points
gpt2 | 32vCPU-C7i | float32 | GSM8K,openai-community/gpt2,32vCPU-C7i,float32,GSM8K,retired,1,1,,,,,,,,,,,,excluded: front shorter than six points
gpt2 | 32vCPU-C7i | float32 | HellaSwag,openai-community/gpt2,32vCPU-C7i,float32,HellaSwag,retired,1,1,,,,,,,,,,,,excluded: front shorter than six points
gpt2 | 32vCPU-C7i | float32 | IFEval,openai-community/gpt2,32vCPU-C7i,float32,IFEval,headroom,1,1,,,,,,,,,,,,excluded: front shorter than six points
gpt2 | 32vCPU-C7i | float32 | MATH Lvl 5,openai-community/gpt2,32vCPU-C7i,float32,MATH Lvl 5,headroom,1,1,,,,,,,,,,,,excluded: front shorter than six points
gpt2 | 32vCPU-C7i | float32 | MMLU,openai-community/gpt2,32vCPU-C7i,float32,MMLU,retired,1,1,,,,,,,,,,,,excluded: front shorter than six points
gpt2 | 32vCPU-C7i | float32 | MMLU-PRO,openai-community/gpt2,32vCPU-C7i,float32,MMLU-PRO,headroom,1,1,,,,,,,,,,,,excluded: front shorter than six points
gpt2 | 32vCPU-C7i | float32 | MuSR,openai-community/gpt2,32vCPU-C7i,float32,MuSR,headroom,1,1,,,,,,,,,,,,excluded: front shorter than six points
gpt2 | 32vCPU-C7i | float32 | Winogrande,openai-community/gpt2,32vCPU-C7i,float32,Winogrande,retired,1,1,,,,,,,,,,,,excluded: front shorter than six points
gpt2-large | 1xA10 | bfloat16 | ARC-Challenge,openai-community/gpt2-large,1xA10,bfloat16,ARC-Challenge,retired,1,1,,,,,,,,,,,,excluded: front shorter than six points
gpt2-large | 1xA10 | bfloat16 | BBH,openai-community/gpt2-large,1xA10,bfloat16,BBH,headroom,1,1,,,,,,,,,,,,excluded: front shorter than six points
gpt2-large | 1xA10 | bfloat16 | GPQA,openai-community/gpt2-large,1xA10,bfloat16,GPQA,headroom,1,1,,,,,,,,,,,,excluded: front shorter than six points
gpt2-large | 1xA10 | bfloat16 | GSM8K,openai-community/gpt2-large,1xA10,bfloat16,GSM8K,retired,1,1,,,,,,,,,,,,excluded: front shorter than six points
gpt2-large | 1xA10 | bfloat16 | HellaSwag,openai-community/gpt2-large,1xA10,bfloat16,HellaSwag,retired,1,1,,,,,,,,,,,,excluded: front shorter than six points
gpt2-large | 1xA10 | bfloat16 | IFEval,openai-community/gpt2-large,1xA10,bfloat16,IFEval,headroom,1,1,,,,,,,,,,,,excluded: front shorter than six points
gpt2-large | 1xA10 | bfloat16 | MATH Lvl 5,openai-community/gpt2-large,1xA10,bfloat16,MATH Lvl 5,headroom,1,1,,,,,,,,,,,,excluded: front shorter than six points
gpt2-large | 1xA10 | bfloat16 | MMLU,openai-community/gpt2-large,1xA10,bfloat16,MMLU,retired,1,1,,,,,,,,,,,,excluded: front shorter than six points
gpt2-large | 1xA10 | bfloat16 | MMLU-PRO,openai-community/gpt2-large,1xA10,bfloat16,MMLU-PRO,headroom,1,1,,,,,,,,,,,,excluded: front shorter than six points
gpt2-large | 1xA10 | bfloat16 | MuSR,openai-community/gpt2-large,1xA10,bfloat16,MuSR,headroom,1,1,,,,,,,,,,,,excluded: front shorter than six points
gpt2-large | 1xA10 | bfloat16 | Winogrande,openai-community/gpt2-large,1xA10,bfloat16,Winogrande,retired,1,1,,,,,,,,,,,,excluded: front shorter than six points
gpt2-large | 1xA10 | float16 | ARC-Challenge,openai-community/gpt2-large,1xA10,float16,ARC-Challenge,retired,1,1,,,,,,,,,,,,excluded: front shorter than six points
gpt2-large | 1xA10 | float16 | BBH,openai-community/gpt2-large,1xA10,float16,BBH,headroom,1,1,,,,,,,,,,,,excluded: front shorter than six points
gpt2-large | 1xA10 | float16 | GPQA,openai-community/gpt2-large,1xA10,float16,GPQA,headroom,1,1,,,,,,,,,,,,excluded: front shorter than six points
gpt2-large | 1xA10 | float16 | GSM8K,openai-community/gpt2-large,1xA10,float16,GSM8K,retired,1,1,,,,,,,,,,,,excluded: front shorter than six points
gpt2-large | 1xA10 | float16 | HellaSwag,openai-community/gpt2-large,1xA10,float16,HellaSwag,retired,1,1,,,,,,,,,,,,excluded: front shorter than six points
gpt2-large | 1xA10 | float16 | IFEval,openai-community/gpt2-large,1xA10,float16,IFEval,headroom,1,1,,,,,,,,,,,,excluded: front shorter than six points
gpt2-large | 1xA10 | float16 | MATH Lvl 5,openai-community/gpt2-large,1xA10,float16,MATH Lvl 5,headroom,1,1,,,,,,,,,,,,excluded: front shorter than six points
gpt2-large | 1xA10 | float16 | MMLU,openai-community/gpt2-large,1xA10,float16,MMLU,retired,1,1,,,,,,,,,,,,excluded: front shorter than six points
gpt2-large | 1xA10 | float16 | MMLU-PRO,openai-community/gpt2-large,1xA10,float16,MMLU-PRO,headroom,1,1,,,,,,,,,,,,excluded: front shorter than six points
gpt2-large | 1xA10 | float16 | MuSR,openai-community/gpt2-large,1xA10,float16,MuSR,headroom,1,1,,,,,,,,,,,,excluded: front shorter than six points
gpt2-large | 1xA10 | float16 | Winogrande,openai-community/gpt2-large,1xA10,float16,Winogrande,retired,1,1,,,,,,,,,,,,excluded: front shorter than six points
gpt2-large | 1xA10 | float32 | ARC-Challenge,openai-community/gpt2-large,1xA10,float32,ARC-Challenge,retired,1,1,,,,,,,,,,,,excluded: front shorter than six points
gpt2-large | 1xA10 | float32 | BBH,openai-community/gpt2-large,1xA10,float32,BBH,headroom,1,1,,,,,,,,,,,,excluded: front shorter than six points
gpt2-large | 1xA10 | float32 | GPQA,openai-community/gpt2-large,1xA10,float32,GPQA,headroom,1,1,,,,,,,,,,,,excluded: front shorter than six points
gpt2-large | 1xA10 | float32 | GSM8K,openai-community/gpt2-large,1xA10,float32,GSM8K,retired,1,1,,,,,,,,,,,,excluded: front shorter than six points
gpt2-large | 1xA10 | float32 | HellaSwag,openai-community/gpt2-large,1xA10,float32,HellaSwag,retired,1,1,,,,,,,,,,,,excluded: front shorter than six points
gpt2-large | 1xA10 | float32 | IFEval,openai-community/gpt2-large,1xA10,float32,IFEval,headroom,1,1,,,,,,,,,,,,excluded: front shorter than six points
gpt2-large | 1xA10 | float32 | MATH Lvl 5,openai-community/gpt2-large,1xA10,float32,MATH Lvl 5,headroom,1,1,,,,,,,,,,,,excluded: front shorter than six points
gpt2-large | 1xA10 | float32 | MMLU,openai-community/gpt2-large,1xA10,float32,MMLU,retired,1,1,,,,,,,,,,,,excluded: front shorter than six points
gpt2-large | 1xA10 | float32 | MMLU-PRO,openai-community/gpt2-large,1xA10,float32,MMLU-PRO,headroom,1,1,,,,,,,,,,,,excluded: front shorter than six points
gpt2-large | 1xA10 | float32 | MuSR,openai-community/gpt2-large,1xA10,float32,MuSR,headroom,1,1,,,,,,,,,,,,excluded: front shorter than six points
gpt2-large | 1xA10 | float32 | Winogrande,openai-community/gpt2-large,1xA10,float32,Winogrande,retired,1,1,,,,,,,,,,,,excluded: front shorter than six points
gpt2-large | 1xT4 | bfloat16 | ARC-Challenge,openai-community/gpt2-large,1xT4,bfloat16,ARC-Challenge,retired,1,1,,,,,,,,,,,,excluded: front shorter than six points
gpt2-large | 1xT4 | bfloat16 | BBH,openai-community/gpt2-large,1xT4,bfloat16,BBH,headroom,1,1,,,,,,,,,,,,excluded: front shorter than six points
gpt2-large | 1xT4 | bfloat16 | GPQA,openai-community/gpt2-large,1xT4,bfloat16,GPQA,headroom,1,1,,,,,,,,,,,,excluded: front shorter than six points
gpt2-large | 1xT4 | bfloat16 | GSM8K,openai-community/gpt2-large,1xT4,bfloat16,GSM8K,retired,1,1,,,,,,,,,,,,excluded: front shorter than six points
gpt2-large | 1xT4 | bfloat16 | HellaSwag,openai-community/gpt2-large,1xT4,bfloat16,HellaSwag,retired,1,1,,,,,,,,,,,,excluded: front shorter than six points
gpt2-large | 1xT4 | bfloat16 | IFEval,openai-community/gpt2-large,1xT4,bfloat16,IFEval,headroom,1,1,,,,,,,,,,,,excluded: front shorter than six points
gpt2-large | 1xT4 | bfloat16 | MATH Lvl 5,openai-community/gpt2-large,1xT4,bfloat16,MATH Lvl 5,headroom,1,1,,,,,,,,,,,,excluded: front shorter than six points
gpt2-large | 1xT4 | bfloat16 | MMLU,openai-community/gpt2-large,1xT4,bfloat16,MMLU,retired,1,1,,,,,,,,,,,,excluded: front shorter than six points
gpt2-large | 1xT4 | bfloat16 | MMLU-PRO,openai-community/gpt2-large,1xT4,bfloat16,MMLU-PRO,headroom,1,1,,,,,,,,,,,,excluded: front shorter than six points
gpt2-large | 1xT4 | bfloat16 | MuSR,openai-community/gpt2-large,1xT4,bfloat16,MuSR,headroom,1,1,,,,,,,,,,,,excluded: front shorter than six points
gpt2-large | 1xT4 | bfloat16 | Winogrande,openai-community/gpt2-large,1xT4,bfloat16,Winogrande,retired,1,1,,,,,,,,,,,,excluded: front shorter than six points
gpt2-large | 1xT4 | float16 | ARC-Challenge,openai-community/gpt2-large,1xT4,float16,ARC-Challenge,retired,1,1,,,,,,,,,,,,excluded: front shorter than six points
gpt2-large | 1xT4 | float16 | BBH,openai-community/gpt2-large,1xT4,float16,BBH,headroom,1,1,,,,,,,,,,,,excluded: front shorter than six points
gpt2-large | 1xT4 | float16 | GPQA,openai-community/gpt2-large,1xT4,float16,GPQA,headroom,1,1,,,,,,,,,,,,excluded: front shorter than six points
gpt2-large | 1xT4 | float16 | GSM8K,openai-community/gpt2-large,1xT4,float16,GSM8K,retired,1,1,,,,,,,,,,,,excluded: front shorter than six points
gpt2-large | 1xT4 | float16 | HellaSwag,openai-community/gpt2-large,1xT4,float16,HellaSwag,retired,1,1,,,,,,,,,,,,excluded: front shorter than six points
gpt2-large | 1xT4 | float16 | IFEval,openai-community/gpt2-large,1xT4,float16,IFEval,headroom,1,1,,,,,,,,,,,,excluded: front shorter than six points
gpt2-large | 1xT4 | float16 | MATH Lvl 5,openai-community/gpt2-large,1xT4,float16,MATH Lvl 5,headroom,1,1,,,,,,,,,,,,excluded: front shorter than six points
gpt2-large | 1xT4 | float16 | MMLU,openai-community/gpt2-large,1xT4,float16,MMLU,retired,1,1,,,,,,,,,,,,excluded: front shorter than six points
gpt2-large | 1xT4 | float16 | MMLU-PRO,openai-community/gpt2-large,1xT4,float16,MMLU-PRO,headroom,1,1,,,,,,,,,,,,excluded: front shorter than six points
gpt2-large | 1xT4 | float16 | MuSR,openai-community/gpt2-large,1xT4,float16,MuSR,headroom,1,1,,,,,,,,,,,,excluded: front shorter than six points
gpt2-large | 1xT4 | float16 | Winogrande,openai-community/gpt2-large,1xT4,float16,Winogrande,retired,1,1,,,,,,,,,,,,excluded: front shorter than six points
gpt2-large | 1xT4 | float32 | ARC-Challenge,openai-community/gpt2-large,1xT4,float32,ARC-Challenge,retired,1,1,,,,,,,,,,,,excluded: front shorter than six points
gpt2-large | 1xT4 | float32 | BBH,openai-community/gpt2-large,1xT4,float32,BBH,headroom,1,1,,,,,,,,,,,,excluded: front shorter than six points
gpt2-large | 1xT4 | float32 | GPQA,openai-community/gpt2-large,1xT4,float32,GPQA,headroom,1,1,,,,,,,,,,,,excluded: front shorter than six points
gpt2-large | 1xT4 | float32 | GSM8K,openai-community/gpt2-large,1xT4,float32,GSM8K,retired,1,1,,,,,,,,,,,,excluded: front shorter than six points
gpt2-large | 1xT4 | float32 | HellaSwag,openai-community/gpt2-large,1xT4,float32,HellaSwag,retired,1,1,,,,,,,,,,,,excluded: front shorter than six points
gpt2-large | 1xT4 | float32 | IFEval,openai-community/gpt2-large,1xT4,float32,IFEval,headroom,1,1,,,,,,,,,,,,excluded: front shorter than six points
gpt2-large | 1xT4 | float32 | MATH Lvl 5,openai-community/gpt2-large,1xT4,float32,MATH Lvl 5,headroom,1,1,,,,,,,,,,,,excluded: front shorter than six points
gpt2-large | 1xT4 | float32 | MMLU,openai-community/gpt2-large,1xT4,float32,MMLU,retired,1,1,,,,,,,,,,,,excluded: front shorter than six points
gpt2-large | 1xT4 | float32 | MMLU-PRO,openai-community/gpt2-large,1xT4,float32,MMLU-PRO,headroom,1,1,,,,,,,,,,,,excluded: front shorter than six points
gpt2-large | 1xT4 | float32 | MuSR,openai-community/gpt2-large,1xT4,float32,MuSR,headroom,1,1,,,,,,,,,,,,excluded: front shorter than six points
gpt2-large | 1xT4 | float32 | Winogrande,openai-community/gpt2-large,1xT4,float32,Winogrande,retired,1,1,,,,,,,,,,,,excluded: front shorter than six points
gpt2-large | 32vCPU-C7i | bfloat16 | ARC-Challenge,openai-community/gpt2-large,32vCPU-C7i,bfloat16,ARC-Challenge,retired,1,1,,,,,,,,,,,,excluded: front shorter than six points
gpt2-large | 32vCPU-C7i | bfloat16 | BBH,openai-community/gpt2-large,32vCPU-C7i,bfloat16,BBH,headroom,1,1,,,,,,,,,,,,excluded: front shorter than six points
gpt2-large | 32vCPU-C7i | bfloat16 | GPQA,openai-community/gpt2-large,32vCPU-C7i,bfloat16,GPQA,headroom,1,1,,,,,,,,,,,,excluded: front shorter than six points
gpt2-large | 32vCPU-C7i | bfloat16 | GSM8K,openai-community/gpt2-large,32vCPU-C7i,bfloat16,GSM8K,retired,1,1,,,,,,,,,,,,excluded: front shorter than six points
gpt2-large | 32vCPU-C7i | bfloat16 | HellaSwag,openai-community/gpt2-large,32vCPU-C7i,bfloat16,HellaSwag,retired,1,1,,,,,,,,,,,,excluded: front shorter than six points
gpt2-large | 32vCPU-C7i | bfloat16 | IFEval,openai-community/gpt2-large,32vCPU-C7i,bfloat16,IFEval,headroom,1,1,,,,,,,,,,,,excluded: front shorter than six points
gpt2-large | 32vCPU-C7i | bfloat16 | MATH Lvl 5,openai-community/gpt2-large,32vCPU-C7i,bfloat16,MATH Lvl 5,headroom,1,1,,,,,,,,,,,,excluded: front shorter than six points
gpt2-large | 32vCPU-C7i | bfloat16 | MMLU,openai-community/gpt2-large,32vCPU-C7i,bfloat16,MMLU,retired,1,1,,,,,,,,,,,,excluded: front shorter than six points
gpt2-large | 32vCPU-C7i | bfloat16 | MMLU-PRO,openai-community/gpt2-large,32vCPU-C7i,bfloat16,MMLU-PRO,headroom,1,1,,,,,,,,,,,,excluded: front shorter than six points
gpt2-large | 32vCPU-C7i | bfloat16 | MuSR,openai-community/gpt2-large,32vCPU-C7i,bfloat16,MuSR,headroom,1,1,,,,,,,,,,,,excluded: front shorter than six points
gpt2-large | 32vCPU-C7i | bfloat16 | Winogrande,openai-community/gpt2-large,32vCPU-C7i,bfloat16,Winogrande,retired,1,1,,,,,,,,,,,,excluded: front shorter than six points
gpt2-large | 32vCPU-C7i | float16 | ARC-Challenge,openai-community/gpt2-large,32vCPU-C7i,float16,ARC-Challenge,retired,1,1,,,,,,,,,,,,excluded: front shorter than six points
gpt2-large | 32vCPU-C7i | float16 | BBH,openai-community/gpt2-large,32vCPU-C7i,float16,BBH,headroom,1,1,,,,,,,,,,,,excluded: front shorter than six points
gpt2-large | 32vCPU-C7i | float16 | GPQA,openai-community/gpt2-large,32vCPU-C7i,float16,GPQA,headroom,1,1,,,,,,,,,,,,excluded: front shorter than six points
gpt2-large | 32vCPU-C7i | float16 | GSM8K,openai-community/gpt2-large,32vCPU-C7i,float16,GSM8K,retired,1,1,,,,,,,,,,,,excluded: front shorter than six points
gpt2-large | 32vCPU-C7i | float16 | HellaSwag,openai-community/gpt2-large,32vCPU-C7i,float16,HellaSwag,retired,1,1,,,,,,,,,,,,excluded: front shorter than six points
gpt2-large | 32vCPU-C7i | float16 | IFEval,openai-community/gpt2-large,32vCPU-C7i,float16,IFEval,headroom,1,1,,,,,,,,,,,,excluded: front shorter than six points
gpt2-large | 32vCPU-C7i | float16 | MATH Lvl 5,openai-community/gpt2-large,32vCPU-C7i,float16,MATH Lvl 5,headroom,1,1,,,,,,,,,,,,excluded: front shorter than six points
gpt2-large | 32vCPU-C7i | float16 | MMLU,openai-community/gpt2-large,32vCPU-C7i,float16,MMLU,retired,1,1,,,,,,,,,,,,excluded: front shorter than six points
gpt2-large | 32vCPU-C7i | float16 | MMLU-PRO,openai-community/gpt2-large,32vCPU-C7i,float16,MMLU-PRO,headroom,1,1,,,,,,,,,,,,excluded: front shorter than six points
gpt2-large | 32vCPU-C7i | float16 | MuSR,openai-community/gpt2-large,32vCPU-C7i,float16,MuSR,headroom,1,1,,,,,,,,,,,,excluded: front shorter than six points
gpt2-large | 32vCPU-C7i | float16 | Winogrande,openai-community/gpt2-large,32vCPU-C7i,float16,Winogrande,retired,1,1,,,,,,,,,,,,excluded: front shorter than six points
gpt2-large | 32vCPU-C7i | float32 | ARC-Challenge,openai-community/gpt2-large,32vCPU-C7i,float32,ARC-Challenge,retired,1,1,,,,,,,,,,,,excluded: front shorter than six points
gpt2-large | 32vCPU-C7i | float32 | BBH,openai-community/gpt2-large,32vCPU-C7i,float32,BBH,headroom,1,1,,,,,,,,,,,,excluded: front shorter than six points
gpt2-large | 32vCPU-C7i | float32 | GPQA,openai-community/gpt2-large,32vCPU-C7i,float32,GPQA,headroom,1,1,,,,,,,,,,,,excluded: front shorter than six points
gpt2-large | 32vCPU-C7i | float32 | GSM8K,openai-community/gpt2-large,32vCPU-C7i,float32,GSM8K,retired,1,1,,,,,,,,,,,,excluded: front shorter than six points
gpt2-large | 32vCPU-C7i | float32 | HellaSwag,openai-community/gpt2-large,32vCPU-C7i,float32,HellaSwag,retired,1,1,,,,,,,,,,,,excluded: front shorter than six points
gpt2-large | 32vCPU-C7i | float32 | IFEval,openai-community/gpt2-large,32vCPU-C7i,float32,IFEval,headroom,1,1,,,,,,,,,,,,excluded: front shorter than six points
gpt2-large | 32vCPU-C7i | float32 | MATH Lvl 5,openai-community/gpt2-large,32vCPU-C7i,float32,MATH Lvl 5,headroom,1,1,,,,,,,,,,,,excluded: front shorter than six points
gpt2-large | 32vCPU-C7i | float32 | MMLU,openai-community/gpt2-large,32vCPU-C7i,float32,MMLU,retired,1,1,,,,,,,,,,,,excluded: front shorter than six points
gpt2-large | 32vCPU-C7i | float32 | MMLU-PRO,openai-community/gpt2-large,32vCPU-C7i,float32,MMLU-PRO,headroom,1,1,,,,,,,,,,,,excluded: front shorter than six points
gpt2-large | 32vCPU-C7i | float32 | MuSR,openai-community/gpt2-large,32vCPU-C7i,float32,MuSR,headroom,1,1,,,,,,,,,,,,excluded: front shorter than six points
gpt2-large | 32vCPU-C7i | float32 | Winogrande,openai-community/gpt2-large,32vCPU-C7i,float32,Winogrande,retired,1,1,,,,,,,,,,,,excluded: front shorter than six points
llama | 1xA10 | bfloat16 | ARC-Challenge,huggyllama/llama,1xA10,bfloat16,ARC-Challenge,retired,1,1,,,,,,,,,,,,excluded: front shorter than six points
llama | 1xA10 | bfloat16 | BBH,huggyllama/llama,1xA10,bfloat16,BBH,headroom,1,1,,,,,,,,,,,,excluded: front shorter than six points
llama | 1xA10 | bfloat16 | GPQA,huggyllama/llama,1xA10,bfloat16,GPQA,headroom,1,1,,,,,,,,,,,,excluded: front shorter than six points
llama | 1xA10 | bfloat16 | GSM8K,huggyllama/llama,1xA10,bfloat16,GSM8K,retired,1,1,,,,,,,,,,,,excluded: front shorter than six points
llama | 1xA10 | bfloat16 | HellaSwag,huggyllama/llama,1xA10,bfloat16,HellaSwag,retired,1,1,,,,,,,,,,,,excluded: front shorter than six points
llama | 1xA10 | bfloat16 | IFEval,huggyllama/llama,1xA10,bfloat16,IFEval,headroom,1,1,,,,,,,,,,,,excluded: front shorter than six points
llama | 1xA10 | bfloat16 | MATH Lvl 5,huggyllama/llama,1xA10,bfloat16,MATH Lvl 5,headroom,1,1,,,,,,,,,,,,excluded: front shorter than six points
llama | 1xA10 | bfloat16 | MMLU,huggyllama/llama,1xA10,bfloat16,MMLU,retired,1,1,,,,,,,,,,,,excluded: front shorter than six points
llama | 1xA10 | bfloat16 | MMLU-PRO,huggyllama/llama,1xA10,bfloat16,MMLU-PRO,headroom,1,1,,,,,,,,,,,,excluded: front shorter than six points
llama | 1xA10 | bfloat16 | MuSR,huggyllama/llama,1xA10,bfloat16,MuSR,headroom,1,1,,,,,,,,,,,,excluded: front shorter than six points
llama | 1xA10 | bfloat16 | Winogrande,huggyllama/llama,1xA10,bfloat16,Winogrande,retired,1,1,,,,,,,,,,,,excluded: front shorter than six points
llama | 1xA10 | float16 | ARC-Challenge,huggyllama/llama,1xA10,float16,ARC-Challenge,retired,2,2,0.5848,,,,,,,,0.112,0.649,,excluded: front shorter than six points
llama | 1xA10 | float16 | BBH,huggyllama/llama,1xA10,float16,BBH,headroom,2,2,0.83854,,,,,,,,0.103,0.649,,excluded: front shorter than six points
llama | 1xA10 | float16 | GPQA,huggyllama/llama,1xA10,float16,GPQA,headroom,2,2,0.99329,,,,,,,,0.003,0.649,,excluded: front shorter than six points
llama | 1xA10 | float16 | GSM8K,huggyllama/llama,1xA10,float16,GSM8K,retired,2,1,,,,,,,,,,,,excluded: front shorter than six points
llama | 1xA10 | float16 | HellaSwag,huggyllama/llama,1xA10,float16,HellaSwag,retired,2,2,0.2544,,,,,,,,0.151,0.649,,excluded: front shorter than six points
llama | 1xA10 | float16 | IFEval,huggyllama/llama,1xA10,float16,IFEval,headroom,2,1,,,,,,,,,,,,excluded: front shorter than six points
llama | 1xA10 | float16 | MATH Lvl 5,huggyllama/llama,1xA10,float16,MATH Lvl 5,headroom,2,2,0.97961,,,,,,,,0.012,0.649,,excluded: front shorter than six points
llama | 1xA10 | float16 | MMLU,huggyllama/llama,1xA10,float16,MMLU,retired,2,2,0.69853,,,,,,,,0.205,0.649,,excluded: front shorter than six points
llama | 1xA10 | float16 | MMLU-PRO,huggyllama/llama,1xA10,float16,MMLU-PRO,headroom,2,2,0.89419,,,,,,,,0.076,0.649,,excluded: front shorter than six points
llama | 1xA10 | float16 | MuSR,huggyllama/llama,1xA10,float16,MuSR,headroom,2,2,0.97189,,,,,,,,0.011,0.649,,excluded: front shorter than six points
llama | 1xA10 | float16 | Winogrande,huggyllama/llama,1xA10,float16,Winogrande,retired,2,2,0.4752,,,,,,,,0.184,0.649,,excluded: front shorter than six points
llama | 1xT4 | bfloat16 | ARC-Challenge,huggyllama/llama,1xT4,bfloat16,ARC-Challenge,retired,1,1,,,,,,,,,,,,excluded: front shorter than six points
llama | 1xT4 | bfloat16 | BBH,huggyllama/llama,1xT4,bfloat16,BBH,headroom,1,1,,,,,,,,,,,,excluded: front shorter than six points
llama | 1xT4 | bfloat16 | GPQA,huggyllama/llama,1xT4,bfloat16,GPQA,headroom,1,1,,,,,,,,,,,,excluded: front shorter than six points
llama | 1xT4 | bfloat16 | GSM8K,huggyllama/llama,1xT4,bfloat16,GSM8K,retired,1,1,,,,,,,,,,,,excluded: front shorter than six points
llama | 1xT4 | bfloat16 | HellaSwag,huggyllama/llama,1xT4,bfloat16,HellaSwag,retired,1,1,,,,,,,,,,,,excluded: front shorter than six points
llama | 1xT4 | bfloat16 | IFEval,huggyllama/llama,1xT4,bfloat16,IFEval,headroom,1,1,,,,,,,,,,,,excluded: front shorter than six points
llama | 1xT4 | bfloat16 | MATH Lvl 5,huggyllama/llama,1xT4,bfloat16,MATH Lvl 5,headroom,1,1,,,,,,,,,,,,excluded: front shorter than six points
llama | 1xT4 | bfloat16 | MMLU,huggyllama/llama,1xT4,bfloat16,MMLU,retired,1,1,,,,,,,,,,,,excluded: front shorter than six points
llama | 1xT4 | bfloat16 | MMLU-PRO,huggyllama/llama,1xT4,bfloat16,MMLU-PRO,headroom,1,1,,,,,,,,,,,,excluded: front shorter than six points
llama | 1xT4 | bfloat16 | MuSR,huggyllama/llama,1xT4,bfloat16,MuSR,headroom,1,1,,,,,,,,,,,,excluded: front shorter than six points
llama | 1xT4 | bfloat16 | Winogrande,huggyllama/llama,1xT4,bfloat16,Winogrande,retired,1,1,,,,,,,,,,,,excluded: front shorter than six points
llama | 1xT4 | float16 | ARC-Challenge,huggyllama/llama,1xT4,float16,ARC-Challenge,retired,2,2,0.5848,,,,,,,,0.112,0.273,,excluded: front shorter than six points
llama | 1xT4 | float16 | BBH,huggyllama/llama,1xT4,float16,BBH,headroom,2,2,0.83854,,,,,,,,0.103,0.273,,excluded: front shorter than six points
llama | 1xT4 | float16 | GPQA,huggyllama/llama,1xT4,float16,GPQA,headroom,2,2,0.99329,,,,,,,,0.003,0.273,,excluded: front shorter than six points
llama | 1xT4 | float16 | GSM8K,huggyllama/llama,1xT4,float16,GSM8K,retired,2,1,,,,,,,,,,,,excluded: front shorter than six points
llama | 1xT4 | float16 | HellaSwag,huggyllama/llama,1xT4,float16,HellaSwag,retired,2,2,0.2544,,,,,,,,0.151,0.273,,excluded: front shorter than six points
llama | 1xT4 | float16 | IFEval,huggyllama/llama,1xT4,float16,IFEval,headroom,2,1,,,,,,,,,,,,excluded: front shorter than six points
llama | 1xT4 | float16 | MATH Lvl 5,huggyllama/llama,1xT4,float16,MATH Lvl 5,headroom,2,2,0.97961,,,,,,,,0.012,0.273,,excluded: front shorter than six points
llama | 1xT4 | float16 | MMLU,huggyllama/llama,1xT4,float16,MMLU,retired,2,2,0.69853,,,,,,,,0.205,0.273,,excluded: front shorter than six points
llama | 1xT4 | float16 | MMLU-PRO,huggyllama/llama,1xT4,float16,MMLU-PRO,headroom,2,2,0.89419,,,,,,,,0.076,0.273,,excluded: front shorter than six points
llama | 1xT4 | float16 | MuSR,huggyllama/llama,1xT4,float16,MuSR,headroom,2,2,0.97189,,,,,,,,0.011,0.273,,excluded: front shorter than six points
llama | 1xT4 | float16 | Winogrande,huggyllama/llama,1xT4,float16,Winogrande,retired,2,2,0.4752,,,,,,,,0.184,0.273,,excluded: front shorter than six points
llama | 32vCPU-C7i | bfloat16 | ARC-Challenge,huggyllama/llama,32vCPU-C7i,bfloat16,ARC-Challenge,retired,2,2,0.5848,,,,,,,,0.112,0.573,,excluded: front shorter than six points
llama | 32vCPU-C7i | bfloat16 | BBH,huggyllama/llama,32vCPU-C7i,bfloat16,BBH,headroom,2,2,0.83854,,,,,,,,0.103,0.573,,excluded: front shorter than six points
llama | 32vCPU-C7i | bfloat16 | GPQA,huggyllama/llama,32vCPU-C7i,bfloat16,GPQA,headroom,2,2,0.99329,,,,,,,,0.003,0.573,,excluded: front shorter than six points
llama | 32vCPU-C7i | bfloat16 | GSM8K,huggyllama/llama,32vCPU-C7i,bfloat16,GSM8K,retired,2,1,,,,,,,,,,,,excluded: front shorter than six points
llama | 32vCPU-C7i | bfloat16 | HellaSwag,huggyllama/llama,32vCPU-C7i,bfloat16,HellaSwag,retired,2,2,0.2544,,,,,,,,0.151,0.573,,excluded: front shorter than six points
llama | 32vCPU-C7i | bfloat16 | IFEval,huggyllama/llama,32vCPU-C7i,bfloat16,IFEval,headroom,2,1,,,,,,,,,,,,excluded: front shorter than six points
llama | 32vCPU-C7i | bfloat16 | MATH Lvl 5,huggyllama/llama,32vCPU-C7i,bfloat16,MATH Lvl 5,headroom,2,2,0.97961,,,,,,,,0.012,0.573,,excluded: front shorter than six points
llama | 32vCPU-C7i | bfloat16 | MMLU,huggyllama/llama,32vCPU-C7i,bfloat16,MMLU,retired,2,2,0.69853,,,,,,,,0.205,0.573,,excluded: front shorter than six points
llama | 32vCPU-C7i | bfloat16 | MMLU-PRO,huggyllama/llama,32vCPU-C7i,bfloat16,MMLU-PRO,headroom,2,2,0.89419,,,,,,,,0.076,0.573,,excluded: front shorter than six points
llama | 32vCPU-C7i | bfloat16 | MuSR,huggyllama/llama,32vCPU-C7i,bfloat16,MuSR,headroom,2,2,0.97189,,,,,,,,0.011,0.573,,excluded: front shorter than six points
llama | 32vCPU-C7i | bfloat16 | Winogrande,huggyllama/llama,32vCPU-C7i,bfloat16,Winogrande,retired,2,2,0.4752,,,,,,,,0.184,0.573,,excluded: front shorter than six points
llama | 32vCPU-C7i | float16 | ARC-Challenge,huggyllama/llama,32vCPU-C7i,float16,ARC-Challenge,retired,2,2,0.5848,,,,,,,,0.112,0.542,,excluded: front shorter than six points
llama | 32vCPU-C7i | float16 | BBH,huggyllama/llama,32vCPU-C7i,float16,BBH,headroom,2,2,0.83854,,,,,,,,0.103,0.542,,excluded: front shorter than six points
llama | 32vCPU-C7i | float16 | GPQA,huggyllama/llama,32vCPU-C7i,float16,GPQA,headroom,2,2,0.99329,,,,,,,,0.003,0.542,,excluded: front shorter than six points
llama | 32vCPU-C7i | float16 | GSM8K,huggyllama/llama,32vCPU-C7i,float16,GSM8K,retired,2,1,,,,,,,,,,,,excluded: front shorter than six points
llama | 32vCPU-C7i | float16 | HellaSwag,huggyllama/llama,32vCPU-C7i,float16,HellaSwag,retired,2,2,0.2544,,,,,,,,0.151,0.542,,excluded: front shorter than six points
llama | 32vCPU-C7i | float16 | IFEval,huggyllama/llama,32vCPU-C7i,float16,IFEval,headroom,2,1,,,,,,,,,,,,excluded: front shorter than six points
llama | 32vCPU-C7i | float16 | MATH Lvl 5,huggyllama/llama,32vCPU-C7i,float16,MATH Lvl 5,headroom,2,2,0.97961,,,,,,,,0.012,0.542,,excluded: front shorter than six points
llama | 32vCPU-C7i | float16 | MMLU,huggyllama/llama,32vCPU-C7i,float16,MMLU,retired,2,2,0.69853,,,,,,,,0.205,0.542,,excluded: front shorter than six points
llama | 32vCPU-C7i | float16 | MMLU-PRO,huggyllama/llama,32vCPU-C7i,float16,MMLU-PRO,headroom,2,2,0.89419,,,,,,,,0.076,0.542,,excluded: front shorter than six points
llama | 32vCPU-C7i | float16 | MuSR,huggyllama/llama,32vCPU-C7i,float16,MuSR,headroom,2,2,0.97189,,,,,,,,0.011,0.542,,excluded: front shorter than six points
llama | 32vCPU-C7i | float16 | Winogrande,huggyllama/llama,32vCPU-C7i,float16,Winogrande,retired,2,2,0.4752,,,,,,,,0.184,0.542,,excluded: front shorter than six points
llama | 32vCPU-C7i | float32 | ARC-Challenge,huggyllama/llama,32vCPU-C7i,float32,ARC-Challenge,retired,2,2,0.5848,,,,,,,,0.112,0.602,,excluded: front shorter than six points
llama | 32vCPU-C7i | float32 | BBH,huggyllama/llama,32vCPU-C7i,float32,BBH,headroom,2,2,0.83854,,,,,,,,0.103,0.602,,excluded: front shorter than six points
llama | 32vCPU-C7i | float32 | GPQA,huggyllama/llama,32vCPU-C7i,float32,GPQA,headroom,2,2,0.99329,,,,,,,,0.003,0.602,,excluded: front shorter than six points
llama | 32vCPU-C7i | float32 | GSM8K,huggyllama/llama,32vCPU-C7i,float32,GSM8K,retired,2,1,,,,,,,,,,,,excluded: front shorter than six points
llama | 32vCPU-C7i | float32 | HellaSwag,huggyllama/llama,32vCPU-C7i,float32,HellaSwag,retired,2,2,0.2544,,,,,,,,0.151,0.602,,excluded: front shorter than six points
llama | 32vCPU-C7i | float32 | IFEval,huggyllama/llama,32vCPU-C7i,float32,IFEval,headroom,2,1,,,,,,,,,,,,excluded: front shorter than six points
llama | 32vCPU-C7i | float32 | MATH Lvl 5,huggyllama/llama,32vCPU-C7i,float32,MATH Lvl 5,headroom,2,2,0.97961,,,,,,,,0.012,0.602,,excluded: front shorter than six points
llama | 32vCPU-C7i | float32 | MMLU,huggyllama/llama,32vCPU-C7i,float32,MMLU,retired,2,2,0.69853,,,,,,,,0.205,0.602,,excluded: front shorter than six points
llama | 32vCPU-C7i | float32 | MMLU-PRO,huggyllama/llama,32vCPU-C7i,float32,MMLU-PRO,headroom,2,2,0.89419,,,,,,,,0.076,0.602,,excluded: front shorter than six points
llama | 32vCPU-C7i | float32 | MuSR,huggyllama/llama,32vCPU-C7i,float32,MuSR,headroom,2,2,0.97189,,,,,,,,0.011,0.602,,excluded: front shorter than six points
llama | 32vCPU-C7i | float32 | Winogrande,huggyllama/llama,32vCPU-C7i,float32,Winogrande,retired,2,2,0.4752,,,,,,,,0.184,0.602,,excluded: front shorter than six points
llama-2 | 1xA10 | bfloat16 | ARC-Challenge,meta-llama/llama-2,1xA10,bfloat16,ARC-Challenge,retired,1,1,,,,,,,,,,,,excluded: front shorter than six points
llama-2 | 1xA10 | bfloat16 | BBH,meta-llama/llama-2,1xA10,bfloat16,BBH,headroom,1,1,,,,,,,,,,,,excluded: front shorter than six points
llama-2 | 1xA10 | bfloat16 | GPQA,meta-llama/llama-2,1xA10,bfloat16,GPQA,headroom,1,1,,,,,,,,,,,,excluded: front shorter than six points
llama-2 | 1xA10 | bfloat16 | GSM8K,meta-llama/llama-2,1xA10,bfloat16,GSM8K,retired,1,1,,,,,,,,,,,,excluded: front shorter than six points
llama-2 | 1xA10 | bfloat16 | HellaSwag,meta-llama/llama-2,1xA10,bfloat16,HellaSwag,retired,1,1,,,,,,,,,,,,excluded: front shorter than six points
llama-2 | 1xA10 | bfloat16 | IFEval,meta-llama/llama-2,1xA10,bfloat16,IFEval,headroom,1,1,,,,,,,,,,,,excluded: front shorter than six points
llama-2 | 1xA10 | bfloat16 | MATH Lvl 5,meta-llama/llama-2,1xA10,bfloat16,MATH Lvl 5,headroom,1,1,,,,,,,,,,,,excluded: front shorter than six points
llama-2 | 1xA10 | bfloat16 | MMLU,meta-llama/llama-2,1xA10,bfloat16,MMLU,retired,1,1,,,,,,,,,,,,excluded: front shorter than six points
llama-2 | 1xA10 | bfloat16 | MMLU-PRO,meta-llama/llama-2,1xA10,bfloat16,MMLU-PRO,headroom,1,1,,,,,,,,,,,,excluded: front shorter than six points
llama-2 | 1xA10 | bfloat16 | MuSR,meta-llama/llama-2,1xA10,bfloat16,MuSR,headroom,1,1,,,,,,,,,,,,excluded: front shorter than six points
llama-2 | 1xA10 | bfloat16 | Winogrande,meta-llama/llama-2,1xA10,bfloat16,Winogrande,retired,1,1,,,,,,,,,,,,excluded: front shorter than six points
llama-2 | 1xA10 | float16 | ARC-Challenge,meta-llama/llama-2,1xA10,float16,ARC-Challenge,retired,2,2,0.54147,,,,,,,,0.145,0.651,,excluded: front shorter than six points
llama-2 | 1xA10 | float16 | BBH,meta-llama/llama-2,1xA10,float16,BBH,headroom,2,2,0.82777,,,,,,,,0.08,0.651,,excluded: front shorter than six points
llama-2 | 1xA10 | float16 | GPQA,meta-llama/llama-2,1xA10,float16,GPQA,headroom,2,2,0.95861,,,,,,,,0.02,0.651,,excluded: front shorter than six points
llama-2 | 1xA10 | float16 | GSM8K,meta-llama/llama-2,1xA10,float16,GSM8K,retired,2,2,0.7718,,,,,,,,0.154,0.651,,excluded: front shorter than six points
llama-2 | 1xA10 | float16 | HellaSwag,meta-llama/llama-2,1xA10,float16,HellaSwag,retired,2,2,0.23827,,,,,,,,0.2,0.651,,excluded: front shorter than six points
llama-2 | 1xA10 | float16 | IFEval,meta-llama/llama-2,1xA10,float16,IFEval,headroom,2,1,,,,,,,,,,,,excluded: front shorter than six points
llama-2 | 1xA10 | float16 | MATH Lvl 5,meta-llama/llama-2,1xA10,float16,MATH Lvl 5,headroom,2,1,,,,,,,,,,,,excluded: front shorter than six points
llama-2 | 1xA10 | float16 | MMLU,meta-llama/llama-2,1xA10,float16,MMLU,retired,2,2,0.58973,,,,,,,,0.212,0.651,,excluded: front shorter than six points
llama-2 | 1xA10 | float16 | MMLU-PRO,meta-llama/llama-2,1xA10,float16,MMLU-PRO,headroom,2,2,0.84691,,,,,,,,0.066,0.651,,excluded: front shorter than six points
llama-2 | 1xA10 | float16 | MuSR,meta-llama/llama-2,1xA10,float16,MuSR,headroom,2,1,,,,,,,,,,,,excluded: front shorter than six points
llama-2 | 1xA10 | float16 | Winogrande,meta-llama/llama-2,1xA10,float16,Winogrande,retired,2,2,0.4672,,,,,,,,0.095,0.651,,excluded: front shorter than six points
llama-2 | 1xT4 | bfloat16 | ARC-Challenge,meta-llama/llama-2,1xT4,bfloat16,ARC-Challenge,retired,1,1,,,,,,,,,,,,excluded: front shorter than six points
llama-2 | 1xT4 | bfloat16 | BBH,meta-llama/llama-2,1xT4,bfloat16,BBH,headroom,1,1,,,,,,,,,,,,excluded: front shorter than six points
llama-2 | 1xT4 | bfloat16 | GPQA,meta-llama/llama-2,1xT4,bfloat16,GPQA,headroom,1,1,,,,,,,,,,,,excluded: front shorter than six points
llama-2 | 1xT4 | bfloat16 | GSM8K,meta-llama/llama-2,1xT4,bfloat16,GSM8K,retired,1,1,,,,,,,,,,,,excluded: front shorter than six points
llama-2 | 1xT4 | bfloat16 | HellaSwag,meta-llama/llama-2,1xT4,bfloat16,HellaSwag,retired,1,1,,,,,,,,,,,,excluded: front shorter than six points
llama-2 | 1xT4 | bfloat16 | IFEval,meta-llama/llama-2,1xT4,bfloat16,IFEval,headroom,1,1,,,,,,,,,,,,excluded: front shorter than six points
llama-2 | 1xT4 | bfloat16 | MATH Lvl 5,meta-llama/llama-2,1xT4,bfloat16,MATH Lvl 5,headroom,1,1,,,,,,,,,,,,excluded: front shorter than six points
llama-2 | 1xT4 | bfloat16 | MMLU,meta-llama/llama-2,1xT4,bfloat16,MMLU,retired,1,1,,,,,,,,,,,,excluded: front shorter than six points
llama-2 | 1xT4 | bfloat16 | MMLU-PRO,meta-llama/llama-2,1xT4,bfloat16,MMLU-PRO,headroom,1,1,,,,,,,,,,,,excluded: front shorter than six points
llama-2 | 1xT4 | bfloat16 | MuSR,meta-llama/llama-2,1xT4,bfloat16,MuSR,headroom,1,1,,,,,,,,,,,,excluded: front shorter than six points
llama-2 | 1xT4 | bfloat16 | Winogrande,meta-llama/llama-2,1xT4,bfloat16,Winogrande,retired,1,1,,,,,,,,,,,,excluded: front shorter than six points
llama-2 | 1xT4 | float16 | ARC-Challenge,meta-llama/llama-2,1xT4,float16,ARC-Challenge,retired,2,2,0.54147,,,,,,,,0.145,0.303,,excluded: front shorter than six points
llama-2 | 1xT4 | float16 | BBH,meta-llama/llama-2,1xT4,float16,BBH,headroom,2,2,0.82777,,,,,,,,0.08,0.303,,excluded: front shorter than six points
llama-2 | 1xT4 | float16 | GPQA,meta-llama/llama-2,1xT4,float16,GPQA,headroom,2,2,0.95861,,,,,,,,0.02,0.303,,excluded: front shorter than six points
llama-2 | 1xT4 | float16 | GSM8K,meta-llama/llama-2,1xT4,float16,GSM8K,retired,2,2,0.7718,,,,,,,,0.154,0.303,,excluded: front shorter than six points
llama-2 | 1xT4 | float16 | HellaSwag,meta-llama/llama-2,1xT4,float16,HellaSwag,retired,2,2,0.23827,,,,,,,,0.2,0.303,,excluded: front shorter than six points
llama-2 | 1xT4 | float16 | IFEval,meta-llama/llama-2,1xT4,float16,IFEval,headroom,2,1,,,,,,,,,,,,excluded: front shorter than six points
llama-2 | 1xT4 | float16 | MATH Lvl 5,meta-llama/llama-2,1xT4,float16,MATH Lvl 5,headroom,2,1,,,,,,,,,,,,excluded: front shorter than six points
llama-2 | 1xT4 | float16 | MMLU,meta-llama/llama-2,1xT4,float16,MMLU,retired,2,2,0.58973,,,,,,,,0.212,0.303,,excluded: front shorter than six points
llama-2 | 1xT4 | float16 | MMLU-PRO,meta-llama/llama-2,1xT4,float16,MMLU-PRO,headroom,2,2,0.84691,,,,,,,,0.066,0.303,,excluded: front shorter than six points
llama-2 | 1xT4 | float16 | MuSR,meta-llama/llama-2,1xT4,float16,MuSR,headroom,2,1,,,,,,,,,,,,excluded: front shorter than six points
llama-2 | 1xT4 | float16 | Winogrande,meta-llama/llama-2,1xT4,float16,Winogrande,retired,2,2,0.4672,,,,,,,,0.095,0.303,,excluded: front shorter than six points
llama-2 | 32vCPU-C7i | bfloat16 | ARC-Challenge,meta-llama/llama-2,32vCPU-C7i,bfloat16,ARC-Challenge,retired,2,2,0.54147,,,,,,,,0.145,0.569,,excluded: front shorter than six points
llama-2 | 32vCPU-C7i | bfloat16 | BBH,meta-llama/llama-2,32vCPU-C7i,bfloat16,BBH,headroom,2,2,0.82777,,,,,,,,0.08,0.569,,excluded: front shorter than six points
llama-2 | 32vCPU-C7i | bfloat16 | GPQA,meta-llama/llama-2,32vCPU-C7i,bfloat16,GPQA,headroom,2,2,0.95861,,,,,,,,0.02,0.569,,excluded: front shorter than six points
llama-2 | 32vCPU-C7i | bfloat16 | GSM8K,meta-llama/llama-2,32vCPU-C7i,bfloat16,GSM8K,retired,2,2,0.7718,,,,,,,,0.154,0.569,,excluded: front shorter than six points
llama-2 | 32vCPU-C7i | bfloat16 | HellaSwag,meta-llama/llama-2,32vCPU-C7i,bfloat16,HellaSwag,retired,2,2,0.23827,,,,,,,,0.2,0.569,,excluded: front shorter than six points
llama-2 | 32vCPU-C7i | bfloat16 | IFEval,meta-llama/llama-2,32vCPU-C7i,bfloat16,IFEval,headroom,2,1,,,,,,,,,,,,excluded: front shorter than six points
llama-2 | 32vCPU-C7i | bfloat16 | MATH Lvl 5,meta-llama/llama-2,32vCPU-C7i,bfloat16,MATH Lvl 5,headroom,2,1,,,,,,,,,,,,excluded: front shorter than six points
llama-2 | 32vCPU-C7i | bfloat16 | MMLU,meta-llama/llama-2,32vCPU-C7i,bfloat16,MMLU,retired,2,2,0.58973,,,,,,,,0.212,0.569,,excluded: front shorter than six points
llama-2 | 32vCPU-C7i | bfloat16 | MMLU-PRO,meta-llama/llama-2,32vCPU-C7i,bfloat16,MMLU-PRO,headroom,2,2,0.84691,,,,,,,,0.066,0.569,,excluded: front shorter than six points
llama-2 | 32vCPU-C7i | bfloat16 | MuSR,meta-llama/llama-2,32vCPU-C7i,bfloat16,MuSR,headroom,2,1,,,,,,,,,,,,excluded: front shorter than six points
llama-2 | 32vCPU-C7i | bfloat16 | Winogrande,meta-llama/llama-2,32vCPU-C7i,bfloat16,Winogrande,retired,2,2,0.4672,,,,,,,,0.095,0.569,,excluded: front shorter than six points
llama-2 | 32vCPU-C7i | float16 | ARC-Challenge,meta-llama/llama-2,32vCPU-C7i,float16,ARC-Challenge,retired,2,2,0.54147,,,,,,,,0.145,0.551,,excluded: front shorter than six points
llama-2 | 32vCPU-C7i | float16 | BBH,meta-llama/llama-2,32vCPU-C7i,float16,BBH,headroom,2,2,0.82777,,,,,,,,0.08,0.551,,excluded: front shorter than six points
llama-2 | 32vCPU-C7i | float16 | GPQA,meta-llama/llama-2,32vCPU-C7i,float16,GPQA,headroom,2,2,0.95861,,,,,,,,0.02,0.551,,excluded: front shorter than six points
llama-2 | 32vCPU-C7i | float16 | GSM8K,meta-llama/llama-2,32vCPU-C7i,float16,GSM8K,retired,2,2,0.7718,,,,,,,,0.154,0.551,,excluded: front shorter than six points
llama-2 | 32vCPU-C7i | float16 | HellaSwag,meta-llama/llama-2,32vCPU-C7i,float16,HellaSwag,retired,2,2,0.23827,,,,,,,,0.2,0.551,,excluded: front shorter than six points
llama-2 | 32vCPU-C7i | float16 | IFEval,meta-llama/llama-2,32vCPU-C7i,float16,IFEval,headroom,2,1,,,,,,,,,,,,excluded: front shorter than six points
llama-2 | 32vCPU-C7i | float16 | MATH Lvl 5,meta-llama/llama-2,32vCPU-C7i,float16,MATH Lvl 5,headroom,2,1,,,,,,,,,,,,excluded: front shorter than six points
llama-2 | 32vCPU-C7i | float16 | MMLU,meta-llama/llama-2,32vCPU-C7i,float16,MMLU,retired,2,2,0.58973,,,,,,,,0.212,0.551,,excluded: front shorter than six points
llama-2 | 32vCPU-C7i | float16 | MMLU-PRO,meta-llama/llama-2,32vCPU-C7i,float16,MMLU-PRO,headroom,2,2,0.84691,,,,,,,,0.066,0.551,,excluded: front shorter than six points
llama-2 | 32vCPU-C7i | float16 | MuSR,meta-llama/llama-2,32vCPU-C7i,float16,MuSR,headroom,2,1,,,,,,,,,,,,excluded: front shorter than six points
llama-2 | 32vCPU-C7i | float16 | Winogrande,meta-llama/llama-2,32vCPU-C7i,float16,Winogrande,retired,2,2,0.4672,,,,,,,,0.095,0.551,,excluded: front shorter than six points
llama-2 | 32vCPU-C7i | float32 | ARC-Challenge,meta-llama/llama-2,32vCPU-C7i,float32,ARC-Challenge,retired,2,2,0.54147,,,,,,,,0.145,0.61,,excluded: front shorter than six points
llama-2 | 32vCPU-C7i | float32 | BBH,meta-llama/llama-2,32vCPU-C7i,float32,BBH,headroom,2,2,0.82777,,,,,,,,0.08,0.61,,excluded: front shorter than six points
llama-2 | 32vCPU-C7i | float32 | GPQA,meta-llama/llama-2,32vCPU-C7i,float32,GPQA,headroom,2,2,0.95861,,,,,,,,0.02,0.61,,excluded: front shorter than six points
llama-2 | 32vCPU-C7i | float32 | GSM8K,meta-llama/llama-2,32vCPU-C7i,float32,GSM8K,retired,2,2,0.7718,,,,,,,,0.154,0.61,,excluded: front shorter than six points
llama-2 | 32vCPU-C7i | float32 | HellaSwag,meta-llama/llama-2,32vCPU-C7i,float32,HellaSwag,retired,2,2,0.23827,,,,,,,,0.2,0.61,,excluded: front shorter than six points
llama-2 | 32vCPU-C7i | float32 | IFEval,meta-llama/llama-2,32vCPU-C7i,float32,IFEval,headroom,2,1,,,,,,,,,,,,excluded: front shorter than six points
llama-2 | 32vCPU-C7i | float32 | MATH Lvl 5,meta-llama/llama-2,32vCPU-C7i,float32,MATH Lvl 5,headroom,2,1,,,,,,,,,,,,excluded: front shorter than six points
llama-2 | 32vCPU-C7i | float32 | MMLU,meta-llama/llama-2,32vCPU-C7i,float32,MMLU,retired,2,2,0.58973,,,,,,,,0.212,0.61,,excluded: front shorter than six points
llama-2 | 32vCPU-C7i | float32 | MMLU-PRO,meta-llama/llama-2,32vCPU-C7i,float32,MMLU-PRO,headroom,2,2,0.84691,,,,,,,,0.066,0.61,,excluded: front shorter than six points
llama-2 | 32vCPU-C7i | float32 | MuSR,meta-llama/llama-2,32vCPU-C7i,float32,MuSR,headroom,2,1,,,,,,,,,,,,excluded: front shorter than six points
llama-2 | 32vCPU-C7i | float32 | Winogrande,meta-llama/llama-2,32vCPU-C7i,float32,Winogrande,retired,2,2,0.4672,,,,,,,,0.095,0.61,,excluded: front shorter than six points
meta-llama-3 | 1xA10 | bfloat16 | ARC-Challenge,meta-llama/meta-llama-3,1xA10,bfloat16,ARC-Challenge,retired,2,2,0.52333,,,,,,,,0.026,0.004,,excluded: front shorter than six points
meta-llama-3 | 1xA10 | bfloat16 | BBH,meta-llama/meta-llama-3,1xA10,bfloat16,BBH,headroom,2,2,0.7248,,,,,,,,0.041,0.004,,excluded: front shorter than six points
meta-llama-3 | 1xA10 | bfloat16 | GPQA,meta-llama/meta-llama-3,1xA10,bfloat16,GPQA,headroom,2,1,,,,,,,,,,,,excluded: front shorter than six points
meta-llama-3 | 1xA10 | bfloat16 | GSM8K,meta-llama/meta-llama-3,1xA10,bfloat16,GSM8K,retired,2,2,0.3131,,,,,,,,0.559,0.004,,excluded: front shorter than six points
meta-llama-3 | 1xA10 | bfloat16 | HellaSwag,meta-llama/meta-llama-3,1xA10,bfloat16,HellaSwag,retired,2,1,,,,,,,,,,,,excluded: front shorter than six points
meta-llama-3 | 1xA10 | bfloat16 | IFEval,meta-llama/meta-llama-3,1xA10,bfloat16,IFEval,headroom,2,2,0.39046,,,,,,,,0.783,0.004,,excluded: front shorter than six points
meta-llama-3 | 1xA10 | bfloat16 | MATH Lvl 5,meta-llama/meta-llama-3,1xA10,bfloat16,MATH Lvl 5,headroom,2,2,0.91088,,,,,,,,0.047,0.004,,excluded: front shorter than six points
meta-llama-3 | 1xA10 | bfloat16 | MMLU,meta-llama/meta-llama-3,1xA10,bfloat16,MMLU,retired,2,2,0.43907,,,,,,,,0.014,0.004,,excluded: front shorter than six points
meta-llama-3 | 1xA10 | bfloat16 | MMLU-PRO,meta-llama/meta-llama-3,1xA10,bfloat16,MMLU-PRO,headroom,2,2,0.70802,,,,,,,,0.064,0.004,,excluded: front shorter than six points
meta-llama-3 | 1xA10 | bfloat16 | MuSR,meta-llama/meta-llama-3,1xA10,bfloat16,MuSR,headroom,2,1,,,,,,,,,,,,excluded: front shorter than six points
meta-llama-3 | 1xA10 | bfloat16 | Winogrande,meta-llama/meta-llama-3,1xA10,bfloat16,Winogrande,retired,2,1,,,,,,,,,,,,excluded: front shorter than six points
meta-llama-3 | 1xA10 | float16 | ARC-Challenge,meta-llama/meta-llama-3,1xA10,float16,ARC-Challenge,retired,2,1,,,,,,,,,,,,excluded: front shorter than six points
meta-llama-3 | 1xA10 | float16 | BBH,meta-llama/meta-llama-3,1xA10,float16,BBH,headroom,2,1,,,,,,,,,,,,excluded: front shorter than six points
meta-llama-3 | 1xA10 | float16 | GPQA,meta-llama/meta-llama-3,1xA10,float16,GPQA,headroom,2,2,0.92617,,,,,,,,0.041,1.597,,excluded: front shorter than six points
meta-llama-3 | 1xA10 | float16 | GSM8K,meta-llama/meta-llama-3,1xA10,float16,GSM8K,retired,2,1,,,,,,,,,,,,excluded: front shorter than six points
meta-llama-3 | 1xA10 | float16 | HellaSwag,meta-llama/meta-llama-3,1xA10,float16,HellaSwag,retired,2,2,0.23833,,,,,,,,0.182,1.597,,excluded: front shorter than six points
meta-llama-3 | 1xA10 | float16 | IFEval,meta-llama/meta-llama-3,1xA10,float16,IFEval,headroom,2,1,,,,,,,,,,,,excluded: front shorter than six points
meta-llama-3 | 1xA10 | float16 | MATH Lvl 5,meta-llama/meta-llama-3,1xA10,float16,MATH Lvl 5,headroom,2,1,,,,,,,,,,,,excluded: front shorter than six points
meta-llama-3 | 1xA10 | float16 | MMLU,meta-llama/meta-llama-3,1xA10,float16,MMLU,retired,2,1,,,,,,,,,,,,excluded: front shorter than six points
meta-llama-3 | 1xA10 | float16 | MMLU-PRO,meta-llama/meta-llama-3,1xA10,float16,MMLU-PRO,headroom,2,1,,,,,,,,,,,,excluded: front shorter than six points
meta-llama-3 | 1xA10 | float16 | MuSR,meta-llama/meta-llama-3,1xA10,float16,MuSR,headroom,2,2,0.93758,,,,,,,,0.029,1.597,,excluded: front shorter than six points
meta-llama-3 | 1xA10 | float16 | Winogrande,meta-llama/meta-llama-3,1xA10,float16,Winogrande,retired,2,2,0.4444,,,,,,,,0.137,1.597,,excluded: front shorter than six points
meta-llama-3 | 1xT4 | float16 | ARC-Challenge,meta-llama/meta-llama-3,1xT4,float16,ARC-Challenge,retired,2,1,,,,,,,,,,,,excluded: front shorter than six points
meta-llama-3 | 1xT4 | float16 | BBH,meta-llama/meta-llama-3,1xT4,float16,BBH,headroom,2,1,,,,,,,,,,,,excluded: front shorter than six points
meta-llama-3 | 1xT4 | float16 | GPQA,meta-llama/meta-llama-3,1xT4,float16,GPQA,headroom,2,2,0.92617,,,,,,,,0.041,0.009,,excluded: front shorter than six points
meta-llama-3 | 1xT4 | float16 | GSM8K,meta-llama/meta-llama-3,1xT4,float16,GSM8K,retired,2,1,,,,,,,,,,,,excluded: front shorter than six points
meta-llama-3 | 1xT4 | float16 | HellaSwag,meta-llama/meta-llama-3,1xT4,float16,HellaSwag,retired,2,2,0.23833,,,,,,,,0.182,0.009,,excluded: front shorter than six points
meta-llama-3 | 1xT4 | float16 | IFEval,meta-llama/meta-llama-3,1xT4,float16,IFEval,headroom,2,1,,,,,,,,,,,,excluded: front shorter than six points
meta-llama-3 | 1xT4 | float16 | MATH Lvl 5,meta-llama/meta-llama-3,1xT4,float16,MATH Lvl 5,headroom,2,1,,,,,,,,,,,,excluded: front shorter than six points
meta-llama-3 | 1xT4 | float16 | MMLU,meta-llama/meta-llama-3,1xT4,float16,MMLU,retired,2,1,,,,,,,,,,,,excluded: front shorter than six points
meta-llama-3 | 1xT4 | float16 | MMLU-PRO,meta-llama/meta-llama-3,1xT4,float16,MMLU-PRO,headroom,2,1,,,,,,,,,,,,excluded: front shorter than six points
meta-llama-3 | 1xT4 | float16 | MuSR,meta-llama/meta-llama-3,1xT4,float16,MuSR,headroom,2,2,0.93758,,,,,,,,0.029,0.009,,excluded: front shorter than six points
meta-llama-3 | 1xT4 | float16 | Winogrande,meta-llama/meta-llama-3,1xT4,float16,Winogrande,retired,2,2,0.4444,,,,,,,,0.137,0.009,,excluded: front shorter than six points
meta-llama-3 | 32vCPU-C7i | bfloat16 | ARC-Challenge,meta-llama/meta-llama-3,32vCPU-C7i,bfloat16,ARC-Challenge,retired,2,1,,,,,,,,,,,,excluded: front shorter than six points
meta-llama-3 | 32vCPU-C7i | bfloat16 | BBH,meta-llama/meta-llama-3,32vCPU-C7i,bfloat16,BBH,headroom,2,1,,,,,,,,,,,,excluded: front shorter than six points
meta-llama-3 | 32vCPU-C7i | bfloat16 | GPQA,meta-llama/meta-llama-3,32vCPU-C7i,bfloat16,GPQA,headroom,2,2,0.92617,,,,,,,,0.041,0.112,,excluded: front shorter than six points
meta-llama-3 | 32vCPU-C7i | bfloat16 | GSM8K,meta-llama/meta-llama-3,32vCPU-C7i,bfloat16,GSM8K,retired,2,1,,,,,,,,,,,,excluded: front shorter than six points
meta-llama-3 | 32vCPU-C7i | bfloat16 | HellaSwag,meta-llama/meta-llama-3,32vCPU-C7i,bfloat16,HellaSwag,retired,2,2,0.23833,,,,,,,,0.182,0.112,,excluded: front shorter than six points
meta-llama-3 | 32vCPU-C7i | bfloat16 | IFEval,meta-llama/meta-llama-3,32vCPU-C7i,bfloat16,IFEval,headroom,2,1,,,,,,,,,,,,excluded: front shorter than six points
meta-llama-3 | 32vCPU-C7i | bfloat16 | MATH Lvl 5,meta-llama/meta-llama-3,32vCPU-C7i,bfloat16,MATH Lvl 5,headroom,2,1,,,,,,,,,,,,excluded: front shorter than six points
meta-llama-3 | 32vCPU-C7i | bfloat16 | MMLU,meta-llama/meta-llama-3,32vCPU-C7i,bfloat16,MMLU,retired,2,1,,,,,,,,,,,,excluded: front shorter than six points
meta-llama-3 | 32vCPU-C7i | bfloat16 | MMLU-PRO,meta-llama/meta-llama-3,32vCPU-C7i,bfloat16,MMLU-PRO,headroom,2,1,,,,,,,,,,,,excluded: front shorter than six points
meta-llama-3 | 32vCPU-C7i | bfloat16 | MuSR,meta-llama/meta-llama-3,32vCPU-C7i,bfloat16,MuSR,headroom,2,2,0.93758,,,,,,,,0.029,0.112,,excluded: front shorter than six points
meta-llama-3 | 32vCPU-C7i | bfloat16 | Winogrande,meta-llama/meta-llama-3,32vCPU-C7i,bfloat16,Winogrande,retired,2,2,0.4444,,,,,,,,0.137,0.112,,excluded: front shorter than six points
meta-llama-3 | 32vCPU-C7i | float16 | ARC-Challenge,meta-llama/meta-llama-3,32vCPU-C7i,float16,ARC-Challenge,retired,2,1,,,,,,,,,,,,excluded: front shorter than six points
meta-llama-3 | 32vCPU-C7i | float16 | BBH,meta-llama/meta-llama-3,32vCPU-C7i,float16,BBH,headroom,2,1,,,,,,,,,,,,excluded: front shorter than six points
meta-llama-3 | 32vCPU-C7i | float16 | GPQA,meta-llama/meta-llama-3,32vCPU-C7i,float16,GPQA,headroom,2,2,0.92617,,,,,,,,0.041,0.113,,excluded: front shorter than six points
meta-llama-3 | 32vCPU-C7i | float16 | GSM8K,meta-llama/meta-llama-3,32vCPU-C7i,float16,GSM8K,retired,2,1,,,,,,,,,,,,excluded: front shorter than six points
meta-llama-3 | 32vCPU-C7i | float16 | HellaSwag,meta-llama/meta-llama-3,32vCPU-C7i,float16,HellaSwag,retired,2,2,0.23833,,,,,,,,0.182,0.113,,excluded: front shorter than six points
meta-llama-3 | 32vCPU-C7i | float16 | IFEval,meta-llama/meta-llama-3,32vCPU-C7i,float16,IFEval,headroom,2,1,,,,,,,,,,,,excluded: front shorter than six points
meta-llama-3 | 32vCPU-C7i | float16 | MATH Lvl 5,meta-llama/meta-llama-3,32vCPU-C7i,float16,MATH Lvl 5,headroom,2,1,,,,,,,,,,,,excluded: front shorter than six points
meta-llama-3 | 32vCPU-C7i | float16 | MMLU,meta-llama/meta-llama-3,32vCPU-C7i,float16,MMLU,retired,2,1,,,,,,,,,,,,excluded: front shorter than six points
meta-llama-3 | 32vCPU-C7i | float16 | MMLU-PRO,meta-llama/meta-llama-3,32vCPU-C7i,float16,MMLU-PRO,headroom,2,1,,,,,,,,,,,,excluded: front shorter than six points
meta-llama-3 | 32vCPU-C7i | float16 | MuSR,meta-llama/meta-llama-3,32vCPU-C7i,float16,MuSR,headroom,2,2,0.93758,,,,,,,,0.029,0.113,,excluded: front shorter than six points
meta-llama-3 | 32vCPU-C7i | float16 | Winogrande,meta-llama/meta-llama-3,32vCPU-C7i,float16,Winogrande,retired,2,2,0.4444,,,,,,,,0.137,0.113,,excluded: front shorter than six points
meta-llama-3 | 32vCPU-C7i | float32 | ARC-Challenge,meta-llama/meta-llama-3,32vCPU-C7i,float32,ARC-Challenge,retired,2,1,,,,,,,,,,,,excluded: front shorter than six points
meta-llama-3 | 32vCPU-C7i | float32 | BBH,meta-llama/meta-llama-3,32vCPU-C7i,float32,BBH,headroom,2,1,,,,,,,,,,,,excluded: front shorter than six points
meta-llama-3 | 32vCPU-C7i | float32 | GPQA,meta-llama/meta-llama-3,32vCPU-C7i,float32,GPQA,headroom,2,2,0.92617,,,,,,,,0.041,0.153,,excluded: front shorter than six points
meta-llama-3 | 32vCPU-C7i | float32 | GSM8K,meta-llama/meta-llama-3,32vCPU-C7i,float32,GSM8K,retired,2,1,,,,,,,,,,,,excluded: front shorter than six points
meta-llama-3 | 32vCPU-C7i | float32 | HellaSwag,meta-llama/meta-llama-3,32vCPU-C7i,float32,HellaSwag,retired,2,2,0.23833,,,,,,,,0.182,0.153,,excluded: front shorter than six points
meta-llama-3 | 32vCPU-C7i | float32 | IFEval,meta-llama/meta-llama-3,32vCPU-C7i,float32,IFEval,headroom,2,1,,,,,,,,,,,,excluded: front shorter than six points
meta-llama-3 | 32vCPU-C7i | float32 | MATH Lvl 5,meta-llama/meta-llama-3,32vCPU-C7i,float32,MATH Lvl 5,headroom,2,1,,,,,,,,,,,,excluded: front shorter than six points
meta-llama-3 | 32vCPU-C7i | float32 | MMLU,meta-llama/meta-llama-3,32vCPU-C7i,float32,MMLU,retired,2,1,,,,,,,,,,,,excluded: front shorter than six points
meta-llama-3 | 32vCPU-C7i | float32 | MMLU-PRO,meta-llama/meta-llama-3,32vCPU-C7i,float32,MMLU-PRO,headroom,2,1,,,,,,,,,,,,excluded: front shorter than six points
meta-llama-3 | 32vCPU-C7i | float32 | MuSR,meta-llama/meta-llama-3,32vCPU-C7i,float32,MuSR,headroom,2,2,0.93758,,,,,,,,0.029,0.153,,excluded: front shorter than six points
meta-llama-3 | 32vCPU-C7i | float32 | Winogrande,meta-llama/meta-llama-3,32vCPU-C7i,float32,Winogrande,retired,2,2,0.4444,,,,,,,,0.137,0.153,,excluded: front shorter than six points
mistral-instruct-v0.2 | 1xA10 | bfloat16 | ARC-Challenge,mistralai/mistral-instruct-v0.2,1xA10,bfloat16,ARC-Challenge,retired,1,1,,,,,,,,,,,,excluded: front shorter than six points
mistral-instruct-v0.2 | 1xA10 | bfloat16 | BBH,mistralai/mistral-instruct-v0.2,1xA10,bfloat16,BBH,headroom,1,1,,,,,,,,,,,,excluded: front shorter than six points
mistral-instruct-v0.2 | 1xA10 | bfloat16 | GPQA,mistralai/mistral-instruct-v0.2,1xA10,bfloat16,GPQA,headroom,1,1,,,,,,,,,,,,excluded: front shorter than six points
mistral-instruct-v0.2 | 1xA10 | bfloat16 | GSM8K,mistralai/mistral-instruct-v0.2,1xA10,bfloat16,GSM8K,retired,1,1,,,,,,,,,,,,excluded: front shorter than six points
mistral-instruct-v0.2 | 1xA10 | bfloat16 | HellaSwag,mistralai/mistral-instruct-v0.2,1xA10,bfloat16,HellaSwag,retired,1,1,,,,,,,,,,,,excluded: front shorter than six points
mistral-instruct-v0.2 | 1xA10 | bfloat16 | IFEval,mistralai/mistral-instruct-v0.2,1xA10,bfloat16,IFEval,headroom,1,1,,,,,,,,,,,,excluded: front shorter than six points
mistral-instruct-v0.2 | 1xA10 | bfloat16 | MATH Lvl 5,mistralai/mistral-instruct-v0.2,1xA10,bfloat16,MATH Lvl 5,headroom,1,1,,,,,,,,,,,,excluded: front shorter than six points
mistral-instruct-v0.2 | 1xA10 | bfloat16 | MMLU,mistralai/mistral-instruct-v0.2,1xA10,bfloat16,MMLU,retired,1,1,,,,,,,,,,,,excluded: front shorter than six points
mistral-instruct-v0.2 | 1xA10 | bfloat16 | MMLU-PRO,mistralai/mistral-instruct-v0.2,1xA10,bfloat16,MMLU-PRO,headroom,1,1,,,,,,,,,,,,excluded: front shorter than six points
mistral-instruct-v0.2 | 1xA10 | bfloat16 | MuSR,mistralai/mistral-instruct-v0.2,1xA10,bfloat16,MuSR,headroom,1,1,,,,,,,,,,,,excluded: front shorter than six points
mistral-instruct-v0.2 | 1xA10 | bfloat16 | Winogrande,mistralai/mistral-instruct-v0.2,1xA10,bfloat16,Winogrande,retired,1,1,,,,,,,,,,,,excluded: front shorter than six points
mistral-instruct-v0.2 | 1xA10 | float16 | ARC-Challenge,mistralai/mistral-instruct-v0.2,1xA10,float16,ARC-Challenge,retired,1,1,,,,,,,,,,,,excluded: front shorter than six points
mistral-instruct-v0.2 | 1xA10 | float16 | BBH,mistralai/mistral-instruct-v0.2,1xA10,float16,BBH,headroom,1,1,,,,,,,,,,,,excluded: front shorter than six points
mistral-instruct-v0.2 | 1xA10 | float16 | GPQA,mistralai/mistral-instruct-v0.2,1xA10,float16,GPQA,headroom,1,1,,,,,,,,,,,,excluded: front shorter than six points
mistral-instruct-v0.2 | 1xA10 | float16 | GSM8K,mistralai/mistral-instruct-v0.2,1xA10,float16,GSM8K,retired,1,1,,,,,,,,,,,,excluded: front shorter than six points
mistral-instruct-v0.2 | 1xA10 | float16 | HellaSwag,mistralai/mistral-instruct-v0.2,1xA10,float16,HellaSwag,retired,1,1,,,,,,,,,,,,excluded: front shorter than six points
mistral-instruct-v0.2 | 1xA10 | float16 | IFEval,mistralai/mistral-instruct-v0.2,1xA10,float16,IFEval,headroom,1,1,,,,,,,,,,,,excluded: front shorter than six points
mistral-instruct-v0.2 | 1xA10 | float16 | MATH Lvl 5,mistralai/mistral-instruct-v0.2,1xA10,float16,MATH Lvl 5,headroom,1,1,,,,,,,,,,,,excluded: front shorter than six points
mistral-instruct-v0.2 | 1xA10 | float16 | MMLU,mistralai/mistral-instruct-v0.2,1xA10,float16,MMLU,retired,1,1,,,,,,,,,,,,excluded: front shorter than six points
mistral-instruct-v0.2 | 1xA10 | float16 | MMLU-PRO,mistralai/mistral-instruct-v0.2,1xA10,float16,MMLU-PRO,headroom,1,1,,,,,,,,,,,,excluded: front shorter than six points
mistral-instruct-v0.2 | 1xA10 | float16 | MuSR,mistralai/mistral-instruct-v0.2,1xA10,float16,MuSR,headroom,1,1,,,,,,,,,,,,excluded: front shorter than six points
mistral-instruct-v0.2 | 1xA10 | float16 | Winogrande,mistralai/mistral-instruct-v0.2,1xA10,float16,Winogrande,retired,1,1,,,,,,,,,,,,excluded: front shorter than six points
mistral-instruct-v0.2 | 1xT4 | float16 | ARC-Challenge,mistralai/mistral-instruct-v0.2,1xT4,float16,ARC-Challenge,retired,1,1,,,,,,,,,,,,excluded: front shorter than six points
mistral-instruct-v0.2 | 1xT4 | float16 | BBH,mistralai/mistral-instruct-v0.2,1xT4,float16,BBH,headroom,1,1,,,,,,,,,,,,excluded: front shorter than six points
mistral-instruct-v0.2 | 1xT4 | float16 | GPQA,mistralai/mistral-instruct-v0.2,1xT4,float16,GPQA,headroom,1,1,,,,,,,,,,,,excluded: front shorter than six points
mistral-instruct-v0.2 | 1xT4 | float16 | GSM8K,mistralai/mistral-instruct-v0.2,1xT4,float16,GSM8K,retired,1,1,,,,,,,,,,,,excluded: front shorter than six points
mistral-instruct-v0.2 | 1xT4 | float16 | HellaSwag,mistralai/mistral-instruct-v0.2,1xT4,float16,HellaSwag,retired,1,1,,,,,,,,,,,,excluded: front shorter than six points
mistral-instruct-v0.2 | 1xT4 | float16 | IFEval,mistralai/mistral-instruct-v0.2,1xT4,float16,IFEval,headroom,1,1,,,,,,,,,,,,excluded: front shorter than six points
mistral-instruct-v0.2 | 1xT4 | float16 | MATH Lvl 5,mistralai/mistral-instruct-v0.2,1xT4,float16,MATH Lvl 5,headroom,1,1,,,,,,,,,,,,excluded: front shorter than six points
mistral-instruct-v0.2 | 1xT4 | float16 | MMLU,mistralai/mistral-instruct-v0.2,1xT4,float16,MMLU,retired,1,1,,,,,,,,,,,,excluded: front shorter than six points
mistral-instruct-v0.2 | 1xT4 | float16 | MMLU-PRO,mistralai/mistral-instruct-v0.2,1xT4,float16,MMLU-PRO,headroom,1,1,,,,,,,,,,,,excluded: front shorter than six points
mistral-instruct-v0.2 | 1xT4 | float16 | MuSR,mistralai/mistral-instruct-v0.2,1xT4,float16,MuSR,headroom,1,1,,,,,,,,,,,,excluded: front shorter than six points
mistral-instruct-v0.2 | 1xT4 | float16 | Winogrande,mistralai/mistral-instruct-v0.2,1xT4,float16,Winogrande,retired,1,1,,,,,,,,,,,,excluded: front shorter than six points
mistral-v0.1 | 1xA10 | bfloat16 | ARC-Challenge,mistralai/mistral-v0.1,1xA10,bfloat16,ARC-Challenge,retired,1,1,,,,,,,,,,,,excluded: front shorter than six points
mistral-v0.1 | 1xA10 | bfloat16 | BBH,mistralai/mistral-v0.1,1xA10,bfloat16,BBH,headroom,1,1,,,,,,,,,,,,excluded: front shorter than six points
mistral-v0.1 | 1xA10 | bfloat16 | GPQA,mistralai/mistral-v0.1,1xA10,bfloat16,GPQA,headroom,1,1,,,,,,,,,,,,excluded: front shorter than six points
mistral-v0.1 | 1xA10 | bfloat16 | GSM8K,mistralai/mistral-v0.1,1xA10,bfloat16,GSM8K,retired,1,1,,,,,,,,,,,,excluded: front shorter than six points
mistral-v0.1 | 1xA10 | bfloat16 | HellaSwag,mistralai/mistral-v0.1,1xA10,bfloat16,HellaSwag,retired,1,1,,,,,,,,,,,,excluded: front shorter than six points
mistral-v0.1 | 1xA10 | bfloat16 | IFEval,mistralai/mistral-v0.1,1xA10,bfloat16,IFEval,headroom,1,1,,,,,,,,,,,,excluded: front shorter than six points
mistral-v0.1 | 1xA10 | bfloat16 | MATH Lvl 5,mistralai/mistral-v0.1,1xA10,bfloat16,MATH Lvl 5,headroom,1,1,,,,,,,,,,,,excluded: front shorter than six points
mistral-v0.1 | 1xA10 | bfloat16 | MMLU,mistralai/mistral-v0.1,1xA10,bfloat16,MMLU,retired,1,1,,,,,,,,,,,,excluded: front shorter than six points
mistral-v0.1 | 1xA10 | bfloat16 | MMLU-PRO,mistralai/mistral-v0.1,1xA10,bfloat16,MMLU-PRO,headroom,1,1,,,,,,,,,,,,excluded: front shorter than six points
mistral-v0.1 | 1xA10 | bfloat16 | MuSR,mistralai/mistral-v0.1,1xA10,bfloat16,MuSR,headroom,1,1,,,,,,,,,,,,excluded: front shorter than six points
mistral-v0.1 | 1xA10 | bfloat16 | Winogrande,mistralai/mistral-v0.1,1xA10,bfloat16,Winogrande,retired,1,1,,,,,,,,,,,,excluded: front shorter than six points
mistral-v0.1 | 1xA10 | float16 | ARC-Challenge,mistralai/mistral-v0.1,1xA10,float16,ARC-Challenge,retired,1,1,,,,,,,,,,,,excluded: front shorter than six points
mistral-v0.1 | 1xA10 | float16 | BBH,mistralai/mistral-v0.1,1xA10,float16,BBH,headroom,1,1,,,,,,,,,,,,excluded: front shorter than six points
mistral-v0.1 | 1xA10 | float16 | GPQA,mistralai/mistral-v0.1,1xA10,float16,GPQA,headroom,1,1,,,,,,,,,,,,excluded: front shorter than six points
mistral-v0.1 | 1xA10 | float16 | GSM8K,mistralai/mistral-v0.1,1xA10,float16,GSM8K,retired,1,1,,,,,,,,,,,,excluded: front shorter than six points
mistral-v0.1 | 1xA10 | float16 | HellaSwag,mistralai/mistral-v0.1,1xA10,float16,HellaSwag,retired,1,1,,,,,,,,,,,,excluded: front shorter than six points
mistral-v0.1 | 1xA10 | float16 | IFEval,mistralai/mistral-v0.1,1xA10,float16,IFEval,headroom,1,1,,,,,,,,,,,,excluded: front shorter than six points
mistral-v0.1 | 1xA10 | float16 | MATH Lvl 5,mistralai/mistral-v0.1,1xA10,float16,MATH Lvl 5,headroom,1,1,,,,,,,,,,,,excluded: front shorter than six points
mistral-v0.1 | 1xA10 | float16 | MMLU,mistralai/mistral-v0.1,1xA10,float16,MMLU,retired,1,1,,,,,,,,,,,,excluded: front shorter than six points
mistral-v0.1 | 1xA10 | float16 | MMLU-PRO,mistralai/mistral-v0.1,1xA10,float16,MMLU-PRO,headroom,1,1,,,,,,,,,,,,excluded: front shorter than six points
mistral-v0.1 | 1xA10 | float16 | MuSR,mistralai/mistral-v0.1,1xA10,float16,MuSR,headroom,1,1,,,,,,,,,,,,excluded: front shorter than six points
mistral-v0.1 | 1xA10 | float16 | Winogrande,mistralai/mistral-v0.1,1xA10,float16,Winogrande,retired,1,1,,,,,,,,,,,,excluded: front shorter than six points
mistral-v0.1 | 1xT4 | bfloat16 | ARC-Challenge,mistralai/mistral-v0.1,1xT4,bfloat16,ARC-Challenge,retired,1,1,,,,,,,,,,,,excluded: front shorter than six points
mistral-v0.1 | 1xT4 | bfloat16 | BBH,mistralai/mistral-v0.1,1xT4,bfloat16,BBH,headroom,1,1,,,,,,,,,,,,excluded: front shorter than six points
mistral-v0.1 | 1xT4 | bfloat16 | GPQA,mistralai/mistral-v0.1,1xT4,bfloat16,GPQA,headroom,1,1,,,,,,,,,,,,excluded: front shorter than six points
mistral-v0.1 | 1xT4 | bfloat16 | GSM8K,mistralai/mistral-v0.1,1xT4,bfloat16,GSM8K,retired,1,1,,,,,,,,,,,,excluded: front shorter than six points
mistral-v0.1 | 1xT4 | bfloat16 | HellaSwag,mistralai/mistral-v0.1,1xT4,bfloat16,HellaSwag,retired,1,1,,,,,,,,,,,,excluded: front shorter than six points
mistral-v0.1 | 1xT4 | bfloat16 | IFEval,mistralai/mistral-v0.1,1xT4,bfloat16,IFEval,headroom,1,1,,,,,,,,,,,,excluded: front shorter than six points
mistral-v0.1 | 1xT4 | bfloat16 | MATH Lvl 5,mistralai/mistral-v0.1,1xT4,bfloat16,MATH Lvl 5,headroom,1,1,,,,,,,,,,,,excluded: front shorter than six points
mistral-v0.1 | 1xT4 | bfloat16 | MMLU,mistralai/mistral-v0.1,1xT4,bfloat16,MMLU,retired,1,1,,,,,,,,,,,,excluded: front shorter than six points
mistral-v0.1 | 1xT4 | bfloat16 | MMLU-PRO,mistralai/mistral-v0.1,1xT4,bfloat16,MMLU-PRO,headroom,1,1,,,,,,,,,,,,excluded: front shorter than six points
mistral-v0.1 | 1xT4 | bfloat16 | MuSR,mistralai/mistral-v0.1,1xT4,bfloat16,MuSR,headroom,1,1,,,,,,,,,,,,excluded: front shorter than six points
mistral-v0.1 | 1xT4 | bfloat16 | Winogrande,mistralai/mistral-v0.1,1xT4,bfloat16,Winogrande,retired,1,1,,,,,,,,,,,,excluded: front shorter than six points
mistral-v0.1 | 1xT4 | float16 | ARC-Challenge,mistralai/mistral-v0.1,1xT4,float16,ARC-Challenge,retired,1,1,,,,,,,,,,,,excluded: front shorter than six points
mistral-v0.1 | 1xT4 | float16 | BBH,mistralai/mistral-v0.1,1xT4,float16,BBH,headroom,1,1,,,,,,,,,,,,excluded: front shorter than six points
mistral-v0.1 | 1xT4 | float16 | GPQA,mistralai/mistral-v0.1,1xT4,float16,GPQA,headroom,1,1,,,,,,,,,,,,excluded: front shorter than six points
mistral-v0.1 | 1xT4 | float16 | GSM8K,mistralai/mistral-v0.1,1xT4,float16,GSM8K,retired,1,1,,,,,,,,,,,,excluded: front shorter than six points
mistral-v0.1 | 1xT4 | float16 | HellaSwag,mistralai/mistral-v0.1,1xT4,float16,HellaSwag,retired,1,1,,,,,,,,,,,,excluded: front shorter than six points
mistral-v0.1 | 1xT4 | float16 | IFEval,mistralai/mistral-v0.1,1xT4,float16,IFEval,headroom,1,1,,,,,,,,,,,,excluded: front shorter than six points
mistral-v0.1 | 1xT4 | float16 | MATH Lvl 5,mistralai/mistral-v0.1,1xT4,float16,MATH Lvl 5,headroom,1,1,,,,,,,,,,,,excluded: front shorter than six points
mistral-v0.1 | 1xT4 | float16 | MMLU,mistralai/mistral-v0.1,1xT4,float16,MMLU,retired,1,1,,,,,,,,,,,,excluded: front shorter than six points
mistral-v0.1 | 1xT4 | float16 | MMLU-PRO,mistralai/mistral-v0.1,1xT4,float16,MMLU-PRO,headroom,1,1,,,,,,,,,,,,excluded: front shorter than six points
mistral-v0.1 | 1xT4 | float16 | MuSR,mistralai/mistral-v0.1,1xT4,float16,MuSR,headroom,1,1,,,,,,,,,,,,excluded: front shorter than six points
mistral-v0.1 | 1xT4 | float16 | Winogrande,mistralai/mistral-v0.1,1xT4,float16,Winogrande,retired,1,1,,,,,,,,,,,,excluded: front shorter than six points
mistral-v0.1 | 32vCPU-C7i | bfloat16 | ARC-Challenge,mistralai/mistral-v0.1,32vCPU-C7i,bfloat16,ARC-Challenge,retired,1,1,,,,,,,,,,,,excluded: front shorter than six points
mistral-v0.1 | 32vCPU-C7i | bfloat16 | BBH,mistralai/mistral-v0.1,32vCPU-C7i,bfloat16,BBH,headroom,1,1,,,,,,,,,,,,excluded: front shorter than six points
mistral-v0.1 | 32vCPU-C7i | bfloat16 | GPQA,mistralai/mistral-v0.1,32vCPU-C7i,bfloat16,GPQA,headroom,1,1,,,,,,,,,,,,excluded: front shorter than six points
mistral-v0.1 | 32vCPU-C7i | bfloat16 | GSM8K,mistralai/mistral-v0.1,32vCPU-C7i,bfloat16,GSM8K,retired,1,1,,,,,,,,,,,,excluded: front shorter than six points
mistral-v0.1 | 32vCPU-C7i | bfloat16 | HellaSwag,mistralai/mistral-v0.1,32vCPU-C7i,bfloat16,HellaSwag,retired,1,1,,,,,,,,,,,,excluded: front shorter than six points
mistral-v0.1 | 32vCPU-C7i | bfloat16 | IFEval,mistralai/mistral-v0.1,32vCPU-C7i,bfloat16,IFEval,headroom,1,1,,,,,,,,,,,,excluded: front shorter than six points
mistral-v0.1 | 32vCPU-C7i | bfloat16 | MATH Lvl 5,mistralai/mistral-v0.1,32vCPU-C7i,bfloat16,MATH Lvl 5,headroom,1,1,,,,,,,,,,,,excluded: front shorter than six points
mistral-v0.1 | 32vCPU-C7i | bfloat16 | MMLU,mistralai/mistral-v0.1,32vCPU-C7i,bfloat16,MMLU,retired,1,1,,,,,,,,,,,,excluded: front shorter than six points
mistral-v0.1 | 32vCPU-C7i | bfloat16 | MMLU-PRO,mistralai/mistral-v0.1,32vCPU-C7i,bfloat16,MMLU-PRO,headroom,1,1,,,,,,,,,,,,excluded: front shorter than six points
mistral-v0.1 | 32vCPU-C7i | bfloat16 | MuSR,mistralai/mistral-v0.1,32vCPU-C7i,bfloat16,MuSR,headroom,1,1,,,,,,,,,,,,excluded: front shorter than six points
mistral-v0.1 | 32vCPU-C7i | bfloat16 | Winogrande,mistralai/mistral-v0.1,32vCPU-C7i,bfloat16,Winogrande,retired,1,1,,,,,,,,,,,,excluded: front shorter than six points
mistral-v0.1 | 32vCPU-C7i | float16 | ARC-Challenge,mistralai/mistral-v0.1,32vCPU-C7i,float16,ARC-Challenge,retired,1,1,,,,,,,,,,,,excluded: front shorter than six points
mistral-v0.1 | 32vCPU-C7i | float16 | BBH,mistralai/mistral-v0.1,32vCPU-C7i,float16,BBH,headroom,1,1,,,,,,,,,,,,excluded: front shorter than six points
mistral-v0.1 | 32vCPU-C7i | float16 | GPQA,mistralai/mistral-v0.1,32vCPU-C7i,float16,GPQA,headroom,1,1,,,,,,,,,,,,excluded: front shorter than six points
mistral-v0.1 | 32vCPU-C7i | float16 | GSM8K,mistralai/mistral-v0.1,32vCPU-C7i,float16,GSM8K,retired,1,1,,,,,,,,,,,,excluded: front shorter than six points
mistral-v0.1 | 32vCPU-C7i | float16 | HellaSwag,mistralai/mistral-v0.1,32vCPU-C7i,float16,HellaSwag,retired,1,1,,,,,,,,,,,,excluded: front shorter than six points
mistral-v0.1 | 32vCPU-C7i | float16 | IFEval,mistralai/mistral-v0.1,32vCPU-C7i,float16,IFEval,headroom,1,1,,,,,,,,,,,,excluded: front shorter than six points
mistral-v0.1 | 32vCPU-C7i | float16 | MATH Lvl 5,mistralai/mistral-v0.1,32vCPU-C7i,float16,MATH Lvl 5,headroom,1,1,,,,,,,,,,,,excluded: front shorter than six points
mistral-v0.1 | 32vCPU-C7i | float16 | MMLU,mistralai/mistral-v0.1,32vCPU-C7i,float16,MMLU,retired,1,1,,,,,,,,,,,,excluded: front shorter than six points
mistral-v0.1 | 32vCPU-C7i | float16 | MMLU-PRO,mistralai/mistral-v0.1,32vCPU-C7i,float16,MMLU-PRO,headroom,1,1,,,,,,,,,,,,excluded: front shorter than six points
mistral-v0.1 | 32vCPU-C7i | float16 | MuSR,mistralai/mistral-v0.1,32vCPU-C7i,float16,MuSR,headroom,1,1,,,,,,,,,,,,excluded: front shorter than six points
mistral-v0.1 | 32vCPU-C7i | float16 | Winogrande,mistralai/mistral-v0.1,32vCPU-C7i,float16,Winogrande,retired,1,1,,,,,,,,,,,,excluded: front shorter than six points
mistral-v0.1 | 32vCPU-C7i | float32 | ARC-Challenge,mistralai/mistral-v0.1,32vCPU-C7i,float32,ARC-Challenge,retired,1,1,,,,,,,,,,,,excluded: front shorter than six points
mistral-v0.1 | 32vCPU-C7i | float32 | BBH,mistralai/mistral-v0.1,32vCPU-C7i,float32,BBH,headroom,1,1,,,,,,,,,,,,excluded: front shorter than six points
mistral-v0.1 | 32vCPU-C7i | float32 | GPQA,mistralai/mistral-v0.1,32vCPU-C7i,float32,GPQA,headroom,1,1,,,,,,,,,,,,excluded: front shorter than six points
mistral-v0.1 | 32vCPU-C7i | float32 | GSM8K,mistralai/mistral-v0.1,32vCPU-C7i,float32,GSM8K,retired,1,1,,,,,,,,,,,,excluded: front shorter than six points
mistral-v0.1 | 32vCPU-C7i | float32 | HellaSwag,mistralai/mistral-v0.1,32vCPU-C7i,float32,HellaSwag,retired,1,1,,,,,,,,,,,,excluded: front shorter than six points
mistral-v0.1 | 32vCPU-C7i | float32 | IFEval,mistralai/mistral-v0.1,32vCPU-C7i,float32,IFEval,headroom,1,1,,,,,,,,,,,,excluded: front shorter than six points
mistral-v0.1 | 32vCPU-C7i | float32 | MATH Lvl 5,mistralai/mistral-v0.1,32vCPU-C7i,float32,MATH Lvl 5,headroom,1,1,,,,,,,,,,,,excluded: front shorter than six points
mistral-v0.1 | 32vCPU-C7i | float32 | MMLU,mistralai/mistral-v0.1,32vCPU-C7i,float32,MMLU,retired,1,1,,,,,,,,,,,,excluded: front shorter than six points
mistral-v0.1 | 32vCPU-C7i | float32 | MMLU-PRO,mistralai/mistral-v0.1,32vCPU-C7i,float32,MMLU-PRO,headroom,1,1,,,,,,,,,,,,excluded: front shorter than six points
mistral-v0.1 | 32vCPU-C7i | float32 | MuSR,mistralai/mistral-v0.1,32vCPU-C7i,float32,MuSR,headroom,1,1,,,,,,,,,,,,excluded: front shorter than six points
mistral-v0.1 | 32vCPU-C7i | float32 | Winogrande,mistralai/mistral-v0.1,32vCPU-C7i,float32,Winogrande,retired,1,1,,,,,,,,,,,,excluded: front shorter than six points
mistral_pro_8b_v0.1 | 1xA10 | bfloat16 | ARC-Challenge,tencentarc/mistral_pro_8b_v0.1,1xA10,bfloat16,ARC-Challenge,retired,1,1,,,,,,,,,,,,excluded: front shorter than six points
mistral_pro_8b_v0.1 | 1xA10 | bfloat16 | BBH,tencentarc/mistral_pro_8b_v0.1,1xA10,bfloat16,BBH,headroom,1,1,,,,,,,,,,,,excluded: front shorter than six points
mistral_pro_8b_v0.1 | 1xA10 | bfloat16 | GPQA,tencentarc/mistral_pro_8b_v0.1,1xA10,bfloat16,GPQA,headroom,1,1,,,,,,,,,,,,excluded: front shorter than six points
mistral_pro_8b_v0.1 | 1xA10 | bfloat16 | GSM8K,tencentarc/mistral_pro_8b_v0.1,1xA10,bfloat16,GSM8K,retired,1,1,,,,,,,,,,,,excluded: front shorter than six points
mistral_pro_8b_v0.1 | 1xA10 | bfloat16 | HellaSwag,tencentarc/mistral_pro_8b_v0.1,1xA10,bfloat16,HellaSwag,retired,1,1,,,,,,,,,,,,excluded: front shorter than six points
mistral_pro_8b_v0.1 | 1xA10 | bfloat16 | IFEval,tencentarc/mistral_pro_8b_v0.1,1xA10,bfloat16,IFEval,headroom,1,1,,,,,,,,,,,,excluded: front shorter than six points
mistral_pro_8b_v0.1 | 1xA10 | bfloat16 | MATH Lvl 5,tencentarc/mistral_pro_8b_v0.1,1xA10,bfloat16,MATH Lvl 5,headroom,1,1,,,,,,,,,,,,excluded: front shorter than six points
mistral_pro_8b_v0.1 | 1xA10 | bfloat16 | MMLU,tencentarc/mistral_pro_8b_v0.1,1xA10,bfloat16,MMLU,retired,1,1,,,,,,,,,,,,excluded: front shorter than six points
mistral_pro_8b_v0.1 | 1xA10 | bfloat16 | MMLU-PRO,tencentarc/mistral_pro_8b_v0.1,1xA10,bfloat16,MMLU-PRO,headroom,1,1,,,,,,,,,,,,excluded: front shorter than six points
mistral_pro_8b_v0.1 | 1xA10 | bfloat16 | MuSR,tencentarc/mistral_pro_8b_v0.1,1xA10,bfloat16,MuSR,headroom,1,1,,,,,,,,,,,,excluded: front shorter than six points
mistral_pro_8b_v0.1 | 1xA10 | bfloat16 | Winogrande,tencentarc/mistral_pro_8b_v0.1,1xA10,bfloat16,Winogrande,retired,1,1,,,,,,,,,,,,excluded: front shorter than six points
mistral_pro_8b_v0.1 | 1xA10 | float16 | ARC-Challenge,tencentarc/mistral_pro_8b_v0.1,1xA10,float16,ARC-Challenge,retired,1,1,,,,,,,,,,,,excluded: front shorter than six points
mistral_pro_8b_v0.1 | 1xA10 | float16 | BBH,tencentarc/mistral_pro_8b_v0.1,1xA10,float16,BBH,headroom,1,1,,,,,,,,,,,,excluded: front shorter than six points
mistral_pro_8b_v0.1 | 1xA10 | float16 | GPQA,tencentarc/mistral_pro_8b_v0.1,1xA10,float16,GPQA,headroom,1,1,,,,,,,,,,,,excluded: front shorter than six points
mistral_pro_8b_v0.1 | 1xA10 | float16 | GSM8K,tencentarc/mistral_pro_8b_v0.1,1xA10,float16,GSM8K,retired,1,1,,,,,,,,,,,,excluded: front shorter than six points
mistral_pro_8b_v0.1 | 1xA10 | float16 | HellaSwag,tencentarc/mistral_pro_8b_v0.1,1xA10,float16,HellaSwag,retired,1,1,,,,,,,,,,,,excluded: front shorter than six points
mistral_pro_8b_v0.1 | 1xA10 | float16 | IFEval,tencentarc/mistral_pro_8b_v0.1,1xA10,float16,IFEval,headroom,1,1,,,,,,,,,,,,excluded: front shorter than six points
mistral_pro_8b_v0.1 | 1xA10 | float16 | MATH Lvl 5,tencentarc/mistral_pro_8b_v0.1,1xA10,float16,MATH Lvl 5,headroom,1,1,,,,,,,,,,,,excluded: front shorter than six points
mistral_pro_8b_v0.1 | 1xA10 | float16 | MMLU,tencentarc/mistral_pro_8b_v0.1,1xA10,float16,MMLU,retired,1,1,,,,,,,,,,,,excluded: front shorter than six points
mistral_pro_8b_v0.1 | 1xA10 | float16 | MMLU-PRO,tencentarc/mistral_pro_8b_v0.1,1xA10,float16,MMLU-PRO,headroom,1,1,,,,,,,,,,,,excluded: front shorter than six points
mistral_pro_8b_v0.1 | 1xA10 | float16 | MuSR,tencentarc/mistral_pro_8b_v0.1,1xA10,float16,MuSR,headroom,1,1,,,,,,,,,,,,excluded: front shorter than six points
mistral_pro_8b_v0.1 | 1xA10 | float16 | Winogrande,tencentarc/mistral_pro_8b_v0.1,1xA10,float16,Winogrande,retired,1,1,,,,,,,,,,,,excluded: front shorter than six points
mistral_pro_8b_v0.1 | 1xA100 | bfloat16 | ARC-Challenge,tencentarc/mistral_pro_8b_v0.1,1xA100,bfloat16,ARC-Challenge,retired,1,1,,,,,,,,,,,,excluded: front shorter than six points
mistral_pro_8b_v0.1 | 1xA100 | bfloat16 | BBH,tencentarc/mistral_pro_8b_v0.1,1xA100,bfloat16,BBH,headroom,1,1,,,,,,,,,,,,excluded: front shorter than six points
mistral_pro_8b_v0.1 | 1xA100 | bfloat16 | GPQA,tencentarc/mistral_pro_8b_v0.1,1xA100,bfloat16,GPQA,headroom,1,1,,,,,,,,,,,,excluded: front shorter than six points
mistral_pro_8b_v0.1 | 1xA100 | bfloat16 | GSM8K,tencentarc/mistral_pro_8b_v0.1,1xA100,bfloat16,GSM8K,retired,1,1,,,,,,,,,,,,excluded: front shorter than six points
mistral_pro_8b_v0.1 | 1xA100 | bfloat16 | HellaSwag,tencentarc/mistral_pro_8b_v0.1,1xA100,bfloat16,HellaSwag,retired,1,1,,,,,,,,,,,,excluded: front shorter than six points
mistral_pro_8b_v0.1 | 1xA100 | bfloat16 | IFEval,tencentarc/mistral_pro_8b_v0.1,1xA100,bfloat16,IFEval,headroom,1,1,,,,,,,,,,,,excluded: front shorter than six points
mistral_pro_8b_v0.1 | 1xA100 | bfloat16 | MATH Lvl 5,tencentarc/mistral_pro_8b_v0.1,1xA100,bfloat16,MATH Lvl 5,headroom,1,1,,,,,,,,,,,,excluded: front shorter than six points
mistral_pro_8b_v0.1 | 1xA100 | bfloat16 | MMLU,tencentarc/mistral_pro_8b_v0.1,1xA100,bfloat16,MMLU,retired,1,1,,,,,,,,,,,,excluded: front shorter than six points
mistral_pro_8b_v0.1 | 1xA100 | bfloat16 | MMLU-PRO,tencentarc/mistral_pro_8b_v0.1,1xA100,bfloat16,MMLU-PRO,headroom,1,1,,,,,,,,,,,,excluded: front shorter than six points
mistral_pro_8b_v0.1 | 1xA100 | bfloat16 | MuSR,tencentarc/mistral_pro_8b_v0.1,1xA100,bfloat16,MuSR,headroom,1,1,,,,,,,,,,,,excluded: front shorter than six points
mistral_pro_8b_v0.1 | 1xA100 | bfloat16 | Winogrande,tencentarc/mistral_pro_8b_v0.1,1xA100,bfloat16,Winogrande,retired,1,1,,,,,,,,,,,,excluded: front shorter than six points
mistral_pro_8b_v0.1 | 1xA100 | float16 | ARC-Challenge,tencentarc/mistral_pro_8b_v0.1,1xA100,float16,ARC-Challenge,retired,1,1,,,,,,,,,,,,excluded: front shorter than six points
mistral_pro_8b_v0.1 | 1xA100 | float16 | BBH,tencentarc/mistral_pro_8b_v0.1,1xA100,float16,BBH,headroom,1,1,,,,,,,,,,,,excluded: front shorter than six points
mistral_pro_8b_v0.1 | 1xA100 | float16 | GPQA,tencentarc/mistral_pro_8b_v0.1,1xA100,float16,GPQA,headroom,1,1,,,,,,,,,,,,excluded: front shorter than six points
mistral_pro_8b_v0.1 | 1xA100 | float16 | GSM8K,tencentarc/mistral_pro_8b_v0.1,1xA100,float16,GSM8K,retired,1,1,,,,,,,,,,,,excluded: front shorter than six points
mistral_pro_8b_v0.1 | 1xA100 | float16 | HellaSwag,tencentarc/mistral_pro_8b_v0.1,1xA100,float16,HellaSwag,retired,1,1,,,,,,,,,,,,excluded: front shorter than six points
mistral_pro_8b_v0.1 | 1xA100 | float16 | IFEval,tencentarc/mistral_pro_8b_v0.1,1xA100,float16,IFEval,headroom,1,1,,,,,,,,,,,,excluded: front shorter than six points
mistral_pro_8b_v0.1 | 1xA100 | float16 | MATH Lvl 5,tencentarc/mistral_pro_8b_v0.1,1xA100,float16,MATH Lvl 5,headroom,1,1,,,,,,,,,,,,excluded: front shorter than six points
mistral_pro_8b_v0.1 | 1xA100 | float16 | MMLU,tencentarc/mistral_pro_8b_v0.1,1xA100,float16,MMLU,retired,1,1,,,,,,,,,,,,excluded: front shorter than six points
mistral_pro_8b_v0.1 | 1xA100 | float16 | MMLU-PRO,tencentarc/mistral_pro_8b_v0.1,1xA100,float16,MMLU-PRO,headroom,1,1,,,,,,,,,,,,excluded: front shorter than six points
mistral_pro_8b_v0.1 | 1xA100 | float16 | MuSR,tencentarc/mistral_pro_8b_v0.1,1xA100,float16,MuSR,headroom,1,1,,,,,,,,,,,,excluded: front shorter than six points
mistral_pro_8b_v0.1 | 1xA100 | float16 | Winogrande,tencentarc/mistral_pro_8b_v0.1,1xA100,float16,Winogrande,retired,1,1,,,,,,,,,,,,excluded: front shorter than six points
mistral_pro_8b_v0.1 | 1xA100 | float32 | ARC-Challenge,tencentarc/mistral_pro_8b_v0.1,1xA100,float32,ARC-Challenge,retired,1,1,,,,,,,,,,,,excluded: front shorter than six points
mistral_pro_8b_v0.1 | 1xA100 | float32 | BBH,tencentarc/mistral_pro_8b_v0.1,1xA100,float32,BBH,headroom,1,1,,,,,,,,,,,,excluded: front shorter than six points
mistral_pro_8b_v0.1 | 1xA100 | float32 | GPQA,tencentarc/mistral_pro_8b_v0.1,1xA100,float32,GPQA,headroom,1,1,,,,,,,,,,,,excluded: front shorter than six points
mistral_pro_8b_v0.1 | 1xA100 | float32 | GSM8K,tencentarc/mistral_pro_8b_v0.1,1xA100,float32,GSM8K,retired,1,1,,,,,,,,,,,,excluded: front shorter than six points
mistral_pro_8b_v0.1 | 1xA100 | float32 | HellaSwag,tencentarc/mistral_pro_8b_v0.1,1xA100,float32,HellaSwag,retired,1,1,,,,,,,,,,,,excluded: front shorter than six points
mistral_pro_8b_v0.1 | 1xA100 | float32 | IFEval,tencentarc/mistral_pro_8b_v0.1,1xA100,float32,IFEval,headroom,1,1,,,,,,,,,,,,excluded: front shorter than six points
mistral_pro_8b_v0.1 | 1xA100 | float32 | MATH Lvl 5,tencentarc/mistral_pro_8b_v0.1,1xA100,float32,MATH Lvl 5,headroom,1,1,,,,,,,,,,,,excluded: front shorter than six points
mistral_pro_8b_v0.1 | 1xA100 | float32 | MMLU,tencentarc/mistral_pro_8b_v0.1,1xA100,float32,MMLU,retired,1,1,,,,,,,,,,,,excluded: front shorter than six points
mistral_pro_8b_v0.1 | 1xA100 | float32 | MMLU-PRO,tencentarc/mistral_pro_8b_v0.1,1xA100,float32,MMLU-PRO,headroom,1,1,,,,,,,,,,,,excluded: front shorter than six points
mistral_pro_8b_v0.1 | 1xA100 | float32 | MuSR,tencentarc/mistral_pro_8b_v0.1,1xA100,float32,MuSR,headroom,1,1,,,,,,,,,,,,excluded: front shorter than six points
mistral_pro_8b_v0.1 | 1xA100 | float32 | Winogrande,tencentarc/mistral_pro_8b_v0.1,1xA100,float32,Winogrande,retired,1,1,,,,,,,,,,,,excluded: front shorter than six points
mistral_pro_8b_v0.1 | 1xT4 | float16 | ARC-Challenge,tencentarc/mistral_pro_8b_v0.1,1xT4,float16,ARC-Challenge,retired,1,1,,,,,,,,,,,,excluded: front shorter than six points
mistral_pro_8b_v0.1 | 1xT4 | float16 | BBH,tencentarc/mistral_pro_8b_v0.1,1xT4,float16,BBH,headroom,1,1,,,,,,,,,,,,excluded: front shorter than six points
mistral_pro_8b_v0.1 | 1xT4 | float16 | GPQA,tencentarc/mistral_pro_8b_v0.1,1xT4,float16,GPQA,headroom,1,1,,,,,,,,,,,,excluded: front shorter than six points
mistral_pro_8b_v0.1 | 1xT4 | float16 | GSM8K,tencentarc/mistral_pro_8b_v0.1,1xT4,float16,GSM8K,retired,1,1,,,,,,,,,,,,excluded: front shorter than six points
mistral_pro_8b_v0.1 | 1xT4 | float16 | HellaSwag,tencentarc/mistral_pro_8b_v0.1,1xT4,float16,HellaSwag,retired,1,1,,,,,,,,,,,,excluded: front shorter than six points
mistral_pro_8b_v0.1 | 1xT4 | float16 | IFEval,tencentarc/mistral_pro_8b_v0.1,1xT4,float16,IFEval,headroom,1,1,,,,,,,,,,,,excluded: front shorter than six points
mistral_pro_8b_v0.1 | 1xT4 | float16 | MATH Lvl 5,tencentarc/mistral_pro_8b_v0.1,1xT4,float16,MATH Lvl 5,headroom,1,1,,,,,,,,,,,,excluded: front shorter than six points
mistral_pro_8b_v0.1 | 1xT4 | float16 | MMLU,tencentarc/mistral_pro_8b_v0.1,1xT4,float16,MMLU,retired,1,1,,,,,,,,,,,,excluded: front shorter than six points
mistral_pro_8b_v0.1 | 1xT4 | float16 | MMLU-PRO,tencentarc/mistral_pro_8b_v0.1,1xT4,float16,MMLU-PRO,headroom,1,1,,,,,,,,,,,,excluded: front shorter than six points
mistral_pro_8b_v0.1 | 1xT4 | float16 | MuSR,tencentarc/mistral_pro_8b_v0.1,1xT4,float16,MuSR,headroom,1,1,,,,,,,,,,,,excluded: front shorter than six points
mistral_pro_8b_v0.1 | 1xT4 | float16 | Winogrande,tencentarc/mistral_pro_8b_v0.1,1xT4,float16,Winogrande,retired,1,1,,,,,,,,,,,,excluded: front shorter than six points
mistral_pro_8b_v0.1 | 32vCPU-C7i | bfloat16 | ARC-Challenge,tencentarc/mistral_pro_8b_v0.1,32vCPU-C7i,bfloat16,ARC-Challenge,retired,1,1,,,,,,,,,,,,excluded: front shorter than six points
mistral_pro_8b_v0.1 | 32vCPU-C7i | bfloat16 | BBH,tencentarc/mistral_pro_8b_v0.1,32vCPU-C7i,bfloat16,BBH,headroom,1,1,,,,,,,,,,,,excluded: front shorter than six points
mistral_pro_8b_v0.1 | 32vCPU-C7i | bfloat16 | GPQA,tencentarc/mistral_pro_8b_v0.1,32vCPU-C7i,bfloat16,GPQA,headroom,1,1,,,,,,,,,,,,excluded: front shorter than six points
mistral_pro_8b_v0.1 | 32vCPU-C7i | bfloat16 | GSM8K,tencentarc/mistral_pro_8b_v0.1,32vCPU-C7i,bfloat16,GSM8K,retired,1,1,,,,,,,,,,,,excluded: front shorter than six points
mistral_pro_8b_v0.1 | 32vCPU-C7i | bfloat16 | HellaSwag,tencentarc/mistral_pro_8b_v0.1,32vCPU-C7i,bfloat16,HellaSwag,retired,1,1,,,,,,,,,,,,excluded: front shorter than six points
mistral_pro_8b_v0.1 | 32vCPU-C7i | bfloat16 | IFEval,tencentarc/mistral_pro_8b_v0.1,32vCPU-C7i,bfloat16,IFEval,headroom,1,1,,,,,,,,,,,,excluded: front shorter than six points
mistral_pro_8b_v0.1 | 32vCPU-C7i | bfloat16 | MATH Lvl 5,tencentarc/mistral_pro_8b_v0.1,32vCPU-C7i,bfloat16,MATH Lvl 5,headroom,1,1,,,,,,,,,,,,excluded: front shorter than six points
mistral_pro_8b_v0.1 | 32vCPU-C7i | bfloat16 | MMLU,tencentarc/mistral_pro_8b_v0.1,32vCPU-C7i,bfloat16,MMLU,retired,1,1,,,,,,,,,,,,excluded: front shorter than six points
mistral_pro_8b_v0.1 | 32vCPU-C7i | bfloat16 | MMLU-PRO,tencentarc/mistral_pro_8b_v0.1,32vCPU-C7i,bfloat16,MMLU-PRO,headroom,1,1,,,,,,,,,,,,excluded: front shorter than six points
mistral_pro_8b_v0.1 | 32vCPU-C7i | bfloat16 | MuSR,tencentarc/mistral_pro_8b_v0.1,32vCPU-C7i,bfloat16,MuSR,headroom,1,1,,,,,,,,,,,,excluded: front shorter than six points
mistral_pro_8b_v0.1 | 32vCPU-C7i | bfloat16 | Winogrande,tencentarc/mistral_pro_8b_v0.1,32vCPU-C7i,bfloat16,Winogrande,retired,1,1,,,,,,,,,,,,excluded: front shorter than six points
mistral_pro_8b_v0.1 | 32vCPU-C7i | float16 | ARC-Challenge,tencentarc/mistral_pro_8b_v0.1,32vCPU-C7i,float16,ARC-Challenge,retired,1,1,,,,,,,,,,,,excluded: front shorter than six points
mistral_pro_8b_v0.1 | 32vCPU-C7i | float16 | BBH,tencentarc/mistral_pro_8b_v0.1,32vCPU-C7i,float16,BBH,headroom,1,1,,,,,,,,,,,,excluded: front shorter than six points
mistral_pro_8b_v0.1 | 32vCPU-C7i | float16 | GPQA,tencentarc/mistral_pro_8b_v0.1,32vCPU-C7i,float16,GPQA,headroom,1,1,,,,,,,,,,,,excluded: front shorter than six points
mistral_pro_8b_v0.1 | 32vCPU-C7i | float16 | GSM8K,tencentarc/mistral_pro_8b_v0.1,32vCPU-C7i,float16,GSM8K,retired,1,1,,,,,,,,,,,,excluded: front shorter than six points
mistral_pro_8b_v0.1 | 32vCPU-C7i | float16 | HellaSwag,tencentarc/mistral_pro_8b_v0.1,32vCPU-C7i,float16,HellaSwag,retired,1,1,,,,,,,,,,,,excluded: front shorter than six points
mistral_pro_8b_v0.1 | 32vCPU-C7i | float16 | IFEval,tencentarc/mistral_pro_8b_v0.1,32vCPU-C7i,float16,IFEval,headroom,1,1,,,,,,,,,,,,excluded: front shorter than six points
mistral_pro_8b_v0.1 | 32vCPU-C7i | float16 | MATH Lvl 5,tencentarc/mistral_pro_8b_v0.1,32vCPU-C7i,float16,MATH Lvl 5,headroom,1,1,,,,,,,,,,,,excluded: front shorter than six points
mistral_pro_8b_v0.1 | 32vCPU-C7i | float16 | MMLU,tencentarc/mistral_pro_8b_v0.1,32vCPU-C7i,float16,MMLU,retired,1,1,,,,,,,,,,,,excluded: front shorter than six points
mistral_pro_8b_v0.1 | 32vCPU-C7i | float16 | MMLU-PRO,tencentarc/mistral_pro_8b_v0.1,32vCPU-C7i,float16,MMLU-PRO,headroom,1,1,,,,,,,,,,,,excluded: front shorter than six points
mistral_pro_8b_v0.1 | 32vCPU-C7i | float16 | MuSR,tencentarc/mistral_pro_8b_v0.1,32vCPU-C7i,float16,MuSR,headroom,1,1,,,,,,,,,,,,excluded: front shorter than six points
mistral_pro_8b_v0.1 | 32vCPU-C7i | float16 | Winogrande,tencentarc/mistral_pro_8b_v0.1,32vCPU-C7i,float16,Winogrande,retired,1,1,,,,,,,,,,,,excluded: front shorter than six points
mistral_pro_8b_v0.1 | 32vCPU-C7i | float32 | ARC-Challenge,tencentarc/mistral_pro_8b_v0.1,32vCPU-C7i,float32,ARC-Challenge,retired,1,1,,,,,,,,,,,,excluded: front shorter than six points
mistral_pro_8b_v0.1 | 32vCPU-C7i | float32 | BBH,tencentarc/mistral_pro_8b_v0.1,32vCPU-C7i,float32,BBH,headroom,1,1,,,,,,,,,,,,excluded: front shorter than six points
mistral_pro_8b_v0.1 | 32vCPU-C7i | float32 | GPQA,tencentarc/mistral_pro_8b_v0.1,32vCPU-C7i,float32,GPQA,headroom,1,1,,,,,,,,,,,,excluded: front shorter than six points
mistral_pro_8b_v0.1 | 32vCPU-C7i | float32 | GSM8K,tencentarc/mistral_pro_8b_v0.1,32vCPU-C7i,float32,GSM8K,retired,1,1,,,,,,,,,,,,excluded: front shorter than six points
mistral_pro_8b_v0.1 | 32vCPU-C7i | float32 | HellaSwag,tencentarc/mistral_pro_8b_v0.1,32vCPU-C7i,float32,HellaSwag,retired,1,1,,,,,,,,,,,,excluded: front shorter than six points
mistral_pro_8b_v0.1 | 32vCPU-C7i | float32 | IFEval,tencentarc/mistral_pro_8b_v0.1,32vCPU-C7i,float32,IFEval,headroom,1,1,,,,,,,,,,,,excluded: front shorter than six points
mistral_pro_8b_v0.1 | 32vCPU-C7i | float32 | MATH Lvl 5,tencentarc/mistral_pro_8b_v0.1,32vCPU-C7i,float32,MATH Lvl 5,headroom,1,1,,,,,,,,,,,,excluded: front shorter than six points
mistral_pro_8b_v0.1 | 32vCPU-C7i | float32 | MMLU,tencentarc/mistral_pro_8b_v0.1,32vCPU-C7i,float32,MMLU,retired,1,1,,,,,,,,,,,,excluded: front shorter than six points
mistral_pro_8b_v0.1 | 32vCPU-C7i | float32 | MMLU-PRO,tencentarc/mistral_pro_8b_v0.1,32vCPU-C7i,float32,MMLU-PRO,headroom,1,1,,,,,,,,,,,,excluded: front shorter than six points
mistral_pro_8b_v0.1 | 32vCPU-C7i | float32 | MuSR,tencentarc/mistral_pro_8b_v0.1,32vCPU-C7i,float32,MuSR,headroom,1,1,,,,,,,,,,,,excluded: front shorter than six points
mistral_pro_8b_v0.1 | 32vCPU-C7i | float32 | Winogrande,tencentarc/mistral_pro_8b_v0.1,32vCPU-C7i,float32,Winogrande,retired,1,1,,,,,,,,,,,,excluded: front shorter than six points
opt | 1xA10 | float16 | ARC-Challenge,facebook/opt,1xA10,float16,ARC-Challenge,retired,1,1,,,,,,,,,,,,excluded: front shorter than six points
opt | 1xA10 | float16 | BBH,facebook/opt,1xA10,float16,BBH,headroom,1,1,,,,,,,,,,,,excluded: front shorter than six points
opt | 1xA10 | float16 | GPQA,facebook/opt,1xA10,float16,GPQA,headroom,1,1,,,,,,,,,,,,excluded: front shorter than six points
opt | 1xA10 | float16 | GSM8K,facebook/opt,1xA10,float16,GSM8K,retired,1,1,,,,,,,,,,,,excluded: front shorter than six points
opt | 1xA10 | float16 | HellaSwag,facebook/opt,1xA10,float16,HellaSwag,retired,1,1,,,,,,,,,,,,excluded: front shorter than six points
opt | 1xA10 | float16 | IFEval,facebook/opt,1xA10,float16,IFEval,headroom,1,1,,,,,,,,,,,,excluded: front shorter than six points
opt | 1xA10 | float16 | MATH Lvl 5,facebook/opt,1xA10,float16,MATH Lvl 5,headroom,1,1,,,,,,,,,,,,excluded: front shorter than six points
opt | 1xA10 | float16 | MMLU,facebook/opt,1xA10,float16,MMLU,retired,1,1,,,,,,,,,,,,excluded: front shorter than six points
opt | 1xA10 | float16 | MMLU-PRO,facebook/opt,1xA10,float16,MMLU-PRO,headroom,1,1,,,,,,,,,,,,excluded: front shorter than six points
opt | 1xA10 | float16 | MuSR,facebook/opt,1xA10,float16,MuSR,headroom,1,1,,,,,,,,,,,,excluded: front shorter than six points
opt | 1xA10 | float16 | Winogrande,facebook/opt,1xA10,float16,Winogrande,retired,1,1,,,,,,,,,,,,excluded: front shorter than six points
opt | 1xA100 | bfloat16 | ARC-Challenge,facebook/opt,1xA100,bfloat16,ARC-Challenge,retired,1,1,,,,,,,,,,,,excluded: front shorter than six points
opt | 1xA100 | bfloat16 | BBH,facebook/opt,1xA100,bfloat16,BBH,headroom,1,1,,,,,,,,,,,,excluded: front shorter than six points
opt | 1xA100 | bfloat16 | GPQA,facebook/opt,1xA100,bfloat16,GPQA,headroom,1,1,,,,,,,,,,,,excluded: front shorter than six points
opt | 1xA100 | bfloat16 | GSM8K,facebook/opt,1xA100,bfloat16,GSM8K,retired,1,1,,,,,,,,,,,,excluded: front shorter than six points
opt | 1xA100 | bfloat16 | HellaSwag,facebook/opt,1xA100,bfloat16,HellaSwag,retired,1,1,,,,,,,,,,,,excluded: front shorter than six points
opt | 1xA100 | bfloat16 | IFEval,facebook/opt,1xA100,bfloat16,IFEval,headroom,1,1,,,,,,,,,,,,excluded: front shorter than six points
opt | 1xA100 | bfloat16 | MATH Lvl 5,facebook/opt,1xA100,bfloat16,MATH Lvl 5,headroom,1,1,,,,,,,,,,,,excluded: front shorter than six points
opt | 1xA100 | bfloat16 | MMLU,facebook/opt,1xA100,bfloat16,MMLU,retired,1,1,,,,,,,,,,,,excluded: front shorter than six points
opt | 1xA100 | bfloat16 | MMLU-PRO,facebook/opt,1xA100,bfloat16,MMLU-PRO,headroom,1,1,,,,,,,,,,,,excluded: front shorter than six points
opt | 1xA100 | bfloat16 | MuSR,facebook/opt,1xA100,bfloat16,MuSR,headroom,1,1,,,,,,,,,,,,excluded: front shorter than six points
opt | 1xA100 | bfloat16 | Winogrande,facebook/opt,1xA100,bfloat16,Winogrande,retired,1,1,,,,,,,,,,,,excluded: front shorter than six points
opt | 1xA100 | float16 | ARC-Challenge,facebook/opt,1xA100,float16,ARC-Challenge,retired,1,1,,,,,,,,,,,,excluded: front shorter than six points
opt | 1xA100 | float16 | BBH,facebook/opt,1xA100,float16,BBH,headroom,1,1,,,,,,,,,,,,excluded: front shorter than six points
opt | 1xA100 | float16 | GPQA,facebook/opt,1xA100,float16,GPQA,headroom,1,1,,,,,,,,,,,,excluded: front shorter than six points
opt | 1xA100 | float16 | GSM8K,facebook/opt,1xA100,float16,GSM8K,retired,1,1,,,,,,,,,,,,excluded: front shorter than six points
opt | 1xA100 | float16 | HellaSwag,facebook/opt,1xA100,float16,HellaSwag,retired,1,1,,,,,,,,,,,,excluded: front shorter than six points
opt | 1xA100 | float16 | IFEval,facebook/opt,1xA100,float16,IFEval,headroom,1,1,,,,,,,,,,,,excluded: front shorter than six points
opt | 1xA100 | float16 | MATH Lvl 5,facebook/opt,1xA100,float16,MATH Lvl 5,headroom,1,1,,,,,,,,,,,,excluded: front shorter than six points
opt | 1xA100 | float16 | MMLU,facebook/opt,1xA100,float16,MMLU,retired,1,1,,,,,,,,,,,,excluded: front shorter than six points
opt | 1xA100 | float16 | MMLU-PRO,facebook/opt,1xA100,float16,MMLU-PRO,headroom,1,1,,,,,,,,,,,,excluded: front shorter than six points
opt | 1xA100 | float16 | MuSR,facebook/opt,1xA100,float16,MuSR,headroom,1,1,,,,,,,,,,,,excluded: front shorter than six points
opt | 1xA100 | float16 | Winogrande,facebook/opt,1xA100,float16,Winogrande,retired,1,1,,,,,,,,,,,,excluded: front shorter than six points
phi-1_5 | 1xA10 | bfloat16 | ARC-Challenge,microsoft/phi-1_5,1xA10,bfloat16,ARC-Challenge,retired,1,1,,,,,,,,,,,,excluded: front shorter than six points
phi-1_5 | 1xA10 | bfloat16 | BBH,microsoft/phi-1_5,1xA10,bfloat16,BBH,headroom,1,1,,,,,,,,,,,,excluded: front shorter than six points
phi-1_5 | 1xA10 | bfloat16 | GPQA,microsoft/phi-1_5,1xA10,bfloat16,GPQA,headroom,1,1,,,,,,,,,,,,excluded: front shorter than six points
phi-1_5 | 1xA10 | bfloat16 | GSM8K,microsoft/phi-1_5,1xA10,bfloat16,GSM8K,retired,1,1,,,,,,,,,,,,excluded: front shorter than six points
phi-1_5 | 1xA10 | bfloat16 | HellaSwag,microsoft/phi-1_5,1xA10,bfloat16,HellaSwag,retired,1,1,,,,,,,,,,,,excluded: front shorter than six points
phi-1_5 | 1xA10 | bfloat16 | IFEval,microsoft/phi-1_5,1xA10,bfloat16,IFEval,headroom,1,1,,,,,,,,,,,,excluded: front shorter than six points
phi-1_5 | 1xA10 | bfloat16 | MATH Lvl 5,microsoft/phi-1_5,1xA10,bfloat16,MATH Lvl 5,headroom,1,1,,,,,,,,,,,,excluded: front shorter than six points
phi-1_5 | 1xA10 | bfloat16 | MMLU,microsoft/phi-1_5,1xA10,bfloat16,MMLU,retired,1,1,,,,,,,,,,,,excluded: front shorter than six points
phi-1_5 | 1xA10 | bfloat16 | MMLU-PRO,microsoft/phi-1_5,1xA10,bfloat16,MMLU-PRO,headroom,1,1,,,,,,,,,,,,excluded: front shorter than six points
phi-1_5 | 1xA10 | bfloat16 | MuSR,microsoft/phi-1_5,1xA10,bfloat16,MuSR,headroom,1,1,,,,,,,,,,,,excluded: front shorter than six points
phi-1_5 | 1xA10 | bfloat16 | Winogrande,microsoft/phi-1_5,1xA10,bfloat16,Winogrande,retired,1,1,,,,,,,,,,,,excluded: front shorter than six points
phi-1_5 | 1xA10 | float16 | ARC-Challenge,microsoft/phi-1_5,1xA10,float16,ARC-Challenge,retired,1,1,,,,,,,,,,,,excluded: front shorter than six points
phi-1_5 | 1xA10 | float16 | BBH,microsoft/phi-1_5,1xA10,float16,BBH,headroom,1,1,,,,,,,,,,,,excluded: front shorter than six points
phi-1_5 | 1xA10 | float16 | GPQA,microsoft/phi-1_5,1xA10,float16,GPQA,headroom,1,1,,,,,,,,,,,,excluded: front shorter than six points
phi-1_5 | 1xA10 | float16 | GSM8K,microsoft/phi-1_5,1xA10,float16,GSM8K,retired,1,1,,,,,,,,,,,,excluded: front shorter than six points
phi-1_5 | 1xA10 | float16 | HellaSwag,microsoft/phi-1_5,1xA10,float16,HellaSwag,retired,1,1,,,,,,,,,,,,excluded: front shorter than six points
phi-1_5 | 1xA10 | float16 | IFEval,microsoft/phi-1_5,1xA10,float16,IFEval,headroom,1,1,,,,,,,,,,,,excluded: front shorter than six points
phi-1_5 | 1xA10 | float16 | MATH Lvl 5,microsoft/phi-1_5,1xA10,float16,MATH Lvl 5,headroom,1,1,,,,,,,,,,,,excluded: front shorter than six points
phi-1_5 | 1xA10 | float16 | MMLU,microsoft/phi-1_5,1xA10,float16,MMLU,retired,1,1,,,,,,,,,,,,excluded: front shorter than six points
phi-1_5 | 1xA10 | float16 | MMLU-PRO,microsoft/phi-1_5,1xA10,float16,MMLU-PRO,headroom,1,1,,,,,,,,,,,,excluded: front shorter than six points
phi-1_5 | 1xA10 | float16 | MuSR,microsoft/phi-1_5,1xA10,float16,MuSR,headroom,1,1,,,,,,,,,,,,excluded: front shorter than six points
phi-1_5 | 1xA10 | float16 | Winogrande,microsoft/phi-1_5,1xA10,float16,Winogrande,retired,1,1,,,,,,,,,,,,excluded: front shorter than six points
phi-1_5 | 1xA10 | float32 | ARC-Challenge,microsoft/phi-1_5,1xA10,float32,ARC-Challenge,retired,1,1,,,,,,,,,,,,excluded: front shorter than six points
phi-1_5 | 1xA10 | float32 | BBH,microsoft/phi-1_5,1xA10,float32,BBH,headroom,1,1,,,,,,,,,,,,excluded: front shorter than six points
phi-1_5 | 1xA10 | float32 | GPQA,microsoft/phi-1_5,1xA10,float32,GPQA,headroom,1,1,,,,,,,,,,,,excluded: front shorter than six points
phi-1_5 | 1xA10 | float32 | GSM8K,microsoft/phi-1_5,1xA10,float32,GSM8K,retired,1,1,,,,,,,,,,,,excluded: front shorter than six points
phi-1_5 | 1xA10 | float32 | HellaSwag,microsoft/phi-1_5,1xA10,float32,HellaSwag,retired,1,1,,,,,,,,,,,,excluded: front shorter than six points
phi-1_5 | 1xA10 | float32 | IFEval,microsoft/phi-1_5,1xA10,float32,IFEval,headroom,1,1,,,,,,,,,,,,excluded: front shorter than six points
phi-1_5 | 1xA10 | float32 | MATH Lvl 5,microsoft/phi-1_5,1xA10,float32,MATH Lvl 5,headroom,1,1,,,,,,,,,,,,excluded: front shorter than six points
phi-1_5 | 1xA10 | float32 | MMLU,microsoft/phi-1_5,1xA10,float32,MMLU,retired,1,1,,,,,,,,,,,,excluded: front shorter than six points
phi-1_5 | 1xA10 | float32 | MMLU-PRO,microsoft/phi-1_5,1xA10,float32,MMLU-PRO,headroom,1,1,,,,,,,,,,,,excluded: front shorter than six points
phi-1_5 | 1xA10 | float32 | MuSR,microsoft/phi-1_5,1xA10,float32,MuSR,headroom,1,1,,,,,,,,,,,,excluded: front shorter than six points
phi-1_5 | 1xA10 | float32 | Winogrande,microsoft/phi-1_5,1xA10,float32,Winogrande,retired,1,1,,,,,,,,,,,,excluded: front shorter than six points
phi-1_5 | 1xA100 | bfloat16 | ARC-Challenge,microsoft/phi-1_5,1xA100,bfloat16,ARC-Challenge,retired,1,1,,,,,,,,,,,,excluded: front shorter than six points
phi-1_5 | 1xA100 | bfloat16 | BBH,microsoft/phi-1_5,1xA100,bfloat16,BBH,headroom,1,1,,,,,,,,,,,,excluded: front shorter than six points
phi-1_5 | 1xA100 | bfloat16 | GPQA,microsoft/phi-1_5,1xA100,bfloat16,GPQA,headroom,1,1,,,,,,,,,,,,excluded: front shorter than six points
phi-1_5 | 1xA100 | bfloat16 | GSM8K,microsoft/phi-1_5,1xA100,bfloat16,GSM8K,retired,1,1,,,,,,,,,,,,excluded: front shorter than six points
phi-1_5 | 1xA100 | bfloat16 | HellaSwag,microsoft/phi-1_5,1xA100,bfloat16,HellaSwag,retired,1,1,,,,,,,,,,,,excluded: front shorter than six points
phi-1_5 | 1xA100 | bfloat16 | IFEval,microsoft/phi-1_5,1xA100,bfloat16,IFEval,headroom,1,1,,,,,,,,,,,,excluded: front shorter than six points
phi-1_5 | 1xA100 | bfloat16 | MATH Lvl 5,microsoft/phi-1_5,1xA100,bfloat16,MATH Lvl 5,headroom,1,1,,,,,,,,,,,,excluded: front shorter than six points
phi-1_5 | 1xA100 | bfloat16 | MMLU,microsoft/phi-1_5,1xA100,bfloat16,MMLU,retired,1,1,,,,,,,,,,,,excluded: front shorter than six points
phi-1_5 | 1xA100 | bfloat16 | MMLU-PRO,microsoft/phi-1_5,1xA100,bfloat16,MMLU-PRO,headroom,1,1,,,,,,,,,,,,excluded: front shorter than six points
phi-1_5 | 1xA100 | bfloat16 | MuSR,microsoft/phi-1_5,1xA100,bfloat16,MuSR,headroom,1,1,,,,,,,,,,,,excluded: front shorter than six points
phi-1_5 | 1xA100 | bfloat16 | Winogrande,microsoft/phi-1_5,1xA100,bfloat16,Winogrande,retired,1,1,,,,,,,,,,,,excluded: front shorter than six points
phi-1_5 | 1xA100 | float16 | ARC-Challenge,microsoft/phi-1_5,1xA100,float16,ARC-Challenge,retired,1,1,,,,,,,,,,,,excluded: front shorter than six points
phi-1_5 | 1xA100 | float16 | BBH,microsoft/phi-1_5,1xA100,float16,BBH,headroom,1,1,,,,,,,,,,,,excluded: front shorter than six points
phi-1_5 | 1xA100 | float16 | GPQA,microsoft/phi-1_5,1xA100,float16,GPQA,headroom,1,1,,,,,,,,,,,,excluded: front shorter than six points
phi-1_5 | 1xA100 | float16 | GSM8K,microsoft/phi-1_5,1xA100,float16,GSM8K,retired,1,1,,,,,,,,,,,,excluded: front shorter than six points
phi-1_5 | 1xA100 | float16 | HellaSwag,microsoft/phi-1_5,1xA100,float16,HellaSwag,retired,1,1,,,,,,,,,,,,excluded: front shorter than six points
phi-1_5 | 1xA100 | float16 | IFEval,microsoft/phi-1_5,1xA100,float16,IFEval,headroom,1,1,,,,,,,,,,,,excluded: front shorter than six points
phi-1_5 | 1xA100 | float16 | MATH Lvl 5,microsoft/phi-1_5,1xA100,float16,MATH Lvl 5,headroom,1,1,,,,,,,,,,,,excluded: front shorter than six points
phi-1_5 | 1xA100 | float16 | MMLU,microsoft/phi-1_5,1xA100,float16,MMLU,retired,1,1,,,,,,,,,,,,excluded: front shorter than six points
phi-1_5 | 1xA100 | float16 | MMLU-PRO,microsoft/phi-1_5,1xA100,float16,MMLU-PRO,headroom,1,1,,,,,,,,,,,,excluded: front shorter than six points
phi-1_5 | 1xA100 | float16 | MuSR,microsoft/phi-1_5,1xA100,float16,MuSR,headroom,1,1,,,,,,,,,,,,excluded: front shorter than six points
phi-1_5 | 1xA100 | float16 | Winogrande,microsoft/phi-1_5,1xA100,float16,Winogrande,retired,1,1,,,,,,,,,,,,excluded: front shorter than six points
phi-1_5 | 1xA100 | float32 | ARC-Challenge,microsoft/phi-1_5,1xA100,float32,ARC-Challenge,retired,1,1,,,,,,,,,,,,excluded: front shorter than six points
phi-1_5 | 1xA100 | float32 | BBH,microsoft/phi-1_5,1xA100,float32,BBH,headroom,1,1,,,,,,,,,,,,excluded: front shorter than six points
phi-1_5 | 1xA100 | float32 | GPQA,microsoft/phi-1_5,1xA100,float32,GPQA,headroom,1,1,,,,,,,,,,,,excluded: front shorter than six points
phi-1_5 | 1xA100 | float32 | GSM8K,microsoft/phi-1_5,1xA100,float32,GSM8K,retired,1,1,,,,,,,,,,,,excluded: front shorter than six points
phi-1_5 | 1xA100 | float32 | HellaSwag,microsoft/phi-1_5,1xA100,float32,HellaSwag,retired,1,1,,,,,,,,,,,,excluded: front shorter than six points
phi-1_5 | 1xA100 | float32 | IFEval,microsoft/phi-1_5,1xA100,float32,IFEval,headroom,1,1,,,,,,,,,,,,excluded: front shorter than six points
phi-1_5 | 1xA100 | float32 | MATH Lvl 5,microsoft/phi-1_5,1xA100,float32,MATH Lvl 5,headroom,1,1,,,,,,,,,,,,excluded: front shorter than six points
phi-1_5 | 1xA100 | float32 | MMLU,microsoft/phi-1_5,1xA100,float32,MMLU,retired,1,1,,,,,,,,,,,,excluded: front shorter than six points
phi-1_5 | 1xA100 | float32 | MMLU-PRO,microsoft/phi-1_5,1xA100,float32,MMLU-PRO,headroom,1,1,,,,,,,,,,,,excluded: front shorter than six points
phi-1_5 | 1xA100 | float32 | MuSR,microsoft/phi-1_5,1xA100,float32,MuSR,headroom,1,1,,,,,,,,,,,,excluded: front shorter than six points
phi-1_5 | 1xA100 | float32 | Winogrande,microsoft/phi-1_5,1xA100,float32,Winogrande,retired,1,1,,,,,,,,,,,,excluded: front shorter than six points
phi-1_5 | 1xT4 | bfloat16 | ARC-Challenge,microsoft/phi-1_5,1xT4,bfloat16,ARC-Challenge,retired,1,1,,,,,,,,,,,,excluded: front shorter than six points
phi-1_5 | 1xT4 | bfloat16 | BBH,microsoft/phi-1_5,1xT4,bfloat16,BBH,headroom,1,1,,,,,,,,,,,,excluded: front shorter than six points
phi-1_5 | 1xT4 | bfloat16 | GPQA,microsoft/phi-1_5,1xT4,bfloat16,GPQA,headroom,1,1,,,,,,,,,,,,excluded: front shorter than six points
phi-1_5 | 1xT4 | bfloat16 | GSM8K,microsoft/phi-1_5,1xT4,bfloat16,GSM8K,retired,1,1,,,,,,,,,,,,excluded: front shorter than six points
phi-1_5 | 1xT4 | bfloat16 | HellaSwag,microsoft/phi-1_5,1xT4,bfloat16,HellaSwag,retired,1,1,,,,,,,,,,,,excluded: front shorter than six points
phi-1_5 | 1xT4 | bfloat16 | IFEval,microsoft/phi-1_5,1xT4,bfloat16,IFEval,headroom,1,1,,,,,,,,,,,,excluded: front shorter than six points
phi-1_5 | 1xT4 | bfloat16 | MATH Lvl 5,microsoft/phi-1_5,1xT4,bfloat16,MATH Lvl 5,headroom,1,1,,,,,,,,,,,,excluded: front shorter than six points
phi-1_5 | 1xT4 | bfloat16 | MMLU,microsoft/phi-1_5,1xT4,bfloat16,MMLU,retired,1,1,,,,,,,,,,,,excluded: front shorter than six points
phi-1_5 | 1xT4 | bfloat16 | MMLU-PRO,microsoft/phi-1_5,1xT4,bfloat16,MMLU-PRO,headroom,1,1,,,,,,,,,,,,excluded: front shorter than six points
phi-1_5 | 1xT4 | bfloat16 | MuSR,microsoft/phi-1_5,1xT4,bfloat16,MuSR,headroom,1,1,,,,,,,,,,,,excluded: front shorter than six points
phi-1_5 | 1xT4 | bfloat16 | Winogrande,microsoft/phi-1_5,1xT4,bfloat16,Winogrande,retired,1,1,,,,,,,,,,,,excluded: front shorter than six points
phi-1_5 | 1xT4 | float16 | ARC-Challenge,microsoft/phi-1_5,1xT4,float16,ARC-Challenge,retired,1,1,,,,,,,,,,,,excluded: front shorter than six points
phi-1_5 | 1xT4 | float16 | BBH,microsoft/phi-1_5,1xT4,float16,BBH,headroom,1,1,,,,,,,,,,,,excluded: front shorter than six points
phi-1_5 | 1xT4 | float16 | GPQA,microsoft/phi-1_5,1xT4,float16,GPQA,headroom,1,1,,,,,,,,,,,,excluded: front shorter than six points
phi-1_5 | 1xT4 | float16 | GSM8K,microsoft/phi-1_5,1xT4,float16,GSM8K,retired,1,1,,,,,,,,,,,,excluded: front shorter than six points
phi-1_5 | 1xT4 | float16 | HellaSwag,microsoft/phi-1_5,1xT4,float16,HellaSwag,retired,1,1,,,,,,,,,,,,excluded: front shorter than six points
phi-1_5 | 1xT4 | float16 | IFEval,microsoft/phi-1_5,1xT4,float16,IFEval,headroom,1,1,,,,,,,,,,,,excluded: front shorter than six points
phi-1_5 | 1xT4 | float16 | MATH Lvl 5,microsoft/phi-1_5,1xT4,float16,MATH Lvl 5,headroom,1,1,,,,,,,,,,,,excluded: front shorter than six points
phi-1_5 | 1xT4 | float16 | MMLU,microsoft/phi-1_5,1xT4,float16,MMLU,retired,1,1,,,,,,,,,,,,excluded: front shorter than six points
phi-1_5 | 1xT4 | float16 | MMLU-PRO,microsoft/phi-1_5,1xT4,float16,MMLU-PRO,headroom,1,1,,,,,,,,,,,,excluded: front shorter than six points
phi-1_5 | 1xT4 | float16 | MuSR,microsoft/phi-1_5,1xT4,float16,MuSR,headroom,1,1,,,,,,,,,,,,excluded: front shorter than six points
phi-1_5 | 1xT4 | float16 | Winogrande,microsoft/phi-1_5,1xT4,float16,Winogrande,retired,1,1,,,,,,,,,,,,excluded: front shorter than six points
phi-1_5 | 1xT4 | float32 | ARC-Challenge,microsoft/phi-1_5,1xT4,float32,ARC-Challenge,retired,1,1,,,,,,,,,,,,excluded: front shorter than six points
phi-1_5 | 1xT4 | float32 | BBH,microsoft/phi-1_5,1xT4,float32,BBH,headroom,1,1,,,,,,,,,,,,excluded: front shorter than six points
phi-1_5 | 1xT4 | float32 | GPQA,microsoft/phi-1_5,1xT4,float32,GPQA,headroom,1,1,,,,,,,,,,,,excluded: front shorter than six points
phi-1_5 | 1xT4 | float32 | GSM8K,microsoft/phi-1_5,1xT4,float32,GSM8K,retired,1,1,,,,,,,,,,,,excluded: front shorter than six points
phi-1_5 | 1xT4 | float32 | HellaSwag,microsoft/phi-1_5,1xT4,float32,HellaSwag,retired,1,1,,,,,,,,,,,,excluded: front shorter than six points
phi-1_5 | 1xT4 | float32 | IFEval,microsoft/phi-1_5,1xT4,float32,IFEval,headroom,1,1,,,,,,,,,,,,excluded: front shorter than six points
phi-1_5 | 1xT4 | float32 | MATH Lvl 5,microsoft/phi-1_5,1xT4,float32,MATH Lvl 5,headroom,1,1,,,,,,,,,,,,excluded: front shorter than six points
phi-1_5 | 1xT4 | float32 | MMLU,microsoft/phi-1_5,1xT4,float32,MMLU,retired,1,1,,,,,,,,,,,,excluded: front shorter than six points
phi-1_5 | 1xT4 | float32 | MMLU-PRO,microsoft/phi-1_5,1xT4,float32,MMLU-PRO,headroom,1,1,,,,,,,,,,,,excluded: front shorter than six points
phi-1_5 | 1xT4 | float32 | MuSR,microsoft/phi-1_5,1xT4,float32,MuSR,headroom,1,1,,,,,,,,,,,,excluded: front shorter than six points
phi-1_5 | 1xT4 | float32 | Winogrande,microsoft/phi-1_5,1xT4,float32,Winogrande,retired,1,1,,,,,,,,,,,,excluded: front shorter than six points
phi-1_5 | 32vCPU-C7i | bfloat16 | ARC-Challenge,microsoft/phi-1_5,32vCPU-C7i,bfloat16,ARC-Challenge,retired,1,1,,,,,,,,,,,,excluded: front shorter than six points
phi-1_5 | 32vCPU-C7i | bfloat16 | BBH,microsoft/phi-1_5,32vCPU-C7i,bfloat16,BBH,headroom,1,1,,,,,,,,,,,,excluded: front shorter than six points
phi-1_5 | 32vCPU-C7i | bfloat16 | GPQA,microsoft/phi-1_5,32vCPU-C7i,bfloat16,GPQA,headroom,1,1,,,,,,,,,,,,excluded: front shorter than six points
phi-1_5 | 32vCPU-C7i | bfloat16 | GSM8K,microsoft/phi-1_5,32vCPU-C7i,bfloat16,GSM8K,retired,1,1,,,,,,,,,,,,excluded: front shorter than six points
phi-1_5 | 32vCPU-C7i | bfloat16 | HellaSwag,microsoft/phi-1_5,32vCPU-C7i,bfloat16,HellaSwag,retired,1,1,,,,,,,,,,,,excluded: front shorter than six points
phi-1_5 | 32vCPU-C7i | bfloat16 | IFEval,microsoft/phi-1_5,32vCPU-C7i,bfloat16,IFEval,headroom,1,1,,,,,,,,,,,,excluded: front shorter than six points
phi-1_5 | 32vCPU-C7i | bfloat16 | MATH Lvl 5,microsoft/phi-1_5,32vCPU-C7i,bfloat16,MATH Lvl 5,headroom,1,1,,,,,,,,,,,,excluded: front shorter than six points
phi-1_5 | 32vCPU-C7i | bfloat16 | MMLU,microsoft/phi-1_5,32vCPU-C7i,bfloat16,MMLU,retired,1,1,,,,,,,,,,,,excluded: front shorter than six points
phi-1_5 | 32vCPU-C7i | bfloat16 | MMLU-PRO,microsoft/phi-1_5,32vCPU-C7i,bfloat16,MMLU-PRO,headroom,1,1,,,,,,,,,,,,excluded: front shorter than six points
phi-1_5 | 32vCPU-C7i | bfloat16 | MuSR,microsoft/phi-1_5,32vCPU-C7i,bfloat16,MuSR,headroom,1,1,,,,,,,,,,,,excluded: front shorter than six points
phi-1_5 | 32vCPU-C7i | bfloat16 | Winogrande,microsoft/phi-1_5,32vCPU-C7i,bfloat16,Winogrande,retired,1,1,,,,,,,,,,,,excluded: front shorter than six points
phi-1_5 | 32vCPU-C7i | float16 | ARC-Challenge,microsoft/phi-1_5,32vCPU-C7i,float16,ARC-Challenge,retired,1,1,,,,,,,,,,,,excluded: front shorter than six points
phi-1_5 | 32vCPU-C7i | float16 | BBH,microsoft/phi-1_5,32vCPU-C7i,float16,BBH,headroom,1,1,,,,,,,,,,,,excluded: front shorter than six points
phi-1_5 | 32vCPU-C7i | float16 | GPQA,microsoft/phi-1_5,32vCPU-C7i,float16,GPQA,headroom,1,1,,,,,,,,,,,,excluded: front shorter than six points
phi-1_5 | 32vCPU-C7i | float16 | GSM8K,microsoft/phi-1_5,32vCPU-C7i,float16,GSM8K,retired,1,1,,,,,,,,,,,,excluded: front shorter than six points
phi-1_5 | 32vCPU-C7i | float16 | HellaSwag,microsoft/phi-1_5,32vCPU-C7i,float16,HellaSwag,retired,1,1,,,,,,,,,,,,excluded: front shorter than six points
phi-1_5 | 32vCPU-C7i | float16 | IFEval,microsoft/phi-1_5,32vCPU-C7i,float16,IFEval,headroom,1,1,,,,,,,,,,,,excluded: front shorter than six points
phi-1_5 | 32vCPU-C7i | float16 | MATH Lvl 5,microsoft/phi-1_5,32vCPU-C7i,float16,MATH Lvl 5,headroom,1,1,,,,,,,,,,,,excluded: front shorter than six points
phi-1_5 | 32vCPU-C7i | float16 | MMLU,microsoft/phi-1_5,32vCPU-C7i,float16,MMLU,retired,1,1,,,,,,,,,,,,excluded: front shorter than six points
phi-1_5 | 32vCPU-C7i | float16 | MMLU-PRO,microsoft/phi-1_5,32vCPU-C7i,float16,MMLU-PRO,headroom,1,1,,,,,,,,,,,,excluded: front shorter than six points
phi-1_5 | 32vCPU-C7i | float16 | MuSR,microsoft/phi-1_5,32vCPU-C7i,float16,MuSR,headroom,1,1,,,,,,,,,,,,excluded: front shorter than six points
phi-1_5 | 32vCPU-C7i | float16 | Winogrande,microsoft/phi-1_5,32vCPU-C7i,float16,Winogrande,retired,1,1,,,,,,,,,,,,excluded: front shorter than six points
phi-1_5 | 32vCPU-C7i | float32 | ARC-Challenge,microsoft/phi-1_5,32vCPU-C7i,float32,ARC-Challenge,retired,1,1,,,,,,,,,,,,excluded: front shorter than six points
phi-1_5 | 32vCPU-C7i | float32 | BBH,microsoft/phi-1_5,32vCPU-C7i,float32,BBH,headroom,1,1,,,,,,,,,,,,excluded: front shorter than six points
phi-1_5 | 32vCPU-C7i | float32 | GPQA,microsoft/phi-1_5,32vCPU-C7i,float32,GPQA,headroom,1,1,,,,,,,,,,,,excluded: front shorter than six points
phi-1_5 | 32vCPU-C7i | float32 | GSM8K,microsoft/phi-1_5,32vCPU-C7i,float32,GSM8K,retired,1,1,,,,,,,,,,,,excluded: front shorter than six points
phi-1_5 | 32vCPU-C7i | float32 | HellaSwag,microsoft/phi-1_5,32vCPU-C7i,float32,HellaSwag,retired,1,1,,,,,,,,,,,,excluded: front shorter than six points
phi-1_5 | 32vCPU-C7i | float32 | IFEval,microsoft/phi-1_5,32vCPU-C7i,float32,IFEval,headroom,1,1,,,,,,,,,,,,excluded: front shorter than six points
phi-1_5 | 32vCPU-C7i | float32 | MATH Lvl 5,microsoft/phi-1_5,32vCPU-C7i,float32,MATH Lvl 5,headroom,1,1,,,,,,,,,,,,excluded: front shorter than six points
phi-1_5 | 32vCPU-C7i | float32 | MMLU,microsoft/phi-1_5,32vCPU-C7i,float32,MMLU,retired,1,1,,,,,,,,,,,,excluded: front shorter than six points
phi-1_5 | 32vCPU-C7i | float32 | MMLU-PRO,microsoft/phi-1_5,32vCPU-C7i,float32,MMLU-PRO,headroom,1,1,,,,,,,,,,,,excluded: front shorter than six points
phi-1_5 | 32vCPU-C7i | float32 | MuSR,microsoft/phi-1_5,32vCPU-C7i,float32,MuSR,headroom,1,1,,,,,,,,,,,,excluded: front shorter than six points
phi-1_5 | 32vCPU-C7i | float32 | Winogrande,microsoft/phi-1_5,32vCPU-C7i,float32,Winogrande,retired,1,1,,,,,,,,,,,,excluded: front shorter than six points
phi-3-mini-4k | 1xA10 | bfloat16 | ARC-Challenge,microsoft/phi-3-mini-4k,1xA10,bfloat16,ARC-Challenge,retired,1,1,,,,,,,,,,,,excluded: front shorter than six points
phi-3-mini-4k | 1xA10 | bfloat16 | BBH,microsoft/phi-3-mini-4k,1xA10,bfloat16,BBH,headroom,1,1,,,,,,,,,,,,excluded: front shorter than six points
phi-3-mini-4k | 1xA10 | bfloat16 | GPQA,microsoft/phi-3-mini-4k,1xA10,bfloat16,GPQA,headroom,1,1,,,,,,,,,,,,excluded: front shorter than six points
phi-3-mini-4k | 1xA10 | bfloat16 | GSM8K,microsoft/phi-3-mini-4k,1xA10,bfloat16,GSM8K,retired,1,1,,,,,,,,,,,,excluded: front shorter than six points
phi-3-mini-4k | 1xA10 | bfloat16 | HellaSwag,microsoft/phi-3-mini-4k,1xA10,bfloat16,HellaSwag,retired,1,1,,,,,,,,,,,,excluded: front shorter than six points
phi-3-mini-4k | 1xA10 | bfloat16 | IFEval,microsoft/phi-3-mini-4k,1xA10,bfloat16,IFEval,headroom,1,1,,,,,,,,,,,,excluded: front shorter than six points
phi-3-mini-4k | 1xA10 | bfloat16 | MATH Lvl 5,microsoft/phi-3-mini-4k,1xA10,bfloat16,MATH Lvl 5,headroom,1,1,,,,,,,,,,,,excluded: front shorter than six points
phi-3-mini-4k | 1xA10 | bfloat16 | MMLU,microsoft/phi-3-mini-4k,1xA10,bfloat16,MMLU,retired,1,1,,,,,,,,,,,,excluded: front shorter than six points
phi-3-mini-4k | 1xA10 | bfloat16 | MMLU-PRO,microsoft/phi-3-mini-4k,1xA10,bfloat16,MMLU-PRO,headroom,1,1,,,,,,,,,,,,excluded: front shorter than six points
phi-3-mini-4k | 1xA10 | bfloat16 | MuSR,microsoft/phi-3-mini-4k,1xA10,bfloat16,MuSR,headroom,1,1,,,,,,,,,,,,excluded: front shorter than six points
phi-3-mini-4k | 1xA10 | bfloat16 | Winogrande,microsoft/phi-3-mini-4k,1xA10,bfloat16,Winogrande,retired,1,1,,,,,,,,,,,,excluded: front shorter than six points
phi-3-mini-4k | 1xA10 | float16 | ARC-Challenge,microsoft/phi-3-mini-4k,1xA10,float16,ARC-Challenge,retired,1,1,,,,,,,,,,,,excluded: front shorter than six points
phi-3-mini-4k | 1xA10 | float16 | BBH,microsoft/phi-3-mini-4k,1xA10,float16,BBH,headroom,1,1,,,,,,,,,,,,excluded: front shorter than six points
phi-3-mini-4k | 1xA10 | float16 | GPQA,microsoft/phi-3-mini-4k,1xA10,float16,GPQA,headroom,1,1,,,,,,,,,,,,excluded: front shorter than six points
phi-3-mini-4k | 1xA10 | float16 | GSM8K,microsoft/phi-3-mini-4k,1xA10,float16,GSM8K,retired,1,1,,,,,,,,,,,,excluded: front shorter than six points
phi-3-mini-4k | 1xA10 | float16 | HellaSwag,microsoft/phi-3-mini-4k,1xA10,float16,HellaSwag,retired,1,1,,,,,,,,,,,,excluded: front shorter than six points
phi-3-mini-4k | 1xA10 | float16 | IFEval,microsoft/phi-3-mini-4k,1xA10,float16,IFEval,headroom,1,1,,,,,,,,,,,,excluded: front shorter than six points
phi-3-mini-4k | 1xA10 | float16 | MATH Lvl 5,microsoft/phi-3-mini-4k,1xA10,float16,MATH Lvl 5,headroom,1,1,,,,,,,,,,,,excluded: front shorter than six points
phi-3-mini-4k | 1xA10 | float16 | MMLU,microsoft/phi-3-mini-4k,1xA10,float16,MMLU,retired,1,1,,,,,,,,,,,,excluded: front shorter than six points
phi-3-mini-4k | 1xA10 | float16 | MMLU-PRO,microsoft/phi-3-mini-4k,1xA10,float16,MMLU-PRO,headroom,1,1,,,,,,,,,,,,excluded: front shorter than six points
phi-3-mini-4k | 1xA10 | float16 | MuSR,microsoft/phi-3-mini-4k,1xA10,float16,MuSR,headroom,1,1,,,,,,,,,,,,excluded: front shorter than six points
phi-3-mini-4k | 1xA10 | float16 | Winogrande,microsoft/phi-3-mini-4k,1xA10,float16,Winogrande,retired,1,1,,,,,,,,,,,,excluded: front shorter than six points
phi-3-mini-4k | 1xA10 | float32 | ARC-Challenge,microsoft/phi-3-mini-4k,1xA10,float32,ARC-Challenge,retired,1,1,,,,,,,,,,,,excluded: front shorter than six points
phi-3-mini-4k | 1xA10 | float32 | BBH,microsoft/phi-3-mini-4k,1xA10,float32,BBH,headroom,1,1,,,,,,,,,,,,excluded: front shorter than six points
phi-3-mini-4k | 1xA10 | float32 | GPQA,microsoft/phi-3-mini-4k,1xA10,float32,GPQA,headroom,1,1,,,,,,,,,,,,excluded: front shorter than six points
phi-3-mini-4k | 1xA10 | float32 | GSM8K,microsoft/phi-3-mini-4k,1xA10,float32,GSM8K,retired,1,1,,,,,,,,,,,,excluded: front shorter than six points
phi-3-mini-4k | 1xA10 | float32 | HellaSwag,microsoft/phi-3-mini-4k,1xA10,float32,HellaSwag,retired,1,1,,,,,,,,,,,,excluded: front shorter than six points
phi-3-mini-4k | 1xA10 | float32 | IFEval,microsoft/phi-3-mini-4k,1xA10,float32,IFEval,headroom,1,1,,,,,,,,,,,,excluded: front shorter than six points
phi-3-mini-4k | 1xA10 | float32 | MATH Lvl 5,microsoft/phi-3-mini-4k,1xA10,float32,MATH Lvl 5,headroom,1,1,,,,,,,,,,,,excluded: front shorter than six points
phi-3-mini-4k | 1xA10 | float32 | MMLU,microsoft/phi-3-mini-4k,1xA10,float32,MMLU,retired,1,1,,,,,,,,,,,,excluded: front shorter than six points
phi-3-mini-4k | 1xA10 | float32 | MMLU-PRO,microsoft/phi-3-mini-4k,1xA10,float32,MMLU-PRO,headroom,1,1,,,,,,,,,,,,excluded: front shorter than six points
phi-3-mini-4k | 1xA10 | float32 | MuSR,microsoft/phi-3-mini-4k,1xA10,float32,MuSR,headroom,1,1,,,,,,,,,,,,excluded: front shorter than six points
phi-3-mini-4k | 1xA10 | float32 | Winogrande,microsoft/phi-3-mini-4k,1xA10,float32,Winogrande,retired,1,1,,,,,,,,,,,,excluded: front shorter than six points
phi-3-mini-4k | 1xT4 | bfloat16 | ARC-Challenge,microsoft/phi-3-mini-4k,1xT4,bfloat16,ARC-Challenge,retired,1,1,,,,,,,,,,,,excluded: front shorter than six points
phi-3-mini-4k | 1xT4 | bfloat16 | BBH,microsoft/phi-3-mini-4k,1xT4,bfloat16,BBH,headroom,1,1,,,,,,,,,,,,excluded: front shorter than six points
phi-3-mini-4k | 1xT4 | bfloat16 | GPQA,microsoft/phi-3-mini-4k,1xT4,bfloat16,GPQA,headroom,1,1,,,,,,,,,,,,excluded: front shorter than six points
phi-3-mini-4k | 1xT4 | bfloat16 | GSM8K,microsoft/phi-3-mini-4k,1xT4,bfloat16,GSM8K,retired,1,1,,,,,,,,,,,,excluded: front shorter than six points
phi-3-mini-4k | 1xT4 | bfloat16 | HellaSwag,microsoft/phi-3-mini-4k,1xT4,bfloat16,HellaSwag,retired,1,1,,,,,,,,,,,,excluded: front shorter than six points
phi-3-mini-4k | 1xT4 | bfloat16 | IFEval,microsoft/phi-3-mini-4k,1xT4,bfloat16,IFEval,headroom,1,1,,,,,,,,,,,,excluded: front shorter than six points
phi-3-mini-4k | 1xT4 | bfloat16 | MATH Lvl 5,microsoft/phi-3-mini-4k,1xT4,bfloat16,MATH Lvl 5,headroom,1,1,,,,,,,,,,,,excluded: front shorter than six points
phi-3-mini-4k | 1xT4 | bfloat16 | MMLU,microsoft/phi-3-mini-4k,1xT4,bfloat16,MMLU,retired,1,1,,,,,,,,,,,,excluded: front shorter than six points
phi-3-mini-4k | 1xT4 | bfloat16 | MMLU-PRO,microsoft/phi-3-mini-4k,1xT4,bfloat16,MMLU-PRO,headroom,1,1,,,,,,,,,,,,excluded: front shorter than six points
phi-3-mini-4k | 1xT4 | bfloat16 | MuSR,microsoft/phi-3-mini-4k,1xT4,bfloat16,MuSR,headroom,1,1,,,,,,,,,,,,excluded: front shorter than six points
phi-3-mini-4k | 1xT4 | bfloat16 | Winogrande,microsoft/phi-3-mini-4k,1xT4,bfloat16,Winogrande,retired,1,1,,,,,,,,,,,,excluded: front shorter than six points
phi-3-mini-4k | 1xT4 | float16 | ARC-Challenge,microsoft/phi-3-mini-4k,1xT4,float16,ARC-Challenge,retired,1,1,,,,,,,,,,,,excluded: front shorter than six points
phi-3-mini-4k | 1xT4 | float16 | BBH,microsoft/phi-3-mini-4k,1xT4,float16,BBH,headroom,1,1,,,,,,,,,,,,excluded: front shorter than six points
phi-3-mini-4k | 1xT4 | float16 | GPQA,microsoft/phi-3-mini-4k,1xT4,float16,GPQA,headroom,1,1,,,,,,,,,,,,excluded: front shorter than six points
phi-3-mini-4k | 1xT4 | float16 | GSM8K,microsoft/phi-3-mini-4k,1xT4,float16,GSM8K,retired,1,1,,,,,,,,,,,,excluded: front shorter than six points
phi-3-mini-4k | 1xT4 | float16 | HellaSwag,microsoft/phi-3-mini-4k,1xT4,float16,HellaSwag,retired,1,1,,,,,,,,,,,,excluded: front shorter than six points
phi-3-mini-4k | 1xT4 | float16 | IFEval,microsoft/phi-3-mini-4k,1xT4,float16,IFEval,headroom,1,1,,,,,,,,,,,,excluded: front shorter than six points
phi-3-mini-4k | 1xT4 | float16 | MATH Lvl 5,microsoft/phi-3-mini-4k,1xT4,float16,MATH Lvl 5,headroom,1,1,,,,,,,,,,,,excluded: front shorter than six points
phi-3-mini-4k | 1xT4 | float16 | MMLU,microsoft/phi-3-mini-4k,1xT4,float16,MMLU,retired,1,1,,,,,,,,,,,,excluded: front shorter than six points
phi-3-mini-4k | 1xT4 | float16 | MMLU-PRO,microsoft/phi-3-mini-4k,1xT4,float16,MMLU-PRO,headroom,1,1,,,,,,,,,,,,excluded: front shorter than six points
phi-3-mini-4k | 1xT4 | float16 | MuSR,microsoft/phi-3-mini-4k,1xT4,float16,MuSR,headroom,1,1,,,,,,,,,,,,excluded: front shorter than six points
phi-3-mini-4k | 1xT4 | float16 | Winogrande,microsoft/phi-3-mini-4k,1xT4,float16,Winogrande,retired,1,1,,,,,,,,,,,,excluded: front shorter than six points
phi-3-mini-4k | 32vCPU-C7i | bfloat16 | ARC-Challenge,microsoft/phi-3-mini-4k,32vCPU-C7i,bfloat16,ARC-Challenge,retired,1,1,,,,,,,,,,,,excluded: front shorter than six points
phi-3-mini-4k | 32vCPU-C7i | bfloat16 | BBH,microsoft/phi-3-mini-4k,32vCPU-C7i,bfloat16,BBH,headroom,1,1,,,,,,,,,,,,excluded: front shorter than six points
phi-3-mini-4k | 32vCPU-C7i | bfloat16 | GPQA,microsoft/phi-3-mini-4k,32vCPU-C7i,bfloat16,GPQA,headroom,1,1,,,,,,,,,,,,excluded: front shorter than six points
phi-3-mini-4k | 32vCPU-C7i | bfloat16 | GSM8K,microsoft/phi-3-mini-4k,32vCPU-C7i,bfloat16,GSM8K,retired,1,1,,,,,,,,,,,,excluded: front shorter than six points
phi-3-mini-4k | 32vCPU-C7i | bfloat16 | HellaSwag,microsoft/phi-3-mini-4k,32vCPU-C7i,bfloat16,HellaSwag,retired,1,1,,,,,,,,,,,,excluded: front shorter than six points
phi-3-mini-4k | 32vCPU-C7i | bfloat16 | IFEval,microsoft/phi-3-mini-4k,32vCPU-C7i,bfloat16,IFEval,headroom,1,1,,,,,,,,,,,,excluded: front shorter than six points
phi-3-mini-4k | 32vCPU-C7i | bfloat16 | MATH Lvl 5,microsoft/phi-3-mini-4k,32vCPU-C7i,bfloat16,MATH Lvl 5,headroom,1,1,,,,,,,,,,,,excluded: front shorter than six points
phi-3-mini-4k | 32vCPU-C7i | bfloat16 | MMLU,microsoft/phi-3-mini-4k,32vCPU-C7i,bfloat16,MMLU,retired,1,1,,,,,,,,,,,,excluded: front shorter than six points
phi-3-mini-4k | 32vCPU-C7i | bfloat16 | MMLU-PRO,microsoft/phi-3-mini-4k,32vCPU-C7i,bfloat16,MMLU-PRO,headroom,1,1,,,,,,,,,,,,excluded: front shorter than six points
phi-3-mini-4k | 32vCPU-C7i | bfloat16 | MuSR,microsoft/phi-3-mini-4k,32vCPU-C7i,bfloat16,MuSR,headroom,1,1,,,,,,,,,,,,excluded: front shorter than six points
phi-3-mini-4k | 32vCPU-C7i | bfloat16 | Winogrande,microsoft/phi-3-mini-4k,32vCPU-C7i,bfloat16,Winogrande,retired,1,1,,,,,,,,,,,,excluded: front shorter than six points
phi-3-mini-4k | 32vCPU-C7i | float16 | ARC-Challenge,microsoft/phi-3-mini-4k,32vCPU-C7i,float16,ARC-Challenge,retired,1,1,,,,,,,,,,,,excluded: front shorter than six points
phi-3-mini-4k | 32vCPU-C7i | float16 | BBH,microsoft/phi-3-mini-4k,32vCPU-C7i,float16,BBH,headroom,1,1,,,,,,,,,,,,excluded: front shorter than six points
phi-3-mini-4k | 32vCPU-C7i | float16 | GPQA,microsoft/phi-3-mini-4k,32vCPU-C7i,float16,GPQA,headroom,1,1,,,,,,,,,,,,excluded: front shorter than six points
phi-3-mini-4k | 32vCPU-C7i | float16 | GSM8K,microsoft/phi-3-mini-4k,32vCPU-C7i,float16,GSM8K,retired,1,1,,,,,,,,,,,,excluded: front shorter than six points
phi-3-mini-4k | 32vCPU-C7i | float16 | HellaSwag,microsoft/phi-3-mini-4k,32vCPU-C7i,float16,HellaSwag,retired,1,1,,,,,,,,,,,,excluded: front shorter than six points
phi-3-mini-4k | 32vCPU-C7i | float16 | IFEval,microsoft/phi-3-mini-4k,32vCPU-C7i,float16,IFEval,headroom,1,1,,,,,,,,,,,,excluded: front shorter than six points
phi-3-mini-4k | 32vCPU-C7i | float16 | MATH Lvl 5,microsoft/phi-3-mini-4k,32vCPU-C7i,float16,MATH Lvl 5,headroom,1,1,,,,,,,,,,,,excluded: front shorter than six points
phi-3-mini-4k | 32vCPU-C7i | float16 | MMLU,microsoft/phi-3-mini-4k,32vCPU-C7i,float16,MMLU,retired,1,1,,,,,,,,,,,,excluded: front shorter than six points
phi-3-mini-4k | 32vCPU-C7i | float16 | MMLU-PRO,microsoft/phi-3-mini-4k,32vCPU-C7i,float16,MMLU-PRO,headroom,1,1,,,,,,,,,,,,excluded: front shorter than six points
phi-3-mini-4k | 32vCPU-C7i | float16 | MuSR,microsoft/phi-3-mini-4k,32vCPU-C7i,float16,MuSR,headroom,1,1,,,,,,,,,,,,excluded: front shorter than six points
phi-3-mini-4k | 32vCPU-C7i | float16 | Winogrande,microsoft/phi-3-mini-4k,32vCPU-C7i,float16,Winogrande,retired,1,1,,,,,,,,,,,,excluded: front shorter than six points
phi-3-mini-4k | 32vCPU-C7i | float32 | ARC-Challenge,microsoft/phi-3-mini-4k,32vCPU-C7i,float32,ARC-Challenge,retired,1,1,,,,,,,,,,,,excluded: front shorter than six points
phi-3-mini-4k | 32vCPU-C7i | float32 | BBH,microsoft/phi-3-mini-4k,32vCPU-C7i,float32,BBH,headroom,1,1,,,,,,,,,,,,excluded: front shorter than six points
phi-3-mini-4k | 32vCPU-C7i | float32 | GPQA,microsoft/phi-3-mini-4k,32vCPU-C7i,float32,GPQA,headroom,1,1,,,,,,,,,,,,excluded: front shorter than six points
phi-3-mini-4k | 32vCPU-C7i | float32 | GSM8K,microsoft/phi-3-mini-4k,32vCPU-C7i,float32,GSM8K,retired,1,1,,,,,,,,,,,,excluded: front shorter than six points
phi-3-mini-4k | 32vCPU-C7i | float32 | HellaSwag,microsoft/phi-3-mini-4k,32vCPU-C7i,float32,HellaSwag,retired,1,1,,,,,,,,,,,,excluded: front shorter than six points
phi-3-mini-4k | 32vCPU-C7i | float32 | IFEval,microsoft/phi-3-mini-4k,32vCPU-C7i,float32,IFEval,headroom,1,1,,,,,,,,,,,,excluded: front shorter than six points
phi-3-mini-4k | 32vCPU-C7i | float32 | MATH Lvl 5,microsoft/phi-3-mini-4k,32vCPU-C7i,float32,MATH Lvl 5,headroom,1,1,,,,,,,,,,,,excluded: front shorter than six points
phi-3-mini-4k | 32vCPU-C7i | float32 | MMLU,microsoft/phi-3-mini-4k,32vCPU-C7i,float32,MMLU,retired,1,1,,,,,,,,,,,,excluded: front shorter than six points
phi-3-mini-4k | 32vCPU-C7i | float32 | MMLU-PRO,microsoft/phi-3-mini-4k,32vCPU-C7i,float32,MMLU-PRO,headroom,1,1,,,,,,,,,,,,excluded: front shorter than six points
phi-3-mini-4k | 32vCPU-C7i | float32 | MuSR,microsoft/phi-3-mini-4k,32vCPU-C7i,float32,MuSR,headroom,1,1,,,,,,,,,,,,excluded: front shorter than six points
phi-3-mini-4k | 32vCPU-C7i | float32 | Winogrande,microsoft/phi-3-mini-4k,32vCPU-C7i,float32,Winogrande,retired,1,1,,,,,,,,,,,,excluded: front shorter than six points
pythia | 1xA10 | bfloat16 | ARC-Challenge,eleutherai/pythia,1xA10,bfloat16,ARC-Challenge,retired,1,1,,,,,,,,,,,,excluded: front shorter than six points
pythia | 1xA10 | bfloat16 | BBH,eleutherai/pythia,1xA10,bfloat16,BBH,headroom,2,2,0.97285,,,,,,,,0.005,0.625,,excluded: front shorter than six points
pythia | 1xA10 | bfloat16 | GPQA,eleutherai/pythia,1xA10,bfloat16,GPQA,headroom,2,2,0.9877,,,,,,,,0.001,0.625,,excluded: front shorter than six points
pythia | 1xA10 | bfloat16 | GSM8K,eleutherai/pythia,1xA10,bfloat16,GSM8K,retired,2,2,0.9932,,,,,,,,0.005,0.625,,excluded: front shorter than six points
pythia | 1xA10 | bfloat16 | HellaSwag,eleutherai/pythia,1xA10,bfloat16,HellaSwag,retired,2,2,0.78867,,,,,,,,0.164,0.625,,excluded: front shorter than six points
pythia | 1xA10 | bfloat16 | IFEval,eleutherai/pythia,1xA10,bfloat16,IFEval,headroom,2,2,0.78046,,,,,,,,0.048,0.625,,excluded: front shorter than six points
pythia | 1xA10 | bfloat16 | MATH Lvl 5,eleutherai/pythia,1xA10,bfloat16,MATH Lvl 5,headroom,2,2,0.99018,,,,,,,,0.001,0.625,,excluded: front shorter than six points
pythia | 1xA10 | bfloat16 | MMLU,eleutherai/pythia,1xA10,bfloat16,MMLU,retired,1,1,,,,,,,,,,,,excluded: front shorter than six points
pythia | 1xA10 | bfloat16 | MMLU-PRO,eleutherai/pythia,1xA10,bfloat16,MMLU-PRO,headroom,2,2,0.9858,,,,,,,,0.001,0.625,,excluded: front shorter than six points
pythia | 1xA10 | bfloat16 | MuSR,eleutherai/pythia,1xA10,bfloat16,MuSR,headroom,2,1,,,,,,,,,,,,excluded: front shorter than six points
pythia | 1xA10 | bfloat16 | Winogrande,eleutherai/pythia,1xA10,bfloat16,Winogrande,retired,2,2,0.9376,,,,,,,,0.033,0.625,,excluded: front shorter than six points
pythia | 1xA10 | float16 | ARC-Challenge,eleutherai/pythia,1xA10,float16,ARC-Challenge,retired,2,2,0.80547,,,,,,,,0.2,2.703,,excluded: front shorter than six points
pythia | 1xA10 | float16 | BBH,eleutherai/pythia,1xA10,float16,BBH,headroom,3,3,0.95012,,,,,,,,0.029,3.41,,excluded: front shorter than six points
pythia | 1xA10 | float16 | GPQA,eleutherai/pythia,1xA10,float16,GPQA,headroom,2,2,0.9877,,,,,,,,0.001,0.707,,excluded: front shorter than six points
pythia | 1xA10 | float16 | GSM8K,eleutherai/pythia,1xA10,float16,GSM8K,retired,3,3,0.9826,,,,,,,,0.015,3.41,,excluded: front shorter than six points
pythia | 1xA10 | float16 | HellaSwag,eleutherai/pythia,1xA10,float16,HellaSwag,retired,3,3,0.41573,,,,,,,,0.804,3.41,,excluded: front shorter than six points
pythia | 1xA10 | float16 | IFEval,eleutherai/pythia,1xA10,float16,IFEval,headroom,3,3,0.75285,,,,,,,,0.084,3.41,,excluded: front shorter than six points
pythia | 1xA10 | float16 | MATH Lvl 5,eleutherai/pythia,1xA10,float16,MATH Lvl 5,headroom,3,3,0.98338,,,,,,,,0.008,3.41,,excluded: front shorter than six points
pythia | 1xA10 | float16 | MMLU,eleutherai/pythia,1xA10,float16,MMLU,retired,2,1,,,,,,,,,,,,excluded: front shorter than six points
pythia | 1xA10 | float16 | MMLU-PRO,eleutherai/pythia,1xA10,float16,MMLU-PRO,headroom,3,2,0.9858,,,,,,,,0.001,0.707,,excluded: front shorter than six points
pythia | 1xA10 | float16 | MuSR,eleutherai/pythia,1xA10,float16,MuSR,headroom,3,1,,,,,,,,,,,,excluded: front shorter than six points
pythia | 1xA10 | float16 | Winogrande,eleutherai/pythia,1xA10,float16,Winogrande,retired,3,3,0.7166,,,,,,,,0.302,3.41,,excluded: front shorter than six points
pythia | 1xA10 | float32 | ARC-Challenge,eleutherai/pythia,1xA10,float32,ARC-Challenge,retired,1,1,,,,,,,,,,,,excluded: front shorter than six points
pythia | 1xA10 | float32 | BBH,eleutherai/pythia,1xA10,float32,BBH,headroom,2,2,0.97285,,,,,,,,0.005,0.628,,excluded: front shorter than six points
pythia | 1xA10 | float32 | GPQA,eleutherai/pythia,1xA10,float32,GPQA,headroom,2,2,0.9877,,,,,,,,0.001,0.628,,excluded: front shorter than six points
pythia | 1xA10 | float32 | GSM8K,eleutherai/pythia,1xA10,float32,GSM8K,retired,2,2,0.9932,,,,,,,,0.005,0.628,,excluded: front shorter than six points
pythia | 1xA10 | float32 | HellaSwag,eleutherai/pythia,1xA10,float32,HellaSwag,retired,2,2,0.78867,,,,,,,,0.164,0.628,,excluded: front shorter than six points
pythia | 1xA10 | float32 | IFEval,eleutherai/pythia,1xA10,float32,IFEval,headroom,2,2,0.78046,,,,,,,,0.048,0.628,,excluded: front shorter than six points
pythia | 1xA10 | float32 | MATH Lvl 5,eleutherai/pythia,1xA10,float32,MATH Lvl 5,headroom,2,2,0.99018,,,,,,,,0.001,0.628,,excluded: front shorter than six points
pythia | 1xA10 | float32 | MMLU,eleutherai/pythia,1xA10,float32,MMLU,retired,1,1,,,,,,,,,,,,excluded: front shorter than six points
pythia | 1xA10 | float32 | MMLU-PRO,eleutherai/pythia,1xA10,float32,MMLU-PRO,headroom,2,2,0.9858,,,,,,,,0.001,0.628,,excluded: front shorter than six points
pythia | 1xA10 | float32 | MuSR,eleutherai/pythia,1xA10,float32,MuSR,headroom,2,1,,,,,,,,,,,,excluded: front shorter than six points
pythia | 1xA10 | float32 | Winogrande,eleutherai/pythia,1xA10,float32,Winogrande,retired,2,2,0.9376,,,,,,,,0.033,0.628,,excluded: front shorter than six points
pythia | 1xA100 | bfloat16 | ARC-Challenge,eleutherai/pythia,1xA100,bfloat16,ARC-Challenge,retired,1,1,,,,,,,,,,,,excluded: front shorter than six points
pythia | 1xA100 | bfloat16 | BBH,eleutherai/pythia,1xA100,bfloat16,BBH,headroom,1,1,,,,,,,,,,,,excluded: front shorter than six points
pythia | 1xA100 | bfloat16 | GSM8K,eleutherai/pythia,1xA100,bfloat16,GSM8K,retired,1,1,,,,,,,,,,,,excluded: front shorter than six points
pythia | 1xA100 | bfloat16 | HellaSwag,eleutherai/pythia,1xA100,bfloat16,HellaSwag,retired,1,1,,,,,,,,,,,,excluded: front shorter than six points
pythia | 1xA100 | bfloat16 | IFEval,eleutherai/pythia,1xA100,bfloat16,IFEval,headroom,1,1,,,,,,,,,,,,excluded: front shorter than six points
pythia | 1xA100 | bfloat16 | MATH Lvl 5,eleutherai/pythia,1xA100,bfloat16,MATH Lvl 5,headroom,1,1,,,,,,,,,,,,excluded: front shorter than six points
pythia | 1xA100 | bfloat16 | MMLU,eleutherai/pythia,1xA100,bfloat16,MMLU,retired,1,1,,,,,,,,,,,,excluded: front shorter than six points
pythia | 1xA100 | bfloat16 | MMLU-PRO,eleutherai/pythia,1xA100,bfloat16,MMLU-PRO,headroom,1,1,,,,,,,,,,,,excluded: front shorter than six points
pythia | 1xA100 | bfloat16 | MuSR,eleutherai/pythia,1xA100,bfloat16,MuSR,headroom,1,1,,,,,,,,,,,,excluded: front shorter than six points
pythia | 1xA100 | bfloat16 | Winogrande,eleutherai/pythia,1xA100,bfloat16,Winogrande,retired,1,1,,,,,,,,,,,,excluded: front shorter than six points
pythia | 1xA100 | float16 | ARC-Challenge,eleutherai/pythia,1xA100,float16,ARC-Challenge,retired,2,2,0.80547,,,,,,,,0.2,1.497,,excluded: front shorter than six points
pythia | 1xA100 | float16 | BBH,eleutherai/pythia,1xA100,float16,BBH,headroom,3,3,0.95012,,,,,,,,0.029,2.094,,excluded: front shorter than six points
pythia | 1xA100 | float16 | GPQA,eleutherai/pythia,1xA100,float16,GPQA,headroom,2,2,0.9877,,,,,,,,0.001,0.597,,excluded: front shorter than six points
pythia | 1xA100 | float16 | GSM8K,eleutherai/pythia,1xA100,float16,GSM8K,retired,3,3,0.9826,,,,,,,,0.015,2.094,,excluded: front shorter than six points
pythia | 1xA100 | float16 | HellaSwag,eleutherai/pythia,1xA100,float16,HellaSwag,retired,3,3,0.41573,,,,,,,,0.804,2.094,,excluded: front shorter than six points
pythia | 1xA100 | float16 | IFEval,eleutherai/pythia,1xA100,float16,IFEval,headroom,3,3,0.75285,,,,,,,,0.084,2.094,,excluded: front shorter than six points
pythia | 1xA100 | float16 | MATH Lvl 5,eleutherai/pythia,1xA100,float16,MATH Lvl 5,headroom,3,3,0.98338,,,,,,,,0.008,2.094,,excluded: front shorter than six points
pythia | 1xA100 | float16 | MMLU,eleutherai/pythia,1xA100,float16,MMLU,retired,2,1,,,,,,,,,,,,excluded: front shorter than six points
pythia | 1xA100 | float16 | MMLU-PRO,eleutherai/pythia,1xA100,float16,MMLU-PRO,headroom,3,2,0.9858,,,,,,,,0.001,0.597,,excluded: front shorter than six points
pythia | 1xA100 | float16 | MuSR,eleutherai/pythia,1xA100,float16,MuSR,headroom,3,1,,,,,,,,,,,,excluded: front shorter than six points
pythia | 1xA100 | float16 | Winogrande,eleutherai/pythia,1xA100,float16,Winogrande,retired,3,3,0.7166,,,,,,,,0.302,2.094,,excluded: front shorter than six points
pythia | 1xA100 | float32 | ARC-Challenge,eleutherai/pythia,1xA100,float32,ARC-Challenge,retired,1,1,,,,,,,,,,,,excluded: front shorter than six points
pythia | 1xA100 | float32 | BBH,eleutherai/pythia,1xA100,float32,BBH,headroom,1,1,,,,,,,,,,,,excluded: front shorter than six points
pythia | 1xA100 | float32 | GSM8K,eleutherai/pythia,1xA100,float32,GSM8K,retired,1,1,,,,,,,,,,,,excluded: front shorter than six points
pythia | 1xA100 | float32 | HellaSwag,eleutherai/pythia,1xA100,float32,HellaSwag,retired,1,1,,,,,,,,,,,,excluded: front shorter than six points
pythia | 1xA100 | float32 | IFEval,eleutherai/pythia,1xA100,float32,IFEval,headroom,1,1,,,,,,,,,,,,excluded: front shorter than six points
pythia | 1xA100 | float32 | MATH Lvl 5,eleutherai/pythia,1xA100,float32,MATH Lvl 5,headroom,1,1,,,,,,,,,,,,excluded: front shorter than six points
pythia | 1xA100 | float32 | MMLU,eleutherai/pythia,1xA100,float32,MMLU,retired,1,1,,,,,,,,,,,,excluded: front shorter than six points
pythia | 1xA100 | float32 | MMLU-PRO,eleutherai/pythia,1xA100,float32,MMLU-PRO,headroom,1,1,,,,,,,,,,,,excluded: front shorter than six points
pythia | 1xA100 | float32 | MuSR,eleutherai/pythia,1xA100,float32,MuSR,headroom,1,1,,,,,,,,,,,,excluded: front shorter than six points
pythia | 1xA100 | float32 | Winogrande,eleutherai/pythia,1xA100,float32,Winogrande,retired,1,1,,,,,,,,,,,,excluded: front shorter than six points
pythia | 1xT4 | bfloat16 | ARC-Challenge,eleutherai/pythia,1xT4,bfloat16,ARC-Challenge,retired,1,1,,,,,,,,,,,,excluded: front shorter than six points
pythia | 1xT4 | bfloat16 | BBH,eleutherai/pythia,1xT4,bfloat16,BBH,headroom,2,2,0.97285,,,,,,,,0.005,0.621,,excluded: front shorter than six points
pythia | 1xT4 | bfloat16 | GPQA,eleutherai/pythia,1xT4,bfloat16,GPQA,headroom,2,2,0.9877,,,,,,,,0.001,0.621,,excluded: front shorter than six points
pythia | 1xT4 | bfloat16 | GSM8K,eleutherai/pythia,1xT4,bfloat16,GSM8K,retired,2,2,0.9932,,,,,,,,0.005,0.621,,excluded: front shorter than six points
pythia | 1xT4 | bfloat16 | HellaSwag,eleutherai/pythia,1xT4,bfloat16,HellaSwag,retired,2,2,0.78867,,,,,,,,0.164,0.621,,excluded: front shorter than six points
pythia | 1xT4 | bfloat16 | IFEval,eleutherai/pythia,1xT4,bfloat16,IFEval,headroom,2,2,0.78046,,,,,,,,0.048,0.621,,excluded: front shorter than six points
pythia | 1xT4 | bfloat16 | MATH Lvl 5,eleutherai/pythia,1xT4,bfloat16,MATH Lvl 5,headroom,2,2,0.99018,,,,,,,,0.001,0.621,,excluded: front shorter than six points
pythia | 1xT4 | bfloat16 | MMLU,eleutherai/pythia,1xT4,bfloat16,MMLU,retired,1,1,,,,,,,,,,,,excluded: front shorter than six points
pythia | 1xT4 | bfloat16 | MMLU-PRO,eleutherai/pythia,1xT4,bfloat16,MMLU-PRO,headroom,2,2,0.9858,,,,,,,,0.001,0.621,,excluded: front shorter than six points
pythia | 1xT4 | bfloat16 | MuSR,eleutherai/pythia,1xT4,bfloat16,MuSR,headroom,2,1,,,,,,,,,,,,excluded: front shorter than six points
pythia | 1xT4 | bfloat16 | Winogrande,eleutherai/pythia,1xT4,bfloat16,Winogrande,retired,2,2,0.9376,,,,,,,,0.033,0.621,,excluded: front shorter than six points
pythia | 1xT4 | float16 | ARC-Challenge,eleutherai/pythia,1xT4,float16,ARC-Challenge,retired,2,2,0.80547,,,,,,,,0.2,0.967,,excluded: front shorter than six points
pythia | 1xT4 | float16 | BBH,eleutherai/pythia,1xT4,float16,BBH,headroom,3,3,0.95012,,,,,,,,0.029,1.651,,excluded: front shorter than six points
pythia | 1xT4 | float16 | GPQA,eleutherai/pythia,1xT4,float16,GPQA,headroom,2,2,0.9877,,,,,,,,0.001,0.684,,excluded: front shorter than six points
pythia | 1xT4 | float16 | GSM8K,eleutherai/pythia,1xT4,float16,GSM8K,retired,3,3,0.9826,,,,,,,,0.015,1.651,,excluded: front shorter than six points
pythia | 1xT4 | float16 | HellaSwag,eleutherai/pythia,1xT4,float16,HellaSwag,retired,3,3,0.41573,,,,,,,,0.804,1.651,,excluded: front shorter than six points
pythia | 1xT4 | float16 | IFEval,eleutherai/pythia,1xT4,float16,IFEval,headroom,3,3,0.75285,,,,,,,,0.084,1.651,,excluded: front shorter than six points
pythia | 1xT4 | float16 | MATH Lvl 5,eleutherai/pythia,1xT4,float16,MATH Lvl 5,headroom,3,3,0.98338,,,,,,,,0.008,1.651,,excluded: front shorter than six points
pythia | 1xT4 | float16 | MMLU,eleutherai/pythia,1xT4,float16,MMLU,retired,2,1,,,,,,,,,,,,excluded: front shorter than six points
pythia | 1xT4 | float16 | MMLU-PRO,eleutherai/pythia,1xT4,float16,MMLU-PRO,headroom,3,2,0.9858,,,,,,,,0.001,0.684,,excluded: front shorter than six points
pythia | 1xT4 | float16 | MuSR,eleutherai/pythia,1xT4,float16,MuSR,headroom,3,1,,,,,,,,,,,,excluded: front shorter than six points
pythia | 1xT4 | float16 | Winogrande,eleutherai/pythia,1xT4,float16,Winogrande,retired,3,3,0.7166,,,,,,,,0.302,1.651,,excluded: front shorter than six points
pythia | 1xT4 | float32 | ARC-Challenge,eleutherai/pythia,1xT4,float32,ARC-Challenge,retired,1,1,,,,,,,,,,,,excluded: front shorter than six points
pythia | 1xT4 | float32 | BBH,eleutherai/pythia,1xT4,float32,BBH,headroom,2,2,0.97285,,,,,,,,0.005,0.681,,excluded: front shorter than six points
pythia | 1xT4 | float32 | GPQA,eleutherai/pythia,1xT4,float32,GPQA,headroom,2,2,0.9877,,,,,,,,0.001,0.681,,excluded: front shorter than six points
pythia | 1xT4 | float32 | GSM8K,eleutherai/pythia,1xT4,float32,GSM8K,retired,2,2,0.9932,,,,,,,,0.005,0.681,,excluded: front shorter than six points
pythia | 1xT4 | float32 | HellaSwag,eleutherai/pythia,1xT4,float32,HellaSwag,retired,2,2,0.78867,,,,,,,,0.164,0.681,,excluded: front shorter than six points
pythia | 1xT4 | float32 | IFEval,eleutherai/pythia,1xT4,float32,IFEval,headroom,2,2,0.78046,,,,,,,,0.048,0.681,,excluded: front shorter than six points
pythia | 1xT4 | float32 | MATH Lvl 5,eleutherai/pythia,1xT4,float32,MATH Lvl 5,headroom,2,2,0.99018,,,,,,,,0.001,0.681,,excluded: front shorter than six points
pythia | 1xT4 | float32 | MMLU,eleutherai/pythia,1xT4,float32,MMLU,retired,1,1,,,,,,,,,,,,excluded: front shorter than six points
pythia | 1xT4 | float32 | MMLU-PRO,eleutherai/pythia,1xT4,float32,MMLU-PRO,headroom,2,2,0.9858,,,,,,,,0.001,0.681,,excluded: front shorter than six points
pythia | 1xT4 | float32 | MuSR,eleutherai/pythia,1xT4,float32,MuSR,headroom,2,1,,,,,,,,,,,,excluded: front shorter than six points
pythia | 1xT4 | float32 | Winogrande,eleutherai/pythia,1xT4,float32,Winogrande,retired,2,2,0.9376,,,,,,,,0.033,0.681,,excluded: front shorter than six points
pythia | 32vCPU-C7i | bfloat16 | ARC-Challenge,eleutherai/pythia,32vCPU-C7i,bfloat16,ARC-Challenge,retired,2,2,0.80547,,,,,,,,0.2,2.583,,excluded: front shorter than six points
pythia | 32vCPU-C7i | bfloat16 | BBH,eleutherai/pythia,32vCPU-C7i,bfloat16,BBH,headroom,3,3,0.95012,,,,,,,,0.029,3.319,,excluded: front shorter than six points
pythia | 32vCPU-C7i | bfloat16 | GPQA,eleutherai/pythia,32vCPU-C7i,bfloat16,GPQA,headroom,2,2,0.9877,,,,,,,,0.001,0.736,,excluded: front shorter than six points
pythia | 32vCPU-C7i | bfloat16 | GSM8K,eleutherai/pythia,32vCPU-C7i,bfloat16,GSM8K,retired,3,3,0.9826,,,,,,,,0.015,3.319,,excluded: front shorter than six points
pythia | 32vCPU-C7i | bfloat16 | HellaSwag,eleutherai/pythia,32vCPU-C7i,bfloat16,HellaSwag,retired,3,3,0.41573,,,,,,,,0.804,3.319,,excluded: front shorter than six points
pythia | 32vCPU-C7i | bfloat16 | IFEval,eleutherai/pythia,32vCPU-C7i,bfloat16,IFEval,headroom,3,3,0.75285,,,,,,,,0.084,3.319,,excluded: front shorter than six points
pythia | 32vCPU-C7i | bfloat16 | MATH Lvl 5,eleutherai/pythia,32vCPU-C7i,bfloat16,MATH Lvl 5,headroom,3,3,0.98338,,,,,,,,0.008,3.319,,excluded: front shorter than six points
pythia | 32vCPU-C7i | bfloat16 | MMLU,eleutherai/pythia,32vCPU-C7i,bfloat16,MMLU,retired,2,1,,,,,,,,,,,,excluded: front shorter than six points
pythia | 32vCPU-C7i | bfloat16 | MMLU-PRO,eleutherai/pythia,32vCPU-C7i,bfloat16,MMLU-PRO,headroom,3,2,0.9858,,,,,,,,0.001,0.736,,excluded: front shorter than six points
pythia | 32vCPU-C7i | bfloat16 | MuSR,eleutherai/pythia,32vCPU-C7i,bfloat16,MuSR,headroom,3,1,,,,,,,,,,,,excluded: front shorter than six points
pythia | 32vCPU-C7i | bfloat16 | Winogrande,eleutherai/pythia,32vCPU-C7i,bfloat16,Winogrande,retired,3,3,0.7166,,,,,,,,0.302,3.319,,excluded: front shorter than six points
pythia | 32vCPU-C7i | float16 | ARC-Challenge,eleutherai/pythia,32vCPU-C7i,float16,ARC-Challenge,retired,2,2,0.80547,,,,,,,,0.2,2.581,,excluded: front shorter than six points
pythia | 32vCPU-C7i | float16 | BBH,eleutherai/pythia,32vCPU-C7i,float16,BBH,headroom,3,3,0.95012,,,,,,,,0.029,3.367,,excluded: front shorter than six points
pythia | 32vCPU-C7i | float16 | GPQA,eleutherai/pythia,32vCPU-C7i,float16,GPQA,headroom,2,2,0.9877,,,,,,,,0.001,0.786,,excluded: front shorter than six points
pythia | 32vCPU-C7i | float16 | GSM8K,eleutherai/pythia,32vCPU-C7i,float16,GSM8K,retired,3,3,0.9826,,,,,,,,0.015,3.367,,excluded: front shorter than six points
pythia | 32vCPU-C7i | float16 | HellaSwag,eleutherai/pythia,32vCPU-C7i,float16,HellaSwag,retired,3,3,0.41573,,,,,,,,0.804,3.367,,excluded: front shorter than six points
pythia | 32vCPU-C7i | float16 | IFEval,eleutherai/pythia,32vCPU-C7i,float16,IFEval,headroom,3,3,0.75285,,,,,,,,0.084,3.367,,excluded: front shorter than six points
pythia | 32vCPU-C7i | float16 | MATH Lvl 5,eleutherai/pythia,32vCPU-C7i,float16,MATH Lvl 5,headroom,3,3,0.98338,,,,,,,,0.008,3.367,,excluded: front shorter than six points
pythia | 32vCPU-C7i | float16 | MMLU,eleutherai/pythia,32vCPU-C7i,float16,MMLU,retired,2,1,,,,,,,,,,,,excluded: front shorter than six points
pythia | 32vCPU-C7i | float16 | MMLU-PRO,eleutherai/pythia,32vCPU-C7i,float16,MMLU-PRO,headroom,3,2,0.9858,,,,,,,,0.001,0.786,,excluded: front shorter than six points
pythia | 32vCPU-C7i | float16 | MuSR,eleutherai/pythia,32vCPU-C7i,float16,MuSR,headroom,3,1,,,,,,,,,,,,excluded: front shorter than six points
pythia | 32vCPU-C7i | float16 | Winogrande,eleutherai/pythia,32vCPU-C7i,float16,Winogrande,retired,3,3,0.7166,,,,,,,,0.302,3.367,,excluded: front shorter than six points
pythia | 32vCPU-C7i | float32 | ARC-Challenge,eleutherai/pythia,32vCPU-C7i,float32,ARC-Challenge,retired,2,2,0.80547,,,,,,,,0.2,2.811,,excluded: front shorter than six points
pythia | 32vCPU-C7i | float32 | BBH,eleutherai/pythia,32vCPU-C7i,float32,BBH,headroom,3,3,0.95012,,,,,,,,0.029,3.637,,excluded: front shorter than six points
pythia | 32vCPU-C7i | float32 | GPQA,eleutherai/pythia,32vCPU-C7i,float32,GPQA,headroom,2,2,0.9877,,,,,,,,0.001,0.825,,excluded: front shorter than six points
pythia | 32vCPU-C7i | float32 | GSM8K,eleutherai/pythia,32vCPU-C7i,float32,GSM8K,retired,3,3,0.9826,,,,,,,,0.015,3.637,,excluded: front shorter than six points
pythia | 32vCPU-C7i | float32 | HellaSwag,eleutherai/pythia,32vCPU-C7i,float32,HellaSwag,retired,3,3,0.41573,,,,,,,,0.804,3.637,,excluded: front shorter than six points
pythia | 32vCPU-C7i | float32 | IFEval,eleutherai/pythia,32vCPU-C7i,float32,IFEval,headroom,3,3,0.75285,,,,,,,,0.084,3.637,,excluded: front shorter than six points
pythia | 32vCPU-C7i | float32 | MATH Lvl 5,eleutherai/pythia,32vCPU-C7i,float32,MATH Lvl 5,headroom,3,3,0.98338,,,,,,,,0.008,3.637,,excluded: front shorter than six points
pythia | 32vCPU-C7i | float32 | MMLU,eleutherai/pythia,32vCPU-C7i,float32,MMLU,retired,2,1,,,,,,,,,,,,excluded: front shorter than six points
pythia | 32vCPU-C7i | float32 | MMLU-PRO,eleutherai/pythia,32vCPU-C7i,float32,MMLU-PRO,headroom,3,2,0.9858,,,,,,,,0.001,0.825,,excluded: front shorter than six points
pythia | 32vCPU-C7i | float32 | MuSR,eleutherai/pythia,32vCPU-C7i,float32,MuSR,headroom,3,1,,,,,,,,,,,,excluded: front shorter than six points
pythia | 32vCPU-C7i | float32 | Winogrande,eleutherai/pythia,32vCPU-C7i,float32,Winogrande,retired,3,3,0.7166,,,,,,,,0.302,3.637,,excluded: front shorter than six points
qwen1.5 | 1xA10 | bfloat16 | ARC-Challenge,qwen/qwen1.5,1xA10,bfloat16,ARC-Challenge,retired,4,4,0.61093,,,,,,,,0.402,0.713,,excluded: front shorter than six points
qwen1.5 | 1xA10 | bfloat16 | BBH,qwen/qwen1.5,1xA10,bfloat16,BBH,headroom,4,4,0.76924,,,,,,,,0.211,0.713,,excluded: front shorter than six points
qwen1.5 | 1xA10 | bfloat16 | GPQA,qwen/qwen1.5,1xA10,bfloat16,GPQA,headroom,4,2,0.92617,,,,,,,,0.071,0.008,,excluded: front shorter than six points
qwen1.5 | 1xA10 | bfloat16 | GSM8K,qwen/qwen1.5,1xA10,bfloat16,GSM8K,retired,4,4,0.4647,,,,,,,,0.588,0.713,,excluded: front shorter than six points
qwen1.5 | 1xA10 | bfloat16 | HellaSwag,qwen/qwen1.5,1xA10,bfloat16,HellaSwag,retired,4,4,0.28653,,,,,,,,0.863,0.713,,excluded: front shorter than six points
qwen1.5 | 1xA10 | bfloat16 | IFEval,qwen/qwen1.5,1xA10,bfloat16,IFEval,headroom,4,4,0.73157,,,,,,,,0.126,0.713,,excluded: front shorter than six points
qwen1.5 | 1xA10 | bfloat16 | MATH Lvl 5,qwen/qwen1.5,1xA10,bfloat16,MATH Lvl 5,headroom,4,4,0.9071,,,,,,,,0.08,0.713,,excluded: front shorter than six points
qwen1.5 | 1xA10 | bfloat16 | MMLU,qwen/qwen1.5,1xA10,bfloat16,MMLU,retired,4,4,0.50707,,,,,,,,0.467,0.713,,excluded: front shorter than six points
qwen1.5 | 1xA10 | bfloat16 | MMLU-PRO,qwen/qwen1.5,1xA10,bfloat16,MMLU-PRO,headroom,4,4,0.78707,,,,,,,,0.205,0.713,,excluded: front shorter than six points
qwen1.5 | 1xA10 | bfloat16 | MuSR,qwen/qwen1.5,1xA10,bfloat16,MuSR,headroom,4,3,0.90842,,,,,,,,0.052,0.713,,excluded: front shorter than six points
qwen1.5 | 1xA10 | bfloat16 | Winogrande,qwen/qwen1.5,1xA10,bfloat16,Winogrande,retired,4,4,0.5746,,,,,,,,0.398,0.713,,excluded: front shorter than six points
qwen1.5 | 1xA10 | float16 | BBH,qwen/qwen1.5,1xA10,float16,BBH,headroom,6,6,0.6102,0.0,0.1277,0.0639,,,,0.9898,0.442,3.347,-10.0,excluded: floor at boundary (degenerate)
qwen1.5 | 1xA10 | float16 | GPQA,qwen/qwen1.5,1xA10,float16,GPQA,headroom,6,3,0.89374,,,,,,,,0.107,3.347,,excluded: front shorter than six points
qwen1.5 | 1xA10 | float16 | GSM8K,qwen/qwen1.5,1xA10,float16,GSM8K,retired,6,5,0.3237,,,,,,,,0.95,2.468,,excluded: front shorter than six points
qwen1.5 | 1xA10 | float16 | MATH Lvl 5,qwen/qwen1.5,1xA10,float16,MATH Lvl 5,headroom,6,6,0.69713,0.0,0.0945,0.0473,,,,0.878,0.343,3.347,-10.0,excluded: floor at boundary (degenerate)
qwen1.5 | 1xA10 | float16 | MMLU-PRO,qwen/qwen1.5,1xA10,float16,MMLU-PRO,headroom,6,6,0.61115,0.0,0.1285,0.0642,,,,0.9856,0.458,3.347,-10.0,excluded: floor at boundary (degenerate)
qwen1.5 | 1xA10 | float16 | MuSR,qwen/qwen1.5,1xA10,float16,MuSR,headroom,6,5,0.87959,,,,,,,,0.084,3.347,,excluded: front shorter than six points
qwen1.5 | 1xA10 | float16 | Winogrande,qwen/qwen1.5,1xA10,float16,Winogrande,retired,6,6,0.3726,0.0,0.2249,0.1125,,,,0.982,0.831,3.347,-10.0,excluded: floor at boundary (degenerate)
qwen1.5 | 1xA10 | float32 | ARC-Challenge,qwen/qwen1.5,1xA10,float32,ARC-Challenge,retired,3,2,0.6872,,,,,,,,0.187,0.624,,excluded: front shorter than six points
qwen1.5 | 1xA10 | float32 | BBH,qwen/qwen1.5,1xA10,float32,BBH,headroom,3,2,0.83751,,,,,,,,0.075,0.624,,excluded: front shorter than six points
qwen1.5 | 1xA10 | float32 | GPQA,qwen/qwen1.5,1xA10,float32,GPQA,headroom,3,1,,,,,,,,,,,,excluded: front shorter than six points
qwen1.5 | 1xA10 | float32 | GSM8K,qwen/qwen1.5,1xA10,float32,GSM8K,retired,3,2,0.4776,,,,,,,,0.33,0.624,,excluded: front shorter than six points
qwen1.5 | 1xA10 | float32 | HellaSwag,qwen/qwen1.5,1xA10,float32,HellaSwag,retired,3,2,0.37893,,,,,,,,0.306,0.624,,excluded: front shorter than six points
qwen1.5 | 1xA10 | float32 | IFEval,qwen/qwen1.5,1xA10,float32,IFEval,headroom,3,2,0.75553,,,,,,,,0.038,0.624,,excluded: front shorter than six points
qwen1.5 | 1xA10 | float32 | MATH Lvl 5,qwen/qwen1.5,1xA10,float32,MATH Lvl 5,headroom,3,2,0.94713,,,,,,,,0.022,0.624,,excluded: front shorter than six points
qwen1.5 | 1xA10 | float32 | MMLU,qwen/qwen1.5,1xA10,float32,MMLU,retired,3,2,0.57973,,,,,,,,0.203,0.624,,excluded: front shorter than six points
qwen1.5 | 1xA10 | float32 | MMLU-PRO,qwen/qwen1.5,1xA10,float32,MMLU-PRO,headroom,3,2,0.83777,,,,,,,,0.074,0.624,,excluded: front shorter than six points
qwen1.5 | 1xA10 | float32 | MuSR,qwen/qwen1.5,1xA10,float32,MuSR,headroom,3,3,0.95177,,,,,,,,0.009,0.624,,excluded: front shorter than six points
qwen1.5 | 1xA10 | float32 | Winogrande,qwen/qwen1.5,1xA10,float32,Winogrande,retired,3,2,0.6756,,,,,,,,0.161,0.624,,excluded: front shorter than six points
qwen1.5 | 1xA100 | bfloat16 | ARC-Challenge,qwen/qwen1.5,1xA100,bfloat16,ARC-Challenge,retired,4,4,0.48687,,,,,,,,0.629,0.978,,excluded: front shorter than six points
qwen1.5 | 1xA100 | bfloat16 | BBH,qwen/qwen1.5,1xA100,bfloat16,BBH,headroom,4,4,0.6102,,,,,,,,0.442,0.978,,excluded: front shorter than six points
qwen1.5 | 1xA100 | bfloat16 | GPQA,qwen/qwen1.5,1xA100,bfloat16,GPQA,headroom,4,3,0.89374,,,,,,,,0.107,0.978,,excluded: front shorter than six points
qwen1.5 | 1xA100 | bfloat16 | GSM8K,qwen/qwen1.5,1xA100,bfloat16,GSM8K,retired,4,4,0.39005,,,,,,,,0.764,0.978,,excluded: front shorter than six points
qwen1.5 | 1xA100 | bfloat16 | HellaSwag,qwen/qwen1.5,1xA100,bfloat16,HellaSwag,retired,4,4,0.2,,,,,,,,1.223,0.978,,excluded: front shorter than six points
qwen1.5 | 1xA100 | bfloat16 | IFEval,qwen/qwen1.5,1xA100,bfloat16,IFEval,headroom,4,4,0.67027,,,,,,,,0.213,0.978,,excluded: front shorter than six points
qwen1.5 | 1xA100 | bfloat16 | MATH Lvl 5,qwen/qwen1.5,1xA100,bfloat16,MATH Lvl 5,headroom,4,4,0.69713,,,,,,,,0.343,0.978,,excluded: front shorter than six points
qwen1.5 | 1xA100 | bfloat16 | MMLU,qwen/qwen1.5,1xA100,bfloat16,MMLU,retired,4,4,0.3426,,,,,,,,0.859,0.978,,excluded: front shorter than six points
qwen1.5 | 1xA100 | bfloat16 | MMLU-PRO,qwen/qwen1.5,1xA100,bfloat16,MMLU-PRO,headroom,4,4,0.61115,,,,,,,,0.458,0.978,,excluded: front shorter than six points
qwen1.5 | 1xA100 | bfloat16 | MuSR,qwen/qwen1.5,1xA100,bfloat16,MuSR,headroom,4,3,0.87959,,,,,,,,0.084,0.978,,excluded: front shorter than six points
qwen1.5 | 1xA100 | bfloat16 | Winogrande,qwen/qwen1.5,1xA100,bfloat16,Winogrande,retired,4,4,0.3726,,,,,,,,0.831,0.978,,excluded: front shorter than six points
qwen1.5 | 1xA100 | float16 | GPQA,qwen/qwen1.5,1xA100,float16,GPQA,headroom,7,4,0.86353,,,,,,,,0.141,3.397,,excluded: front shorter than six points
qwen1.5 | 1xA100 | float16 | MATH Lvl 5,qwen/qwen1.5,1xA100,float16,MATH Lvl 5,headroom,7,6,0.69713,0.0,0.1532,0.0766,,,,0.9627,0.343,2.198,-10.0,excluded: floor at boundary (degenerate)
qwen1.5 | 1xA100 | float32 | ARC-Challenge,qwen/qwen1.5,1xA100,float32,ARC-Challenge,retired,3,3,0.61093,,,,,,,,0.402,0.394,,excluded: front shorter than six points
qwen1.5 | 1xA100 | float32 | BBH,qwen/qwen1.5,1xA100,float32,BBH,headroom,3,3,0.76924,,,,,,,,0.211,0.394,,excluded: front shorter than six points
qwen1.5 | 1xA100 | float32 | GPQA,qwen/qwen1.5,1xA100,float32,GPQA,headroom,3,2,0.92617,,,,,,,,0.071,0.002,,excluded: front shorter than six points
qwen1.5 | 1xA100 | float32 | GSM8K,qwen/qwen1.5,1xA100,float32,GSM8K,retired,3,3,0.4647,,,,,,,,0.588,0.394,,excluded: front shorter than six points
qwen1.5 | 1xA100 | float32 | HellaSwag,qwen/qwen1.5,1xA100,float32,HellaSwag,retired,3,3,0.28653,,,,,,,,0.863,0.394,,excluded: front shorter than six points
qwen1.5 | 1xA100 | float32 | IFEval,qwen/qwen1.5,1xA100,float32,IFEval,headroom,3,3,0.73157,,,,,,,,0.126,0.394,,excluded: front shorter than six points
qwen1.5 | 1xA100 | float32 | MATH Lvl 5,qwen/qwen1.5,1xA100,float32,MATH Lvl 5,headroom,3,3,0.9071,,,,,,,,0.08,0.394,,excluded: front shorter than six points
qwen1.5 | 1xA100 | float32 | MMLU,qwen/qwen1.5,1xA100,float32,MMLU,retired,3,3,0.50707,,,,,,,,0.467,0.394,,excluded: front shorter than six points
qwen1.5 | 1xA100 | float32 | MMLU-PRO,qwen/qwen1.5,1xA100,float32,MMLU-PRO,headroom,3,3,0.78707,,,,,,,,0.205,0.394,,excluded: front shorter than six points
qwen1.5 | 1xA100 | float32 | MuSR,qwen/qwen1.5,1xA100,float32,MuSR,headroom,3,2,0.90842,,,,,,,,0.052,0.394,,excluded: front shorter than six points
qwen1.5 | 1xA100 | float32 | Winogrande,qwen/qwen1.5,1xA100,float32,Winogrande,retired,3,3,0.5746,,,,,,,,0.398,0.394,,excluded: front shorter than six points
qwen1.5 | 1xT4 | bfloat16 | ARC-Challenge,qwen/qwen1.5,1xT4,bfloat16,ARC-Challenge,retired,4,4,0.61093,,,,,,,,0.402,1.173,,excluded: front shorter than six points
qwen1.5 | 1xT4 | bfloat16 | BBH,qwen/qwen1.5,1xT4,bfloat16,BBH,headroom,4,4,0.76924,,,,,,,,0.211,1.173,,excluded: front shorter than six points
qwen1.5 | 1xT4 | bfloat16 | GPQA,qwen/qwen1.5,1xT4,bfloat16,GPQA,headroom,4,2,0.92617,,,,,,,,0.071,0.168,,excluded: front shorter than six points
qwen1.5 | 1xT4 | bfloat16 | GSM8K,qwen/qwen1.5,1xT4,bfloat16,GSM8K,retired,4,4,0.4647,,,,,,,,0.588,1.173,,excluded: front shorter than six points
qwen1.5 | 1xT4 | bfloat16 | HellaSwag,qwen/qwen1.5,1xT4,bfloat16,HellaSwag,retired,4,4,0.28653,,,,,,,,0.863,1.173,,excluded: front shorter than six points
qwen1.5 | 1xT4 | bfloat16 | IFEval,qwen/qwen1.5,1xT4,bfloat16,IFEval,headroom,4,4,0.73157,,,,,,,,0.126,1.173,,excluded: front shorter than six points
qwen1.5 | 1xT4 | bfloat16 | MATH Lvl 5,qwen/qwen1.5,1xT4,bfloat16,MATH Lvl 5,headroom,4,4,0.9071,,,,,,,,0.08,1.173,,excluded: front shorter than six points
qwen1.5 | 1xT4 | bfloat16 | MMLU,qwen/qwen1.5,1xT4,bfloat16,MMLU,retired,4,4,0.50707,,,,,,,,0.467,1.173,,excluded: front shorter than six points
qwen1.5 | 1xT4 | bfloat16 | MMLU-PRO,qwen/qwen1.5,1xT4,bfloat16,MMLU-PRO,headroom,4,4,0.78707,,,,,,,,0.205,1.173,,excluded: front shorter than six points
qwen1.5 | 1xT4 | bfloat16 | MuSR,qwen/qwen1.5,1xT4,bfloat16,MuSR,headroom,4,3,0.90842,,,,,,,,0.052,1.173,,excluded: front shorter than six points
qwen1.5 | 1xT4 | bfloat16 | Winogrande,qwen/qwen1.5,1xT4,bfloat16,Winogrande,retired,4,4,0.5746,,,,,,,,0.398,1.173,,excluded: front shorter than six points
qwen1.5 | 1xT4 | float16 | ARC-Challenge,qwen/qwen1.5,1xT4,float16,ARC-Challenge,retired,5,4,0.57907,,,,,,,,0.456,0.659,,excluded: front shorter than six points
qwen1.5 | 1xT4 | float16 | BBH,qwen/qwen1.5,1xT4,float16,BBH,headroom,5,4,0.69937,,,,,,,,0.306,0.659,,excluded: front shorter than six points
qwen1.5 | 1xT4 | float16 | GPQA,qwen/qwen1.5,1xT4,float16,GPQA,headroom,5,2,0.92617,,,,,,,,0.071,0.018,,excluded: front shorter than six points
qwen1.5 | 1xT4 | float16 | GSM8K,qwen/qwen1.5,1xT4,float16,GSM8K,retired,5,4,0.3237,,,,,,,,0.95,0.659,,excluded: front shorter than six points
qwen1.5 | 1xT4 | float16 | HellaSwag,qwen/qwen1.5,1xT4,float16,HellaSwag,retired,5,4,0.25227,,,,,,,,0.991,0.659,,excluded: front shorter than six points
qwen1.5 | 1xT4 | float16 | IFEval,qwen/qwen1.5,1xT4,float16,IFEval,headroom,5,4,0.70946,,,,,,,,0.156,0.659,,excluded: front shorter than six points
qwen1.5 | 1xT4 | float16 | MATH Lvl 5,qwen/qwen1.5,1xT4,float16,MATH Lvl 5,headroom,5,4,0.79758,,,,,,,,0.209,0.659,,excluded: front shorter than six points
qwen1.5 | 1xT4 | float16 | MMLU,qwen/qwen1.5,1xT4,float16,MMLU,retired,5,4,0.40853,,,,,,,,0.683,0.659,,excluded: front shorter than six points
qwen1.5 | 1xT4 | float16 | MMLU-PRO,qwen/qwen1.5,1xT4,float16,MMLU-PRO,headroom,5,4,0.70626,,,,,,,,0.313,0.659,,excluded: front shorter than six points
qwen1.5 | 1xT4 | float16 | MuSR,qwen/qwen1.5,1xT4,float16,MuSR,headroom,5,3,0.89536,,,,,,,,0.067,0.659,,excluded: front shorter than six points
qwen1.5 | 1xT4 | float16 | Winogrande,qwen/qwen1.5,1xT4,float16,Winogrande,retired,5,4,0.5304,,,,,,,,0.478,0.659,,excluded: front shorter than six points
qwen1.5 | 1xT4 | float32 | ARC-Challenge,qwen/qwen1.5,1xT4,float32,ARC-Challenge,retired,2,2,0.82827,,,,,,,,0.098,0.354,,excluded: front shorter than six points
qwen1.5 | 1xT4 | float32 | BBH,qwen/qwen1.5,1xT4,float32,BBH,headroom,2,2,0.9024,,,,,,,,0.051,0.354,,excluded: front shorter than six points
qwen1.5 | 1xT4 | float32 | GPQA,qwen/qwen1.5,1xT4,float32,GPQA,headroom,2,2,0.92617,,,,,,,,0.071,0.354,,excluded: front shorter than six points
qwen1.5 | 1xT4 | float32 | GSM8K,qwen/qwen1.5,1xT4,float32,GSM8K,retired,2,2,0.6641,,,,,,,,0.231,0.354,,excluded: front shorter than six points
qwen1.5 | 1xT4 | float32 | HellaSwag,qwen/qwen1.5,1xT4,float32,HellaSwag,retired,2,2,0.5144,,,,,,,,0.278,0.354,,excluded: front shorter than six points
qwen1.5 | 1xT4 | float32 | IFEval,qwen/qwen1.5,1xT4,float32,IFEval,headroom,2,2,0.78458,,,,,,,,0.056,0.354,,excluded: front shorter than six points
qwen1.5 | 1xT4 | float32 | MATH Lvl 5,qwen/qwen1.5,1xT4,float32,MATH Lvl 5,headroom,2,2,0.96828,,,,,,,,0.015,0.354,,excluded: front shorter than six points
qwen1.5 | 1xT4 | float32 | MMLU,qwen/qwen1.5,1xT4,float32,MMLU,retired,2,2,0.71053,,,,,,,,0.129,0.354,,excluded: front shorter than six points
qwen1.5 | 1xT4 | float32 | MMLU-PRO,qwen/qwen1.5,1xT4,float32,MMLU-PRO,headroom,2,2,0.90204,,,,,,,,0.068,0.354,,excluded: front shorter than six points
qwen1.5 | 1xT4 | float32 | MuSR,qwen/qwen1.5,1xT4,float32,MuSR,headroom,2,1,,,,,,,,,,,,excluded: front shorter than six points
qwen1.5 | 1xT4 | float32 | Winogrande,qwen/qwen1.5,1xT4,float32,Winogrande,retired,2,2,0.794,,,,,,,,0.075,0.354,,excluded: front shorter than six points
qwen1.5 | 32vCPU-C7i | bfloat16 | ARC-Challenge,qwen/qwen1.5,32vCPU-C7i,bfloat16,ARC-Challenge,retired,5,5,0.57907,,,,,,,,0.456,2.596,,excluded: front shorter than six points
qwen1.5 | 32vCPU-C7i | bfloat16 | BBH,qwen/qwen1.5,32vCPU-C7i,bfloat16,BBH,headroom,5,5,0.69937,,,,,,,,0.306,2.596,,excluded: front shorter than six points
qwen1.5 | 32vCPU-C7i | bfloat16 | GPQA,qwen/qwen1.5,32vCPU-C7i,bfloat16,GPQA,headroom,5,2,0.92617,,,,,,,,0.071,0.726,,excluded: front shorter than six points
qwen1.5 | 32vCPU-C7i | bfloat16 | GSM8K,qwen/qwen1.5,32vCPU-C7i,bfloat16,GSM8K,retired,5,5,0.3237,,,,,,,,0.95,2.596,,excluded: front shorter than six points
qwen1.5 | 32vCPU-C7i | bfloat16 | HellaSwag,qwen/qwen1.5,32vCPU-C7i,bfloat16,HellaSwag,retired,5,5,0.25227,,,,,,,,0.991,2.596,,excluded: front shorter than six points
qwen1.5 | 32vCPU-C7i | bfloat16 | IFEval,qwen/qwen1.5,32vCPU-C7i,bfloat16,IFEval,headroom,5,5,0.70946,,,,,,,,0.156,2.596,,excluded: front shorter than six points
qwen1.5 | 32vCPU-C7i | bfloat16 | MATH Lvl 5,qwen/qwen1.5,32vCPU-C7i,bfloat16,MATH Lvl 5,headroom,5,5,0.79758,,,,,,,,0.209,2.596,,excluded: front shorter than six points
qwen1.5 | 32vCPU-C7i | bfloat16 | MMLU,qwen/qwen1.5,32vCPU-C7i,bfloat16,MMLU,retired,5,5,0.40853,,,,,,,,0.683,2.596,,excluded: front shorter than six points
qwen1.5 | 32vCPU-C7i | bfloat16 | MMLU-PRO,qwen/qwen1.5,32vCPU-C7i,bfloat16,MMLU-PRO,headroom,5,5,0.70626,,,,,,,,0.313,2.596,,excluded: front shorter than six points
qwen1.5 | 32vCPU-C7i | bfloat16 | MuSR,qwen/qwen1.5,32vCPU-C7i,bfloat16,MuSR,headroom,5,4,0.89536,,,,,,,,0.067,2.596,,excluded: front shorter than six points
qwen1.5 | 32vCPU-C7i | bfloat16 | Winogrande,qwen/qwen1.5,32vCPU-C7i,bfloat16,Winogrande,retired,5,5,0.5304,,,,,,,,0.478,2.596,,excluded: front shorter than six points
qwen1.5 | 32vCPU-C7i | float16 | ARC-Challenge,qwen/qwen1.5,32vCPU-C7i,float16,ARC-Challenge,retired,5,5,0.57907,,,,,,,,0.456,2.495,,excluded: front shorter than six points
qwen1.5 | 32vCPU-C7i | float16 | BBH,qwen/qwen1.5,32vCPU-C7i,float16,BBH,headroom,5,5,0.69937,,,,,,,,0.306,2.495,,excluded: front shorter than six points
qwen1.5 | 32vCPU-C7i | float16 | GPQA,qwen/qwen1.5,32vCPU-C7i,float16,GPQA,headroom,5,2,0.92617,,,,,,,,0.071,0.709,,excluded: front shorter than six points
qwen1.5 | 32vCPU-C7i | float16 | GSM8K,qwen/qwen1.5,32vCPU-C7i,float16,GSM8K,retired,5,5,0.3237,,,,,,,,0.95,2.495,,excluded: front shorter than six points
qwen1.5 | 32vCPU-C7i | float16 | HellaSwag,qwen/qwen1.5,32vCPU-C7i,float16,HellaSwag,retired,5,5,0.25227,,,,,,,,0.991,2.495,,excluded: front shorter than six points
qwen1.5 | 32vCPU-C7i | float16 | IFEval,qwen/qwen1.5,32vCPU-C7i,float16,IFEval,headroom,5,5,0.70946,,,,,,,,0.156,2.495,,excluded: front shorter than six points
qwen1.5 | 32vCPU-C7i | float16 | MATH Lvl 5,qwen/qwen1.5,32vCPU-C7i,float16,MATH Lvl 5,headroom,5,5,0.79758,,,,,,,,0.209,2.495,,excluded: front shorter than six points
qwen1.5 | 32vCPU-C7i | float16 | MMLU,qwen/qwen1.5,32vCPU-C7i,float16,MMLU,retired,5,5,0.40853,,,,,,,,0.683,2.495,,excluded: front shorter than six points
qwen1.5 | 32vCPU-C7i | float16 | MMLU-PRO,qwen/qwen1.5,32vCPU-C7i,float16,MMLU-PRO,headroom,5,5,0.70626,,,,,,,,0.313,2.495,,excluded: front shorter than six points
qwen1.5 | 32vCPU-C7i | float16 | MuSR,qwen/qwen1.5,32vCPU-C7i,float16,MuSR,headroom,5,4,0.89536,,,,,,,,0.067,2.495,,excluded: front shorter than six points
qwen1.5 | 32vCPU-C7i | float16 | Winogrande,qwen/qwen1.5,32vCPU-C7i,float16,Winogrande,retired,5,5,0.5304,,,,,,,,0.478,2.495,,excluded: front shorter than six points
qwen1.5 | 32vCPU-C7i | float32 | ARC-Challenge,qwen/qwen1.5,32vCPU-C7i,float32,ARC-Challenge,retired,5,5,0.57907,,,,,,,,0.456,2.786,,excluded: front shorter than six points
qwen1.5 | 32vCPU-C7i | float32 | BBH,qwen/qwen1.5,32vCPU-C7i,float32,BBH,headroom,5,5,0.69937,,,,,,,,0.306,2.786,,excluded: front shorter than six points
qwen1.5 | 32vCPU-C7i | float32 | GPQA,qwen/qwen1.5,32vCPU-C7i,float32,GPQA,headroom,5,2,0.92617,,,,,,,,0.071,0.832,,excluded: front shorter than six points
qwen1.5 | 32vCPU-C7i | float32 | GSM8K,qwen/qwen1.5,32vCPU-C7i,float32,GSM8K,retired,5,5,0.3237,,,,,,,,0.95,2.786,,excluded: front shorter than six points
qwen1.5 | 32vCPU-C7i | float32 | HellaSwag,qwen/qwen1.5,32vCPU-C7i,float32,HellaSwag,retired,5,5,0.25227,,,,,,,,0.991,2.786,,excluded: front shorter than six points
qwen1.5 | 32vCPU-C7i | float32 | IFEval,qwen/qwen1.5,32vCPU-C7i,float32,IFEval,headroom,5,5,0.70946,,,,,,,,0.156,2.786,,excluded: front shorter than six points
qwen1.5 | 32vCPU-C7i | float32 | MATH Lvl 5,qwen/qwen1.5,32vCPU-C7i,float32,MATH Lvl 5,headroom,5,5,0.79758,,,,,,,,0.209,2.786,,excluded: front shorter than six points
qwen1.5 | 32vCPU-C7i | float32 | MMLU,qwen/qwen1.5,32vCPU-C7i,float32,MMLU,retired,5,5,0.40853,,,,,,,,0.683,2.786,,excluded: front shorter than six points
qwen1.5 | 32vCPU-C7i | float32 | MMLU-PRO,qwen/qwen1.5,32vCPU-C7i,float32,MMLU-PRO,headroom,5,5,0.70626,,,,,,,,0.313,2.786,,excluded: front shorter than six points
qwen1.5 | 32vCPU-C7i | float32 | MuSR,qwen/qwen1.5,32vCPU-C7i,float32,MuSR,headroom,5,4,0.89536,,,,,,,,0.067,2.786,,excluded: front shorter than six points
qwen1.5 | 32vCPU-C7i | float32 | Winogrande,qwen/qwen1.5,32vCPU-C7i,float32,Winogrande,retired,5,5,0.5304,,,,,,,,0.478,2.786,,excluded: front shorter than six points
qwen1.5-moe-a | 1xA10 | float16 | ARC-Challenge,qwen/qwen1.5-moe-a,1xA10,float16,ARC-Challenge,retired,1,1,,,,,,,,,,,,excluded: front shorter than six points
qwen1.5-moe-a | 1xA10 | float16 | BBH,qwen/qwen1.5-moe-a,1xA10,float16,BBH,headroom,1,1,,,,,,,,,,,,excluded: front shorter than six points
qwen1.5-moe-a | 1xA10 | float16 | GPQA,qwen/qwen1.5-moe-a,1xA10,float16,GPQA,headroom,1,1,,,,,,,,,,,,excluded: front shorter than six points
qwen1.5-moe-a | 1xA10 | float16 | GSM8K,qwen/qwen1.5-moe-a,1xA10,float16,GSM8K,retired,1,1,,,,,,,,,,,,excluded: front shorter than six points
qwen1.5-moe-a | 1xA10 | float16 | HellaSwag,qwen/qwen1.5-moe-a,1xA10,float16,HellaSwag,retired,1,1,,,,,,,,,,,,excluded: front shorter than six points
qwen1.5-moe-a | 1xA10 | float16 | IFEval,qwen/qwen1.5-moe-a,1xA10,float16,IFEval,headroom,1,1,,,,,,,,,,,,excluded: front shorter than six points
qwen1.5-moe-a | 1xA10 | float16 | MATH Lvl 5,qwen/qwen1.5-moe-a,1xA10,float16,MATH Lvl 5,headroom,1,1,,,,,,,,,,,,excluded: front shorter than six points
qwen1.5-moe-a | 1xA10 | float16 | MMLU,qwen/qwen1.5-moe-a,1xA10,float16,MMLU,retired,1,1,,,,,,,,,,,,excluded: front shorter than six points
qwen1.5-moe-a | 1xA10 | float16 | MMLU-PRO,qwen/qwen1.5-moe-a,1xA10,float16,MMLU-PRO,headroom,1,1,,,,,,,,,,,,excluded: front shorter than six points
qwen1.5-moe-a | 1xA10 | float16 | MuSR,qwen/qwen1.5-moe-a,1xA10,float16,MuSR,headroom,1,1,,,,,,,,,,,,excluded: front shorter than six points
qwen1.5-moe-a | 1xA10 | float16 | Winogrande,qwen/qwen1.5-moe-a,1xA10,float16,Winogrande,retired,1,1,,,,,,,,,,,,excluded: front shorter than six points
qwen1.5-moe-a | 1xA100 | bfloat16 | ARC-Challenge,qwen/qwen1.5-moe-a,1xA100,bfloat16,ARC-Challenge,retired,1,1,,,,,,,,,,,,excluded: front shorter than six points
qwen1.5-moe-a | 1xA100 | bfloat16 | BBH,qwen/qwen1.5-moe-a,1xA100,bfloat16,BBH,headroom,1,1,,,,,,,,,,,,excluded: front shorter than six points
qwen1.5-moe-a | 1xA100 | bfloat16 | GPQA,qwen/qwen1.5-moe-a,1xA100,bfloat16,GPQA,headroom,1,1,,,,,,,,,,,,excluded: front shorter than six points
qwen1.5-moe-a | 1xA100 | bfloat16 | GSM8K,qwen/qwen1.5-moe-a,1xA100,bfloat16,GSM8K,retired,1,1,,,,,,,,,,,,excluded: front shorter than six points
qwen1.5-moe-a | 1xA100 | bfloat16 | HellaSwag,qwen/qwen1.5-moe-a,1xA100,bfloat16,HellaSwag,retired,1,1,,,,,,,,,,,,excluded: front shorter than six points
qwen1.5-moe-a | 1xA100 | bfloat16 | IFEval,qwen/qwen1.5-moe-a,1xA100,bfloat16,IFEval,headroom,1,1,,,,,,,,,,,,excluded: front shorter than six points
qwen1.5-moe-a | 1xA100 | bfloat16 | MATH Lvl 5,qwen/qwen1.5-moe-a,1xA100,bfloat16,MATH Lvl 5,headroom,1,1,,,,,,,,,,,,excluded: front shorter than six points
qwen1.5-moe-a | 1xA100 | bfloat16 | MMLU,qwen/qwen1.5-moe-a,1xA100,bfloat16,MMLU,retired,1,1,,,,,,,,,,,,excluded: front shorter than six points
qwen1.5-moe-a | 1xA100 | bfloat16 | MMLU-PRO,qwen/qwen1.5-moe-a,1xA100,bfloat16,MMLU-PRO,headroom,1,1,,,,,,,,,,,,excluded: front shorter than six points
qwen1.5-moe-a | 1xA100 | bfloat16 | MuSR,qwen/qwen1.5-moe-a,1xA100,bfloat16,MuSR,headroom,1,1,,,,,,,,,,,,excluded: front shorter than six points
qwen1.5-moe-a | 1xA100 | bfloat16 | Winogrande,qwen/qwen1.5-moe-a,1xA100,bfloat16,Winogrande,retired,1,1,,,,,,,,,,,,excluded: front shorter than six points
qwen1.5-moe-a | 1xA100 | float16 | ARC-Challenge,qwen/qwen1.5-moe-a,1xA100,float16,ARC-Challenge,retired,1,1,,,,,,,,,,,,excluded: front shorter than six points
qwen1.5-moe-a | 1xA100 | float16 | BBH,qwen/qwen1.5-moe-a,1xA100,float16,BBH,headroom,1,1,,,,,,,,,,,,excluded: front shorter than six points
qwen1.5-moe-a | 1xA100 | float16 | GPQA,qwen/qwen1.5-moe-a,1xA100,float16,GPQA,headroom,1,1,,,,,,,,,,,,excluded: front shorter than six points
qwen1.5-moe-a | 1xA100 | float16 | GSM8K,qwen/qwen1.5-moe-a,1xA100,float16,GSM8K,retired,1,1,,,,,,,,,,,,excluded: front shorter than six points
qwen1.5-moe-a | 1xA100 | float16 | HellaSwag,qwen/qwen1.5-moe-a,1xA100,float16,HellaSwag,retired,1,1,,,,,,,,,,,,excluded: front shorter than six points
qwen1.5-moe-a | 1xA100 | float16 | IFEval,qwen/qwen1.5-moe-a,1xA100,float16,IFEval,headroom,1,1,,,,,,,,,,,,excluded: front shorter than six points
qwen1.5-moe-a | 1xA100 | float16 | MATH Lvl 5,qwen/qwen1.5-moe-a,1xA100,float16,MATH Lvl 5,headroom,1,1,,,,,,,,,,,,excluded: front shorter than six points
qwen1.5-moe-a | 1xA100 | float16 | MMLU,qwen/qwen1.5-moe-a,1xA100,float16,MMLU,retired,1,1,,,,,,,,,,,,excluded: front shorter than six points
qwen1.5-moe-a | 1xA100 | float16 | MMLU-PRO,qwen/qwen1.5-moe-a,1xA100,float16,MMLU-PRO,headroom,1,1,,,,,,,,,,,,excluded: front shorter than six points
qwen1.5-moe-a | 1xA100 | float16 | MuSR,qwen/qwen1.5-moe-a,1xA100,float16,MuSR,headroom,1,1,,,,,,,,,,,,excluded: front shorter than six points
qwen1.5-moe-a | 1xA100 | float16 | Winogrande,qwen/qwen1.5-moe-a,1xA100,float16,Winogrande,retired,1,1,,,,,,,,,,,,excluded: front shorter than six points
qwen1.5-moe-a | 1xT4 | float16 | ARC-Challenge,qwen/qwen1.5-moe-a,1xT4,float16,ARC-Challenge,retired,1,1,,,,,,,,,,,,excluded: front shorter than six points
qwen1.5-moe-a | 1xT4 | float16 | BBH,qwen/qwen1.5-moe-a,1xT4,float16,BBH,headroom,1,1,,,,,,,,,,,,excluded: front shorter than six points
qwen1.5-moe-a | 1xT4 | float16 | GPQA,qwen/qwen1.5-moe-a,1xT4,float16,GPQA,headroom,1,1,,,,,,,,,,,,excluded: front shorter than six points
qwen1.5-moe-a | 1xT4 | float16 | GSM8K,qwen/qwen1.5-moe-a,1xT4,float16,GSM8K,retired,1,1,,,,,,,,,,,,excluded: front shorter than six points
qwen1.5-moe-a | 1xT4 | float16 | HellaSwag,qwen/qwen1.5-moe-a,1xT4,float16,HellaSwag,retired,1,1,,,,,,,,,,,,excluded: front shorter than six points
qwen1.5-moe-a | 1xT4 | float16 | IFEval,qwen/qwen1.5-moe-a,1xT4,float16,IFEval,headroom,1,1,,,,,,,,,,,,excluded: front shorter than six points
qwen1.5-moe-a | 1xT4 | float16 | MATH Lvl 5,qwen/qwen1.5-moe-a,1xT4,float16,MATH Lvl 5,headroom,1,1,,,,,,,,,,,,excluded: front shorter than six points
qwen1.5-moe-a | 1xT4 | float16 | MMLU,qwen/qwen1.5-moe-a,1xT4,float16,MMLU,retired,1,1,,,,,,,,,,,,excluded: front shorter than six points
qwen1.5-moe-a | 1xT4 | float16 | MMLU-PRO,qwen/qwen1.5-moe-a,1xT4,float16,MMLU-PRO,headroom,1,1,,,,,,,,,,,,excluded: front shorter than six points
qwen1.5-moe-a | 1xT4 | float16 | MuSR,qwen/qwen1.5-moe-a,1xT4,float16,MuSR,headroom,1,1,,,,,,,,,,,,excluded: front shorter than six points
qwen1.5-moe-a | 1xT4 | float16 | Winogrande,qwen/qwen1.5-moe-a,1xT4,float16,Winogrande,retired,1,1,,,,,,,,,,,,excluded: front shorter than six points
qwen1.5-moe-a | 32vCPU-C7i | bfloat16 | ARC-Challenge,qwen/qwen1.5-moe-a,32vCPU-C7i,bfloat16,ARC-Challenge,retired,1,1,,,,,,,,,,,,excluded: front shorter than six points
qwen1.5-moe-a | 32vCPU-C7i | bfloat16 | BBH,qwen/qwen1.5-moe-a,32vCPU-C7i,bfloat16,BBH,headroom,1,1,,,,,,,,,,,,excluded: front shorter than six points
qwen1.5-moe-a | 32vCPU-C7i | bfloat16 | GPQA,qwen/qwen1.5-moe-a,32vCPU-C7i,bfloat16,GPQA,headroom,1,1,,,,,,,,,,,,excluded: front shorter than six points
qwen1.5-moe-a | 32vCPU-C7i | bfloat16 | GSM8K,qwen/qwen1.5-moe-a,32vCPU-C7i,bfloat16,GSM8K,retired,1,1,,,,,,,,,,,,excluded: front shorter than six points
qwen1.5-moe-a | 32vCPU-C7i | bfloat16 | HellaSwag,qwen/qwen1.5-moe-a,32vCPU-C7i,bfloat16,HellaSwag,retired,1,1,,,,,,,,,,,,excluded: front shorter than six points
qwen1.5-moe-a | 32vCPU-C7i | bfloat16 | IFEval,qwen/qwen1.5-moe-a,32vCPU-C7i,bfloat16,IFEval,headroom,1,1,,,,,,,,,,,,excluded: front shorter than six points
qwen1.5-moe-a | 32vCPU-C7i | bfloat16 | MATH Lvl 5,qwen/qwen1.5-moe-a,32vCPU-C7i,bfloat16,MATH Lvl 5,headroom,1,1,,,,,,,,,,,,excluded: front shorter than six points
qwen1.5-moe-a | 32vCPU-C7i | bfloat16 | MMLU,qwen/qwen1.5-moe-a,32vCPU-C7i,bfloat16,MMLU,retired,1,1,,,,,,,,,,,,excluded: front shorter than six points
qwen1.5-moe-a | 32vCPU-C7i | bfloat16 | MMLU-PRO,qwen/qwen1.5-moe-a,32vCPU-C7i,bfloat16,MMLU-PRO,headroom,1,1,,,,,,,,,,,,excluded: front shorter than six points
qwen1.5-moe-a | 32vCPU-C7i | bfloat16 | MuSR,qwen/qwen1.5-moe-a,32vCPU-C7i,bfloat16,MuSR,headroom,1,1,,,,,,,,,,,,excluded: front shorter than six points
qwen1.5-moe-a | 32vCPU-C7i | bfloat16 | Winogrande,qwen/qwen1.5-moe-a,32vCPU-C7i,bfloat16,Winogrande,retired,1,1,,,,,,,,,,,,excluded: front shorter than six points
qwen1.5-moe-a | 32vCPU-C7i | float16 | ARC-Challenge,qwen/qwen1.5-moe-a,32vCPU-C7i,float16,ARC-Challenge,retired,1,1,,,,,,,,,,,,excluded: front shorter than six points
qwen1.5-moe-a | 32vCPU-C7i | float16 | BBH,qwen/qwen1.5-moe-a,32vCPU-C7i,float16,BBH,headroom,1,1,,,,,,,,,,,,excluded: front shorter than six points
qwen1.5-moe-a | 32vCPU-C7i | float16 | GPQA,qwen/qwen1.5-moe-a,32vCPU-C7i,float16,GPQA,headroom,1,1,,,,,,,,,,,,excluded: front shorter than six points
qwen1.5-moe-a | 32vCPU-C7i | float16 | GSM8K,qwen/qwen1.5-moe-a,32vCPU-C7i,float16,GSM8K,retired,1,1,,,,,,,,,,,,excluded: front shorter than six points
qwen1.5-moe-a | 32vCPU-C7i | float16 | HellaSwag,qwen/qwen1.5-moe-a,32vCPU-C7i,float16,HellaSwag,retired,1,1,,,,,,,,,,,,excluded: front shorter than six points
qwen1.5-moe-a | 32vCPU-C7i | float16 | IFEval,qwen/qwen1.5-moe-a,32vCPU-C7i,float16,IFEval,headroom,1,1,,,,,,,,,,,,excluded: front shorter than six points
qwen1.5-moe-a | 32vCPU-C7i | float16 | MATH Lvl 5,qwen/qwen1.5-moe-a,32vCPU-C7i,float16,MATH Lvl 5,headroom,1,1,,,,,,,,,,,,excluded: front shorter than six points
qwen1.5-moe-a | 32vCPU-C7i | float16 | MMLU,qwen/qwen1.5-moe-a,32vCPU-C7i,float16,MMLU,retired,1,1,,,,,,,,,,,,excluded: front shorter than six points
qwen1.5-moe-a | 32vCPU-C7i | float16 | MMLU-PRO,qwen/qwen1.5-moe-a,32vCPU-C7i,float16,MMLU-PRO,headroom,1,1,,,,,,,,,,,,excluded: front shorter than six points
qwen1.5-moe-a | 32vCPU-C7i | float16 | MuSR,qwen/qwen1.5-moe-a,32vCPU-C7i,float16,MuSR,headroom,1,1,,,,,,,,,,,,excluded: front shorter than six points
qwen1.5-moe-a | 32vCPU-C7i | float16 | Winogrande,qwen/qwen1.5-moe-a,32vCPU-C7i,float16,Winogrande,retired,1,1,,,,,,,,,,,,excluded: front shorter than six points
qwen1.5-moe-a | 32vCPU-C7i | float32 | ARC-Challenge,qwen/qwen1.5-moe-a,32vCPU-C7i,float32,ARC-Challenge,retired,1,1,,,,,,,,,,,,excluded: front shorter than six points
qwen1.5-moe-a | 32vCPU-C7i | float32 | BBH,qwen/qwen1.5-moe-a,32vCPU-C7i,float32,BBH,headroom,1,1,,,,,,,,,,,,excluded: front shorter than six points
qwen1.5-moe-a | 32vCPU-C7i | float32 | GPQA,qwen/qwen1.5-moe-a,32vCPU-C7i,float32,GPQA,headroom,1,1,,,,,,,,,,,,excluded: front shorter than six points
qwen1.5-moe-a | 32vCPU-C7i | float32 | GSM8K,qwen/qwen1.5-moe-a,32vCPU-C7i,float32,GSM8K,retired,1,1,,,,,,,,,,,,excluded: front shorter than six points
qwen1.5-moe-a | 32vCPU-C7i | float32 | HellaSwag,qwen/qwen1.5-moe-a,32vCPU-C7i,float32,HellaSwag,retired,1,1,,,,,,,,,,,,excluded: front shorter than six points
qwen1.5-moe-a | 32vCPU-C7i | float32 | IFEval,qwen/qwen1.5-moe-a,32vCPU-C7i,float32,IFEval,headroom,1,1,,,,,,,,,,,,excluded: front shorter than six points
qwen1.5-moe-a | 32vCPU-C7i | float32 | MATH Lvl 5,qwen/qwen1.5-moe-a,32vCPU-C7i,float32,MATH Lvl 5,headroom,1,1,,,,,,,,,,,,excluded: front shorter than six points
qwen1.5-moe-a | 32vCPU-C7i | float32 | MMLU,qwen/qwen1.5-moe-a,32vCPU-C7i,float32,MMLU,retired,1,1,,,,,,,,,,,,excluded: front shorter than six points
qwen1.5-moe-a | 32vCPU-C7i | float32 | MMLU-PRO,qwen/qwen1.5-moe-a,32vCPU-C7i,float32,MMLU-PRO,headroom,1,1,,,,,,,,,,,,excluded: front shorter than six points
qwen1.5-moe-a | 32vCPU-C7i | float32 | MuSR,qwen/qwen1.5-moe-a,32vCPU-C7i,float32,MuSR,headroom,1,1,,,,,,,,,,,,excluded: front shorter than six points
qwen1.5-moe-a | 32vCPU-C7i | float32 | Winogrande,qwen/qwen1.5-moe-a,32vCPU-C7i,float32,Winogrande,retired,1,1,,,,,,,,,,,,excluded: front shorter than six points
qwen2 | 1xA10 | bfloat16 | ARC-Challenge,qwen/qwen2,1xA10,bfloat16,ARC-Challenge,retired,1,1,,,,,,,,,,,,excluded: front shorter than six points
qwen2 | 1xA10 | bfloat16 | BBH,qwen/qwen2,1xA10,bfloat16,BBH,headroom,1,1,,,,,,,,,,,,excluded: front shorter than six points
qwen2 | 1xA10 | bfloat16 | GPQA,qwen/qwen2,1xA10,bfloat16,GPQA,headroom,1,1,,,,,,,,,,,,excluded: front shorter than six points
qwen2 | 1xA10 | bfloat16 | GSM8K,qwen/qwen2,1xA10,bfloat16,GSM8K,retired,1,1,,,,,,,,,,,,excluded: front shorter than six points
qwen2 | 1xA10 | bfloat16 | HellaSwag,qwen/qwen2,1xA10,bfloat16,HellaSwag,retired,1,1,,,,,,,,,,,,excluded: front shorter than six points
qwen2 | 1xA10 | bfloat16 | IFEval,qwen/qwen2,1xA10,bfloat16,IFEval,headroom,1,1,,,,,,,,,,,,excluded: front shorter than six points
qwen2 | 1xA10 | bfloat16 | MATH Lvl 5,qwen/qwen2,1xA10,bfloat16,MATH Lvl 5,headroom,1,1,,,,,,,,,,,,excluded: front shorter than six points
qwen2 | 1xA10 | bfloat16 | MMLU,qwen/qwen2,1xA10,bfloat16,MMLU,retired,1,1,,,,,,,,,,,,excluded: front shorter than six points
qwen2 | 1xA10 | bfloat16 | MMLU-PRO,qwen/qwen2,1xA10,bfloat16,MMLU-PRO,headroom,1,1,,,,,,,,,,,,excluded: front shorter than six points
qwen2 | 1xA10 | bfloat16 | MuSR,qwen/qwen2,1xA10,bfloat16,MuSR,headroom,1,1,,,,,,,,,,,,excluded: front shorter than six points
qwen2 | 1xA10 | bfloat16 | Winogrande,qwen/qwen2,1xA10,bfloat16,Winogrande,retired,1,1,,,,,,,,,,,,excluded: front shorter than six points
qwen2 | 1xA10 | float16 | ARC-Challenge,qwen/qwen2,1xA10,float16,ARC-Challenge,retired,1,1,,,,,,,,,,,,excluded: front shorter than six points
qwen2 | 1xA10 | float16 | BBH,qwen/qwen2,1xA10,float16,BBH,headroom,1,1,,,,,,,,,,,,excluded: front shorter than six points
qwen2 | 1xA10 | float16 | GPQA,qwen/qwen2,1xA10,float16,GPQA,headroom,1,1,,,,,,,,,,,,excluded: front shorter than six points
qwen2 | 1xA10 | float16 | GSM8K,qwen/qwen2,1xA10,float16,GSM8K,retired,1,1,,,,,,,,,,,,excluded: front shorter than six points
qwen2 | 1xA10 | float16 | HellaSwag,qwen/qwen2,1xA10,float16,HellaSwag,retired,1,1,,,,,,,,,,,,excluded: front shorter than six points
qwen2 | 1xA10 | float16 | IFEval,qwen/qwen2,1xA10,float16,IFEval,headroom,1,1,,,,,,,,,,,,excluded: front shorter than six points
qwen2 | 1xA10 | float16 | MATH Lvl 5,qwen/qwen2,1xA10,float16,MATH Lvl 5,headroom,1,1,,,,,,,,,,,,excluded: front shorter than six points
qwen2 | 1xA10 | float16 | MMLU,qwen/qwen2,1xA10,float16,MMLU,retired,1,1,,,,,,,,,,,,excluded: front shorter than six points
qwen2 | 1xA10 | float16 | MMLU-PRO,qwen/qwen2,1xA10,float16,MMLU-PRO,headroom,1,1,,,,,,,,,,,,excluded: front shorter than six points
qwen2 | 1xA10 | float16 | MuSR,qwen/qwen2,1xA10,float16,MuSR,headroom,1,1,,,,,,,,,,,,excluded: front shorter than six points
qwen2 | 1xA10 | float16 | Winogrande,qwen/qwen2,1xA10,float16,Winogrande,retired,1,1,,,,,,,,,,,,excluded: front shorter than six points
qwen2 | 1xA10 | float32 | ARC-Challenge,qwen/qwen2,1xA10,float32,ARC-Challenge,retired,1,1,,,,,,,,,,,,excluded: front shorter than six points
qwen2 | 1xA10 | float32 | BBH,qwen/qwen2,1xA10,float32,BBH,headroom,1,1,,,,,,,,,,,,excluded: front shorter than six points
qwen2 | 1xA10 | float32 | GPQA,qwen/qwen2,1xA10,float32,GPQA,headroom,1,1,,,,,,,,,,,,excluded: front shorter than six points
qwen2 | 1xA10 | float32 | GSM8K,qwen/qwen2,1xA10,float32,GSM8K,retired,1,1,,,,,,,,,,,,excluded: front shorter than six points
qwen2 | 1xA10 | float32 | HellaSwag,qwen/qwen2,1xA10,float32,HellaSwag,retired,1,1,,,,,,,,,,,,excluded: front shorter than six points
qwen2 | 1xA10 | float32 | IFEval,qwen/qwen2,1xA10,float32,IFEval,headroom,1,1,,,,,,,,,,,,excluded: front shorter than six points
qwen2 | 1xA10 | float32 | MATH Lvl 5,qwen/qwen2,1xA10,float32,MATH Lvl 5,headroom,1,1,,,,,,,,,,,,excluded: front shorter than six points
qwen2 | 1xA10 | float32 | MMLU,qwen/qwen2,1xA10,float32,MMLU,retired,1,1,,,,,,,,,,,,excluded: front shorter than six points
qwen2 | 1xA10 | float32 | MMLU-PRO,qwen/qwen2,1xA10,float32,MMLU-PRO,headroom,1,1,,,,,,,,,,,,excluded: front shorter than six points
qwen2 | 1xA10 | float32 | MuSR,qwen/qwen2,1xA10,float32,MuSR,headroom,1,1,,,,,,,,,,,,excluded: front shorter than six points
qwen2 | 1xA10 | float32 | Winogrande,qwen/qwen2,1xA10,float32,Winogrande,retired,1,1,,,,,,,,,,,,excluded: front shorter than six points
qwen2 | 1xT4 | bfloat16 | ARC-Challenge,qwen/qwen2,1xT4,bfloat16,ARC-Challenge,retired,1,1,,,,,,,,,,,,excluded: front shorter than six points
qwen2 | 1xT4 | bfloat16 | BBH,qwen/qwen2,1xT4,bfloat16,BBH,headroom,1,1,,,,,,,,,,,,excluded: front shorter than six points
qwen2 | 1xT4 | bfloat16 | GPQA,qwen/qwen2,1xT4,bfloat16,GPQA,headroom,1,1,,,,,,,,,,,,excluded: front shorter than six points
qwen2 | 1xT4 | bfloat16 | GSM8K,qwen/qwen2,1xT4,bfloat16,GSM8K,retired,1,1,,,,,,,,,,,,excluded: front shorter than six points
qwen2 | 1xT4 | bfloat16 | HellaSwag,qwen/qwen2,1xT4,bfloat16,HellaSwag,retired,1,1,,,,,,,,,,,,excluded: front shorter than six points
qwen2 | 1xT4 | bfloat16 | IFEval,qwen/qwen2,1xT4,bfloat16,IFEval,headroom,1,1,,,,,,,,,,,,excluded: front shorter than six points
qwen2 | 1xT4 | bfloat16 | MATH Lvl 5,qwen/qwen2,1xT4,bfloat16,MATH Lvl 5,headroom,1,1,,,,,,,,,,,,excluded: front shorter than six points
qwen2 | 1xT4 | bfloat16 | MMLU,qwen/qwen2,1xT4,bfloat16,MMLU,retired,1,1,,,,,,,,,,,,excluded: front shorter than six points
qwen2 | 1xT4 | bfloat16 | MMLU-PRO,qwen/qwen2,1xT4,bfloat16,MMLU-PRO,headroom,1,1,,,,,,,,,,,,excluded: front shorter than six points
qwen2 | 1xT4 | bfloat16 | MuSR,qwen/qwen2,1xT4,bfloat16,MuSR,headroom,1,1,,,,,,,,,,,,excluded: front shorter than six points
qwen2 | 1xT4 | bfloat16 | Winogrande,qwen/qwen2,1xT4,bfloat16,Winogrande,retired,1,1,,,,,,,,,,,,excluded: front shorter than six points
qwen2 | 1xT4 | float16 | ARC-Challenge,qwen/qwen2,1xT4,float16,ARC-Challenge,retired,1,1,,,,,,,,,,,,excluded: front shorter than six points
qwen2 | 1xT4 | float16 | BBH,qwen/qwen2,1xT4,float16,BBH,headroom,1,1,,,,,,,,,,,,excluded: front shorter than six points
qwen2 | 1xT4 | float16 | GPQA,qwen/qwen2,1xT4,float16,GPQA,headroom,1,1,,,,,,,,,,,,excluded: front shorter than six points
qwen2 | 1xT4 | float16 | GSM8K,qwen/qwen2,1xT4,float16,GSM8K,retired,1,1,,,,,,,,,,,,excluded: front shorter than six points
qwen2 | 1xT4 | float16 | HellaSwag,qwen/qwen2,1xT4,float16,HellaSwag,retired,1,1,,,,,,,,,,,,excluded: front shorter than six points
qwen2 | 1xT4 | float16 | IFEval,qwen/qwen2,1xT4,float16,IFEval,headroom,1,1,,,,,,,,,,,,excluded: front shorter than six points
qwen2 | 1xT4 | float16 | MATH Lvl 5,qwen/qwen2,1xT4,float16,MATH Lvl 5,headroom,1,1,,,,,,,,,,,,excluded: front shorter than six points
qwen2 | 1xT4 | float16 | MMLU,qwen/qwen2,1xT4,float16,MMLU,retired,1,1,,,,,,,,,,,,excluded: front shorter than six points
qwen2 | 1xT4 | float16 | MMLU-PRO,qwen/qwen2,1xT4,float16,MMLU-PRO,headroom,1,1,,,,,,,,,,,,excluded: front shorter than six points
qwen2 | 1xT4 | float16 | MuSR,qwen/qwen2,1xT4,float16,MuSR,headroom,1,1,,,,,,,,,,,,excluded: front shorter than six points
qwen2 | 1xT4 | float16 | Winogrande,qwen/qwen2,1xT4,float16,Winogrande,retired,1,1,,,,,,,,,,,,excluded: front shorter than six points
qwen2 | 1xT4 | float32 | ARC-Challenge,qwen/qwen2,1xT4,float32,ARC-Challenge,retired,1,1,,,,,,,,,,,,excluded: front shorter than six points
qwen2 | 1xT4 | float32 | BBH,qwen/qwen2,1xT4,float32,BBH,headroom,1,1,,,,,,,,,,,,excluded: front shorter than six points
qwen2 | 1xT4 | float32 | GPQA,qwen/qwen2,1xT4,float32,GPQA,headroom,1,1,,,,,,,,,,,,excluded: front shorter than six points
qwen2 | 1xT4 | float32 | GSM8K,qwen/qwen2,1xT4,float32,GSM8K,retired,1,1,,,,,,,,,,,,excluded: front shorter than six points
qwen2 | 1xT4 | float32 | HellaSwag,qwen/qwen2,1xT4,float32,HellaSwag,retired,1,1,,,,,,,,,,,,excluded: front shorter than six points
qwen2 | 1xT4 | float32 | IFEval,qwen/qwen2,1xT4,float32,IFEval,headroom,1,1,,,,,,,,,,,,excluded: front shorter than six points
qwen2 | 1xT4 | float32 | MATH Lvl 5,qwen/qwen2,1xT4,float32,MATH Lvl 5,headroom,1,1,,,,,,,,,,,,excluded: front shorter than six points
qwen2 | 1xT4 | float32 | MMLU,qwen/qwen2,1xT4,float32,MMLU,retired,1,1,,,,,,,,,,,,excluded: front shorter than six points
qwen2 | 1xT4 | float32 | MMLU-PRO,qwen/qwen2,1xT4,float32,MMLU-PRO,headroom,1,1,,,,,,,,,,,,excluded: front shorter than six points
qwen2 | 1xT4 | float32 | MuSR,qwen/qwen2,1xT4,float32,MuSR,headroom,1,1,,,,,,,,,,,,excluded: front shorter than six points
qwen2 | 1xT4 | float32 | Winogrande,qwen/qwen2,1xT4,float32,Winogrande,retired,1,1,,,,,,,,,,,,excluded: front shorter than six points
qwen2 | 32vCPU-C7i | bfloat16 | ARC-Challenge,qwen/qwen2,32vCPU-C7i,bfloat16,ARC-Challenge,retired,1,1,,,,,,,,,,,,excluded: front shorter than six points
qwen2 | 32vCPU-C7i | bfloat16 | BBH,qwen/qwen2,32vCPU-C7i,bfloat16,BBH,headroom,1,1,,,,,,,,,,,,excluded: front shorter than six points
qwen2 | 32vCPU-C7i | bfloat16 | GPQA,qwen/qwen2,32vCPU-C7i,bfloat16,GPQA,headroom,1,1,,,,,,,,,,,,excluded: front shorter than six points
qwen2 | 32vCPU-C7i | bfloat16 | GSM8K,qwen/qwen2,32vCPU-C7i,bfloat16,GSM8K,retired,1,1,,,,,,,,,,,,excluded: front shorter than six points
qwen2 | 32vCPU-C7i | bfloat16 | HellaSwag,qwen/qwen2,32vCPU-C7i,bfloat16,HellaSwag,retired,1,1,,,,,,,,,,,,excluded: front shorter than six points
qwen2 | 32vCPU-C7i | bfloat16 | IFEval,qwen/qwen2,32vCPU-C7i,bfloat16,IFEval,headroom,1,1,,,,,,,,,,,,excluded: front shorter than six points
qwen2 | 32vCPU-C7i | bfloat16 | MATH Lvl 5,qwen/qwen2,32vCPU-C7i,bfloat16,MATH Lvl 5,headroom,1,1,,,,,,,,,,,,excluded: front shorter than six points
qwen2 | 32vCPU-C7i | bfloat16 | MMLU,qwen/qwen2,32vCPU-C7i,bfloat16,MMLU,retired,1,1,,,,,,,,,,,,excluded: front shorter than six points
qwen2 | 32vCPU-C7i | bfloat16 | MMLU-PRO,qwen/qwen2,32vCPU-C7i,bfloat16,MMLU-PRO,headroom,1,1,,,,,,,,,,,,excluded: front shorter than six points
qwen2 | 32vCPU-C7i | bfloat16 | MuSR,qwen/qwen2,32vCPU-C7i,bfloat16,MuSR,headroom,1,1,,,,,,,,,,,,excluded: front shorter than six points
qwen2 | 32vCPU-C7i | bfloat16 | Winogrande,qwen/qwen2,32vCPU-C7i,bfloat16,Winogrande,retired,1,1,,,,,,,,,,,,excluded: front shorter than six points
qwen2 | 32vCPU-C7i | float16 | ARC-Challenge,qwen/qwen2,32vCPU-C7i,float16,ARC-Challenge,retired,1,1,,,,,,,,,,,,excluded: front shorter than six points
qwen2 | 32vCPU-C7i | float16 | BBH,qwen/qwen2,32vCPU-C7i,float16,BBH,headroom,1,1,,,,,,,,,,,,excluded: front shorter than six points
qwen2 | 32vCPU-C7i | float16 | GPQA,qwen/qwen2,32vCPU-C7i,float16,GPQA,headroom,1,1,,,,,,,,,,,,excluded: front shorter than six points
qwen2 | 32vCPU-C7i | float16 | GSM8K,qwen/qwen2,32vCPU-C7i,float16,GSM8K,retired,1,1,,,,,,,,,,,,excluded: front shorter than six points
qwen2 | 32vCPU-C7i | float16 | HellaSwag,qwen/qwen2,32vCPU-C7i,float16,HellaSwag,retired,1,1,,,,,,,,,,,,excluded: front shorter than six points
qwen2 | 32vCPU-C7i | float16 | IFEval,qwen/qwen2,32vCPU-C7i,float16,IFEval,headroom,1,1,,,,,,,,,,,,excluded: front shorter than six points
qwen2 | 32vCPU-C7i | float16 | MATH Lvl 5,qwen/qwen2,32vCPU-C7i,float16,MATH Lvl 5,headroom,1,1,,,,,,,,,,,,excluded: front shorter than six points
qwen2 | 32vCPU-C7i | float16 | MMLU,qwen/qwen2,32vCPU-C7i,float16,MMLU,retired,1,1,,,,,,,,,,,,excluded: front shorter than six points
qwen2 | 32vCPU-C7i | float16 | MMLU-PRO,qwen/qwen2,32vCPU-C7i,float16,MMLU-PRO,headroom,1,1,,,,,,,,,,,,excluded: front shorter than six points
qwen2 | 32vCPU-C7i | float16 | MuSR,qwen/qwen2,32vCPU-C7i,float16,MuSR,headroom,1,1,,,,,,,,,,,,excluded: front shorter than six points
qwen2 | 32vCPU-C7i | float16 | Winogrande,qwen/qwen2,32vCPU-C7i,float16,Winogrande,retired,1,1,,,,,,,,,,,,excluded: front shorter than six points
qwen2 | 32vCPU-C7i | float32 | ARC-Challenge,qwen/qwen2,32vCPU-C7i,float32,ARC-Challenge,retired,1,1,,,,,,,,,,,,excluded: front shorter than six points
qwen2 | 32vCPU-C7i | float32 | BBH,qwen/qwen2,32vCPU-C7i,float32,BBH,headroom,1,1,,,,,,,,,,,,excluded: front shorter than six points
qwen2 | 32vCPU-C7i | float32 | GPQA,qwen/qwen2,32vCPU-C7i,float32,GPQA,headroom,1,1,,,,,,,,,,,,excluded: front shorter than six points
qwen2 | 32vCPU-C7i | float32 | GSM8K,qwen/qwen2,32vCPU-C7i,float32,GSM8K,retired,1,1,,,,,,,,,,,,excluded: front shorter than six points
qwen2 | 32vCPU-C7i | float32 | HellaSwag,qwen/qwen2,32vCPU-C7i,float32,HellaSwag,retired,1,1,,,,,,,,,,,,excluded: front shorter than six points
qwen2 | 32vCPU-C7i | float32 | IFEval,qwen/qwen2,32vCPU-C7i,float32,IFEval,headroom,1,1,,,,,,,,,,,,excluded: front shorter than six points
qwen2 | 32vCPU-C7i | float32 | MATH Lvl 5,qwen/qwen2,32vCPU-C7i,float32,MATH Lvl 5,headroom,1,1,,,,,,,,,,,,excluded: front shorter than six points
qwen2 | 32vCPU-C7i | float32 | MMLU,qwen/qwen2,32vCPU-C7i,float32,MMLU,retired,1,1,,,,,,,,,,,,excluded: front shorter than six points
qwen2 | 32vCPU-C7i | float32 | MMLU-PRO,qwen/qwen2,32vCPU-C7i,float32,MMLU-PRO,headroom,1,1,,,,,,,,,,,,excluded: front shorter than six points
qwen2 | 32vCPU-C7i | float32 | MuSR,qwen/qwen2,32vCPU-C7i,float32,MuSR,headroom,1,1,,,,,,,,,,,,excluded: front shorter than six points
qwen2 | 32vCPU-C7i | float32 | Winogrande,qwen/qwen2,32vCPU-C7i,float32,Winogrande,retired,1,1,,,,,,,,,,,,excluded: front shorter than six points
recurrentgemma | 1xA10 | bfloat16 | ARC-Challenge,google/recurrentgemma,1xA10,bfloat16,ARC-Challenge,retired,1,1,,,,,,,,,,,,excluded: front shorter than six points
recurrentgemma | 1xA10 | bfloat16 | BBH,google/recurrentgemma,1xA10,bfloat16,BBH,headroom,2,2,0.84677,,,,,,,,0.117,0.392,,excluded: front shorter than six points
recurrentgemma | 1xA10 | bfloat16 | GPQA,google/recurrentgemma,1xA10,bfloat16,GPQA,headroom,1,1,,,,,,,,,,,,excluded: front shorter than six points
recurrentgemma | 1xA10 | bfloat16 | GSM8K,google/recurrentgemma,1xA10,bfloat16,GSM8K,retired,1,1,,,,,,,,,,,,excluded: front shorter than six points
recurrentgemma | 1xA10 | bfloat16 | HellaSwag,google/recurrentgemma,1xA10,bfloat16,HellaSwag,retired,1,1,,,,,,,,,,,,excluded: front shorter than six points
recurrentgemma | 1xA10 | bfloat16 | IFEval,google/recurrentgemma,1xA10,bfloat16,IFEval,headroom,2,2,0.68841,,,,,,,,0.014,0.392,,excluded: front shorter than six points
recurrentgemma | 1xA10 | bfloat16 | MATH Lvl 5,google/recurrentgemma,1xA10,bfloat16,MATH Lvl 5,headroom,2,2,0.93354,,,,,,,,0.048,0.392,,excluded: front shorter than six points
recurrentgemma | 1xA10 | bfloat16 | MMLU,google/recurrentgemma,1xA10,bfloat16,MMLU,retired,1,1,,,,,,,,,,,,excluded: front shorter than six points
recurrentgemma | 1xA10 | bfloat16 | MMLU-PRO,google/recurrentgemma,1xA10,bfloat16,MMLU-PRO,headroom,2,2,0.8217,,,,,,,,0.177,0.392,,excluded: front shorter than six points
recurrentgemma | 1xA10 | bfloat16 | MuSR,google/recurrentgemma,1xA10,bfloat16,MuSR,headroom,2,2,0.93401,,,,,,,,0.037,0.392,,excluded: front shorter than six points
recurrentgemma | 1xA10 | bfloat16 | Winogrande,google/recurrentgemma,1xA10,bfloat16,Winogrande,retired,1,1,,,,,,,,,,,,excluded: front shorter than six points
recurrentgemma | 1xA10 | float16 | ARC-Challenge,google/recurrentgemma,1xA10,float16,ARC-Challenge,retired,1,1,,,,,,,,,,,,excluded: front shorter than six points
recurrentgemma | 1xA10 | float16 | BBH,google/recurrentgemma,1xA10,float16,BBH,headroom,2,2,0.84677,,,,,,,,0.117,0.355,,excluded: front shorter than six points
recurrentgemma | 1xA10 | float16 | GPQA,google/recurrentgemma,1xA10,float16,GPQA,headroom,1,1,,,,,,,,,,,,excluded: front shorter than six points
recurrentgemma | 1xA10 | float16 | GSM8K,google/recurrentgemma,1xA10,float16,GSM8K,retired,1,1,,,,,,,,,,,,excluded: front shorter than six points
recurrentgemma | 1xA10 | float16 | HellaSwag,google/recurrentgemma,1xA10,float16,HellaSwag,retired,1,1,,,,,,,,,,,,excluded: front shorter than six points
recurrentgemma | 1xA10 | float16 | IFEval,google/recurrentgemma,1xA10,float16,IFEval,headroom,2,2,0.68841,,,,,,,,0.014,0.355,,excluded: front shorter than six points
recurrentgemma | 1xA10 | float16 | MATH Lvl 5,google/recurrentgemma,1xA10,float16,MATH Lvl 5,headroom,2,2,0.93354,,,,,,,,0.048,0.355,,excluded: front shorter than six points
recurrentgemma | 1xA10 | float16 | MMLU,google/recurrentgemma,1xA10,float16,MMLU,retired,1,1,,,,,,,,,,,,excluded: front shorter than six points
recurrentgemma | 1xA10 | float16 | MMLU-PRO,google/recurrentgemma,1xA10,float16,MMLU-PRO,headroom,2,2,0.8217,,,,,,,,0.177,0.355,,excluded: front shorter than six points
recurrentgemma | 1xA10 | float16 | MuSR,google/recurrentgemma,1xA10,float16,MuSR,headroom,2,2,0.93401,,,,,,,,0.037,0.355,,excluded: front shorter than six points
recurrentgemma | 1xA10 | float16 | Winogrande,google/recurrentgemma,1xA10,float16,Winogrande,retired,1,1,,,,,,,,,,,,excluded: front shorter than six points
recurrentgemma | 1xA10 | float32 | ARC-Challenge,google/recurrentgemma,1xA10,float32,ARC-Challenge,retired,1,1,,,,,,,,,,,,excluded: front shorter than six points
recurrentgemma | 1xA10 | float32 | BBH,google/recurrentgemma,1xA10,float32,BBH,headroom,1,1,,,,,,,,,,,,excluded: front shorter than six points
recurrentgemma | 1xA10 | float32 | GSM8K,google/recurrentgemma,1xA10,float32,GSM8K,retired,1,1,,,,,,,,,,,,excluded: front shorter than six points
recurrentgemma | 1xA10 | float32 | HellaSwag,google/recurrentgemma,1xA10,float32,HellaSwag,retired,1,1,,,,,,,,,,,,excluded: front shorter than six points
recurrentgemma | 1xA10 | float32 | IFEval,google/recurrentgemma,1xA10,float32,IFEval,headroom,1,1,,,,,,,,,,,,excluded: front shorter than six points
recurrentgemma | 1xA10 | float32 | MATH Lvl 5,google/recurrentgemma,1xA10,float32,MATH Lvl 5,headroom,1,1,,,,,,,,,,,,excluded: front shorter than six points
recurrentgemma | 1xA10 | float32 | MMLU,google/recurrentgemma,1xA10,float32,MMLU,retired,1,1,,,,,,,,,,,,excluded: front shorter than six points
recurrentgemma | 1xA10 | float32 | MMLU-PRO,google/recurrentgemma,1xA10,float32,MMLU-PRO,headroom,1,1,,,,,,,,,,,,excluded: front shorter than six points
recurrentgemma | 1xA10 | float32 | MuSR,google/recurrentgemma,1xA10,float32,MuSR,headroom,1,1,,,,,,,,,,,,excluded: front shorter than six points
recurrentgemma | 1xA10 | float32 | Winogrande,google/recurrentgemma,1xA10,float32,Winogrande,retired,1,1,,,,,,,,,,,,excluded: front shorter than six points
recurrentgemma | 1xT4 | bfloat16 | ARC-Challenge,google/recurrentgemma,1xT4,bfloat16,ARC-Challenge,retired,1,1,,,,,,,,,,,,excluded: front shorter than six points
recurrentgemma | 1xT4 | bfloat16 | BBH,google/recurrentgemma,1xT4,bfloat16,BBH,headroom,1,1,,,,,,,,,,,,excluded: front shorter than six points
recurrentgemma | 1xT4 | bfloat16 | GSM8K,google/recurrentgemma,1xT4,bfloat16,GSM8K,retired,1,1,,,,,,,,,,,,excluded: front shorter than six points
recurrentgemma | 1xT4 | bfloat16 | HellaSwag,google/recurrentgemma,1xT4,bfloat16,HellaSwag,retired,1,1,,,,,,,,,,,,excluded: front shorter than six points
recurrentgemma | 1xT4 | bfloat16 | IFEval,google/recurrentgemma,1xT4,bfloat16,IFEval,headroom,1,1,,,,,,,,,,,,excluded: front shorter than six points
recurrentgemma | 1xT4 | bfloat16 | MATH Lvl 5,google/recurrentgemma,1xT4,bfloat16,MATH Lvl 5,headroom,1,1,,,,,,,,,,,,excluded: front shorter than six points
recurrentgemma | 1xT4 | bfloat16 | MMLU,google/recurrentgemma,1xT4,bfloat16,MMLU,retired,1,1,,,,,,,,,,,,excluded: front shorter than six points
recurrentgemma | 1xT4 | bfloat16 | MMLU-PRO,google/recurrentgemma,1xT4,bfloat16,MMLU-PRO,headroom,1,1,,,,,,,,,,,,excluded: front shorter than six points
recurrentgemma | 1xT4 | bfloat16 | MuSR,google/recurrentgemma,1xT4,bfloat16,MuSR,headroom,1,1,,,,,,,,,,,,excluded: front shorter than six points
recurrentgemma | 1xT4 | bfloat16 | Winogrande,google/recurrentgemma,1xT4,bfloat16,Winogrande,retired,1,1,,,,,,,,,,,,excluded: front shorter than six points
recurrentgemma | 1xT4 | float16 | ARC-Challenge,google/recurrentgemma,1xT4,float16,ARC-Challenge,retired,1,1,,,,,,,,,,,,excluded: front shorter than six points
recurrentgemma | 1xT4 | float16 | BBH,google/recurrentgemma,1xT4,float16,BBH,headroom,2,2,0.84677,,,,,,,,0.117,0.43,,excluded: front shorter than six points
recurrentgemma | 1xT4 | float16 | GPQA,google/recurrentgemma,1xT4,float16,GPQA,headroom,1,1,,,,,,,,,,,,excluded: front shorter than six points
recurrentgemma | 1xT4 | float16 | GSM8K,google/recurrentgemma,1xT4,float16,GSM8K,retired,1,1,,,,,,,,,,,,excluded: front shorter than six points
recurrentgemma | 1xT4 | float16 | HellaSwag,google/recurrentgemma,1xT4,float16,HellaSwag,retired,1,1,,,,,,,,,,,,excluded: front shorter than six points
recurrentgemma | 1xT4 | float16 | IFEval,google/recurrentgemma,1xT4,float16,IFEval,headroom,2,2,0.68841,,,,,,,,0.014,0.43,,excluded: front shorter than six points
recurrentgemma | 1xT4 | float16 | MATH Lvl 5,google/recurrentgemma,1xT4,float16,MATH Lvl 5,headroom,2,2,0.93354,,,,,,,,0.048,0.43,,excluded: front shorter than six points
recurrentgemma | 1xT4 | float16 | MMLU,google/recurrentgemma,1xT4,float16,MMLU,retired,1,1,,,,,,,,,,,,excluded: front shorter than six points
recurrentgemma | 1xT4 | float16 | MMLU-PRO,google/recurrentgemma,1xT4,float16,MMLU-PRO,headroom,2,2,0.8217,,,,,,,,0.177,0.43,,excluded: front shorter than six points
recurrentgemma | 1xT4 | float16 | MuSR,google/recurrentgemma,1xT4,float16,MuSR,headroom,2,2,0.93401,,,,,,,,0.037,0.43,,excluded: front shorter than six points
recurrentgemma | 1xT4 | float16 | Winogrande,google/recurrentgemma,1xT4,float16,Winogrande,retired,1,1,,,,,,,,,,,,excluded: front shorter than six points
recurrentgemma | 1xT4 | float32 | ARC-Challenge,google/recurrentgemma,1xT4,float32,ARC-Challenge,retired,1,1,,,,,,,,,,,,excluded: front shorter than six points
recurrentgemma | 1xT4 | float32 | BBH,google/recurrentgemma,1xT4,float32,BBH,headroom,1,1,,,,,,,,,,,,excluded: front shorter than six points
recurrentgemma | 1xT4 | float32 | GSM8K,google/recurrentgemma,1xT4,float32,GSM8K,retired,1,1,,,,,,,,,,,,excluded: front shorter than six points
recurrentgemma | 1xT4 | float32 | HellaSwag,google/recurrentgemma,1xT4,float32,HellaSwag,retired,1,1,,,,,,,,,,,,excluded: front shorter than six points
recurrentgemma | 1xT4 | float32 | IFEval,google/recurrentgemma,1xT4,float32,IFEval,headroom,1,1,,,,,,,,,,,,excluded: front shorter than six points
recurrentgemma | 1xT4 | float32 | MATH Lvl 5,google/recurrentgemma,1xT4,float32,MATH Lvl 5,headroom,1,1,,,,,,,,,,,,excluded: front shorter than six points
recurrentgemma | 1xT4 | float32 | MMLU,google/recurrentgemma,1xT4,float32,MMLU,retired,1,1,,,,,,,,,,,,excluded: front shorter than six points
recurrentgemma | 1xT4 | float32 | MMLU-PRO,google/recurrentgemma,1xT4,float32,MMLU-PRO,headroom,1,1,,,,,,,,,,,,excluded: front shorter than six points
recurrentgemma | 1xT4 | float32 | MuSR,google/recurrentgemma,1xT4,float32,MuSR,headroom,1,1,,,,,,,,,,,,excluded: front shorter than six points
recurrentgemma | 1xT4 | float32 | Winogrande,google/recurrentgemma,1xT4,float32,Winogrande,retired,1,1,,,,,,,,,,,,excluded: front shorter than six points
recurrentgemma | 32vCPU-C7i | bfloat16 | ARC-Challenge,google/recurrentgemma,32vCPU-C7i,bfloat16,ARC-Challenge,retired,1,1,,,,,,,,,,,,excluded: front shorter than six points
recurrentgemma | 32vCPU-C7i | bfloat16 | BBH,google/recurrentgemma,32vCPU-C7i,bfloat16,BBH,headroom,2,2,0.84677,,,,,,,,0.117,0.975,,excluded: front shorter than six points
recurrentgemma | 32vCPU-C7i | bfloat16 | GPQA,google/recurrentgemma,32vCPU-C7i,bfloat16,GPQA,headroom,1,1,,,,,,,,,,,,excluded: front shorter than six points
recurrentgemma | 32vCPU-C7i | bfloat16 | GSM8K,google/recurrentgemma,32vCPU-C7i,bfloat16,GSM8K,retired,1,1,,,,,,,,,,,,excluded: front shorter than six points
recurrentgemma | 32vCPU-C7i | bfloat16 | HellaSwag,google/recurrentgemma,32vCPU-C7i,bfloat16,HellaSwag,retired,1,1,,,,,,,,,,,,excluded: front shorter than six points
recurrentgemma | 32vCPU-C7i | bfloat16 | IFEval,google/recurrentgemma,32vCPU-C7i,bfloat16,IFEval,headroom,2,2,0.68841,,,,,,,,0.014,0.975,,excluded: front shorter than six points
recurrentgemma | 32vCPU-C7i | bfloat16 | MATH Lvl 5,google/recurrentgemma,32vCPU-C7i,bfloat16,MATH Lvl 5,headroom,2,2,0.93354,,,,,,,,0.048,0.975,,excluded: front shorter than six points
recurrentgemma | 32vCPU-C7i | bfloat16 | MMLU,google/recurrentgemma,32vCPU-C7i,bfloat16,MMLU,retired,1,1,,,,,,,,,,,,excluded: front shorter than six points
recurrentgemma | 32vCPU-C7i | bfloat16 | MMLU-PRO,google/recurrentgemma,32vCPU-C7i,bfloat16,MMLU-PRO,headroom,2,2,0.8217,,,,,,,,0.177,0.975,,excluded: front shorter than six points
recurrentgemma | 32vCPU-C7i | bfloat16 | MuSR,google/recurrentgemma,32vCPU-C7i,bfloat16,MuSR,headroom,2,2,0.93401,,,,,,,,0.037,0.975,,excluded: front shorter than six points
recurrentgemma | 32vCPU-C7i | bfloat16 | Winogrande,google/recurrentgemma,32vCPU-C7i,bfloat16,Winogrande,retired,1,1,,,,,,,,,,,,excluded: front shorter than six points
recurrentgemma | 32vCPU-C7i | float16 | ARC-Challenge,google/recurrentgemma,32vCPU-C7i,float16,ARC-Challenge,retired,1,1,,,,,,,,,,,,excluded: front shorter than six points
recurrentgemma | 32vCPU-C7i | float16 | BBH,google/recurrentgemma,32vCPU-C7i,float16,BBH,headroom,2,2,0.84677,,,,,,,,0.117,0.945,,excluded: front shorter than six points
recurrentgemma | 32vCPU-C7i | float16 | GPQA,google/recurrentgemma,32vCPU-C7i,float16,GPQA,headroom,1,1,,,,,,,,,,,,excluded: front shorter than six points
recurrentgemma | 32vCPU-C7i | float16 | GSM8K,google/recurrentgemma,32vCPU-C7i,float16,GSM8K,retired,1,1,,,,,,,,,,,,excluded: front shorter than six points
recurrentgemma | 32vCPU-C7i | float16 | HellaSwag,google/recurrentgemma,32vCPU-C7i,float16,HellaSwag,retired,1,1,,,,,,,,,,,,excluded: front shorter than six points
recurrentgemma | 32vCPU-C7i | float16 | IFEval,google/recurrentgemma,32vCPU-C7i,float16,IFEval,headroom,2,2,0.68841,,,,,,,,0.014,0.945,,excluded: front shorter than six points
recurrentgemma | 32vCPU-C7i | float16 | MATH Lvl 5,google/recurrentgemma,32vCPU-C7i,float16,MATH Lvl 5,headroom,2,2,0.93354,,,,,,,,0.048,0.945,,excluded: front shorter than six points
recurrentgemma | 32vCPU-C7i | float16 | MMLU,google/recurrentgemma,32vCPU-C7i,float16,MMLU,retired,1,1,,,,,,,,,,,,excluded: front shorter than six points
recurrentgemma | 32vCPU-C7i | float16 | MMLU-PRO,google/recurrentgemma,32vCPU-C7i,float16,MMLU-PRO,headroom,2,2,0.8217,,,,,,,,0.177,0.945,,excluded: front shorter than six points
recurrentgemma | 32vCPU-C7i | float16 | MuSR,google/recurrentgemma,32vCPU-C7i,float16,MuSR,headroom,2,2,0.93401,,,,,,,,0.037,0.945,,excluded: front shorter than six points
recurrentgemma | 32vCPU-C7i | float16 | Winogrande,google/recurrentgemma,32vCPU-C7i,float16,Winogrande,retired,1,1,,,,,,,,,,,,excluded: front shorter than six points
recurrentgemma | 32vCPU-C7i | float32 | ARC-Challenge,google/recurrentgemma,32vCPU-C7i,float32,ARC-Challenge,retired,1,1,,,,,,,,,,,,excluded: front shorter than six points
recurrentgemma | 32vCPU-C7i | float32 | BBH,google/recurrentgemma,32vCPU-C7i,float32,BBH,headroom,2,2,0.84677,,,,,,,,0.117,1.058,,excluded: front shorter than six points
recurrentgemma | 32vCPU-C7i | float32 | GPQA,google/recurrentgemma,32vCPU-C7i,float32,GPQA,headroom,1,1,,,,,,,,,,,,excluded: front shorter than six points
recurrentgemma | 32vCPU-C7i | float32 | GSM8K,google/recurrentgemma,32vCPU-C7i,float32,GSM8K,retired,1,1,,,,,,,,,,,,excluded: front shorter than six points
recurrentgemma | 32vCPU-C7i | float32 | HellaSwag,google/recurrentgemma,32vCPU-C7i,float32,HellaSwag,retired,1,1,,,,,,,,,,,,excluded: front shorter than six points
recurrentgemma | 32vCPU-C7i | float32 | IFEval,google/recurrentgemma,32vCPU-C7i,float32,IFEval,headroom,2,2,0.68841,,,,,,,,0.014,1.058,,excluded: front shorter than six points
recurrentgemma | 32vCPU-C7i | float32 | MATH Lvl 5,google/recurrentgemma,32vCPU-C7i,float32,MATH Lvl 5,headroom,2,2,0.93354,,,,,,,,0.048,1.058,,excluded: front shorter than six points
recurrentgemma | 32vCPU-C7i | float32 | MMLU,google/recurrentgemma,32vCPU-C7i,float32,MMLU,retired,1,1,,,,,,,,,,,,excluded: front shorter than six points
recurrentgemma | 32vCPU-C7i | float32 | MMLU-PRO,google/recurrentgemma,32vCPU-C7i,float32,MMLU-PRO,headroom,2,2,0.8217,,,,,,,,0.177,1.058,,excluded: front shorter than six points
recurrentgemma | 32vCPU-C7i | float32 | MuSR,google/recurrentgemma,32vCPU-C7i,float32,MuSR,headroom,2,2,0.93401,,,,,,,,0.037,1.058,,excluded: front shorter than six points
recurrentgemma | 32vCPU-C7i | float32 | Winogrande,google/recurrentgemma,32vCPU-C7i,float32,Winogrande,retired,1,1,,,,,,,,,,,,excluded: front shorter than six points
redpajama-incite-base-v1 | 1xA10 | bfloat16 | ARC-Challenge,togethercomputer/redpajama-incite-base-v1,1xA10,bfloat16,ARC-Challenge,retired,1,1,,,,,,,,,,,,excluded: front shorter than six points
redpajama-incite-base-v1 | 1xA10 | bfloat16 | BBH,togethercomputer/redpajama-incite-base-v1,1xA10,bfloat16,BBH,headroom,1,1,,,,,,,,,,,,excluded: front shorter than six points
redpajama-incite-base-v1 | 1xA10 | bfloat16 | GSM8K,togethercomputer/redpajama-incite-base-v1,1xA10,bfloat16,GSM8K,retired,1,1,,,,,,,,,,,,excluded: front shorter than six points
redpajama-incite-base-v1 | 1xA10 | bfloat16 | HellaSwag,togethercomputer/redpajama-incite-base-v1,1xA10,bfloat16,HellaSwag,retired,1,1,,,,,,,,,,,,excluded: front shorter than six points
redpajama-incite-base-v1 | 1xA10 | bfloat16 | IFEval,togethercomputer/redpajama-incite-base-v1,1xA10,bfloat16,IFEval,headroom,1,1,,,,,,,,,,,,excluded: front shorter than six points
redpajama-incite-base-v1 | 1xA10 | bfloat16 | MATH Lvl 5,togethercomputer/redpajama-incite-base-v1,1xA10,bfloat16,MATH Lvl 5,headroom,1,1,,,,,,,,,,,,excluded: front shorter than six points
redpajama-incite-base-v1 | 1xA10 | bfloat16 | MMLU,togethercomputer/redpajama-incite-base-v1,1xA10,bfloat16,MMLU,retired,1,1,,,,,,,,,,,,excluded: front shorter than six points
redpajama-incite-base-v1 | 1xA10 | bfloat16 | MMLU-PRO,togethercomputer/redpajama-incite-base-v1,1xA10,bfloat16,MMLU-PRO,headroom,1,1,,,,,,,,,,,,excluded: front shorter than six points
redpajama-incite-base-v1 | 1xA10 | bfloat16 | MuSR,togethercomputer/redpajama-incite-base-v1,1xA10,bfloat16,MuSR,headroom,1,1,,,,,,,,,,,,excluded: front shorter than six points
redpajama-incite-base-v1 | 1xA10 | bfloat16 | Winogrande,togethercomputer/redpajama-incite-base-v1,1xA10,bfloat16,Winogrande,retired,1,1,,,,,,,,,,,,excluded: front shorter than six points
redpajama-incite-base-v1 | 1xA10 | float16 | ARC-Challenge,togethercomputer/redpajama-incite-base-v1,1xA10,float16,ARC-Challenge,retired,1,1,,,,,,,,,,,,excluded: front shorter than six points
redpajama-incite-base-v1 | 1xA10 | float16 | BBH,togethercomputer/redpajama-incite-base-v1,1xA10,float16,BBH,headroom,1,1,,,,,,,,,,,,excluded: front shorter than six points
redpajama-incite-base-v1 | 1xA10 | float16 | GSM8K,togethercomputer/redpajama-incite-base-v1,1xA10,float16,GSM8K,retired,1,1,,,,,,,,,,,,excluded: front shorter than six points
redpajama-incite-base-v1 | 1xA10 | float16 | HellaSwag,togethercomputer/redpajama-incite-base-v1,1xA10,float16,HellaSwag,retired,1,1,,,,,,,,,,,,excluded: front shorter than six points
redpajama-incite-base-v1 | 1xA10 | float16 | IFEval,togethercomputer/redpajama-incite-base-v1,1xA10,float16,IFEval,headroom,1,1,,,,,,,,,,,,excluded: front shorter than six points
redpajama-incite-base-v1 | 1xA10 | float16 | MATH Lvl 5,togethercomputer/redpajama-incite-base-v1,1xA10,float16,MATH Lvl 5,headroom,1,1,,,,,,,,,,,,excluded: front shorter than six points
redpajama-incite-base-v1 | 1xA10 | float16 | MMLU,togethercomputer/redpajama-incite-base-v1,1xA10,float16,MMLU,retired,1,1,,,,,,,,,,,,excluded: front shorter than six points
redpajama-incite-base-v1 | 1xA10 | float16 | MMLU-PRO,togethercomputer/redpajama-incite-base-v1,1xA10,float16,MMLU-PRO,headroom,1,1,,,,,,,,,,,,excluded: front shorter than six points
redpajama-incite-base-v1 | 1xA10 | float16 | MuSR,togethercomputer/redpajama-incite-base-v1,1xA10,float16,MuSR,headroom,1,1,,,,,,,,,,,,excluded: front shorter than six points
redpajama-incite-base-v1 | 1xA10 | float16 | Winogrande,togethercomputer/redpajama-incite-base-v1,1xA10,float16,Winogrande,retired,1,1,,,,,,,,,,,,excluded: front shorter than six points
redpajama-incite-base-v1 | 1xA10 | float32 | ARC-Challenge,togethercomputer/redpajama-incite-base-v1,1xA10,float32,ARC-Challenge,retired,1,1,,,,,,,,,,,,excluded: front shorter than six points
redpajama-incite-base-v1 | 1xA10 | float32 | BBH,togethercomputer/redpajama-incite-base-v1,1xA10,float32,BBH,headroom,1,1,,,,,,,,,,,,excluded: front shorter than six points
redpajama-incite-base-v1 | 1xA10 | float32 | GSM8K,togethercomputer/redpajama-incite-base-v1,1xA10,float32,GSM8K,retired,1,1,,,,,,,,,,,,excluded: front shorter than six points
redpajama-incite-base-v1 | 1xA10 | float32 | HellaSwag,togethercomputer/redpajama-incite-base-v1,1xA10,float32,HellaSwag,retired,1,1,,,,,,,,,,,,excluded: front shorter than six points
redpajama-incite-base-v1 | 1xA10 | float32 | IFEval,togethercomputer/redpajama-incite-base-v1,1xA10,float32,IFEval,headroom,1,1,,,,,,,,,,,,excluded: front shorter than six points
redpajama-incite-base-v1 | 1xA10 | float32 | MATH Lvl 5,togethercomputer/redpajama-incite-base-v1,1xA10,float32,MATH Lvl 5,headroom,1,1,,,,,,,,,,,,excluded: front shorter than six points
redpajama-incite-base-v1 | 1xA10 | float32 | MMLU,togethercomputer/redpajama-incite-base-v1,1xA10,float32,MMLU,retired,1,1,,,,,,,,,,,,excluded: front shorter than six points
redpajama-incite-base-v1 | 1xA10 | float32 | MMLU-PRO,togethercomputer/redpajama-incite-base-v1,1xA10,float32,MMLU-PRO,headroom,1,1,,,,,,,,,,,,excluded: front shorter than six points
redpajama-incite-base-v1 | 1xA10 | float32 | MuSR,togethercomputer/redpajama-incite-base-v1,1xA10,float32,MuSR,headroom,1,1,,,,,,,,,,,,excluded: front shorter than six points
redpajama-incite-base-v1 | 1xA10 | float32 | Winogrande,togethercomputer/redpajama-incite-base-v1,1xA10,float32,Winogrande,retired,1,1,,,,,,,,,,,,excluded: front shorter than six points
redpajama-incite-base-v1 | 1xT4 | bfloat16 | ARC-Challenge,togethercomputer/redpajama-incite-base-v1,1xT4,bfloat16,ARC-Challenge,retired,1,1,,,,,,,,,,,,excluded: front shorter than six points
redpajama-incite-base-v1 | 1xT4 | bfloat16 | BBH,togethercomputer/redpajama-incite-base-v1,1xT4,bfloat16,BBH,headroom,1,1,,,,,,,,,,,,excluded: front shorter than six points
redpajama-incite-base-v1 | 1xT4 | bfloat16 | GSM8K,togethercomputer/redpajama-incite-base-v1,1xT4,bfloat16,GSM8K,retired,1,1,,,,,,,,,,,,excluded: front shorter than six points
redpajama-incite-base-v1 | 1xT4 | bfloat16 | HellaSwag,togethercomputer/redpajama-incite-base-v1,1xT4,bfloat16,HellaSwag,retired,1,1,,,,,,,,,,,,excluded: front shorter than six points
redpajama-incite-base-v1 | 1xT4 | bfloat16 | IFEval,togethercomputer/redpajama-incite-base-v1,1xT4,bfloat16,IFEval,headroom,1,1,,,,,,,,,,,,excluded: front shorter than six points
redpajama-incite-base-v1 | 1xT4 | bfloat16 | MATH Lvl 5,togethercomputer/redpajama-incite-base-v1,1xT4,bfloat16,MATH Lvl 5,headroom,1,1,,,,,,,,,,,,excluded: front shorter than six points
redpajama-incite-base-v1 | 1xT4 | bfloat16 | MMLU,togethercomputer/redpajama-incite-base-v1,1xT4,bfloat16,MMLU,retired,1,1,,,,,,,,,,,,excluded: front shorter than six points
redpajama-incite-base-v1 | 1xT4 | bfloat16 | MMLU-PRO,togethercomputer/redpajama-incite-base-v1,1xT4,bfloat16,MMLU-PRO,headroom,1,1,,,,,,,,,,,,excluded: front shorter than six points
redpajama-incite-base-v1 | 1xT4 | bfloat16 | MuSR,togethercomputer/redpajama-incite-base-v1,1xT4,bfloat16,MuSR,headroom,1,1,,,,,,,,,,,,excluded: front shorter than six points
redpajama-incite-base-v1 | 1xT4 | bfloat16 | Winogrande,togethercomputer/redpajama-incite-base-v1,1xT4,bfloat16,Winogrande,retired,1,1,,,,,,,,,,,,excluded: front shorter than six points
redpajama-incite-base-v1 | 1xT4 | float16 | ARC-Challenge,togethercomputer/redpajama-incite-base-v1,1xT4,float16,ARC-Challenge,retired,1,1,,,,,,,,,,,,excluded: front shorter than six points
redpajama-incite-base-v1 | 1xT4 | float16 | BBH,togethercomputer/redpajama-incite-base-v1,1xT4,float16,BBH,headroom,1,1,,,,,,,,,,,,excluded: front shorter than six points
redpajama-incite-base-v1 | 1xT4 | float16 | GSM8K,togethercomputer/redpajama-incite-base-v1,1xT4,float16,GSM8K,retired,1,1,,,,,,,,,,,,excluded: front shorter than six points
redpajama-incite-base-v1 | 1xT4 | float16 | HellaSwag,togethercomputer/redpajama-incite-base-v1,1xT4,float16,HellaSwag,retired,1,1,,,,,,,,,,,,excluded: front shorter than six points
redpajama-incite-base-v1 | 1xT4 | float16 | IFEval,togethercomputer/redpajama-incite-base-v1,1xT4,float16,IFEval,headroom,1,1,,,,,,,,,,,,excluded: front shorter than six points
redpajama-incite-base-v1 | 1xT4 | float16 | MATH Lvl 5,togethercomputer/redpajama-incite-base-v1,1xT4,float16,MATH Lvl 5,headroom,1,1,,,,,,,,,,,,excluded: front shorter than six points
redpajama-incite-base-v1 | 1xT4 | float16 | MMLU,togethercomputer/redpajama-incite-base-v1,1xT4,float16,MMLU,retired,1,1,,,,,,,,,,,,excluded: front shorter than six points
redpajama-incite-base-v1 | 1xT4 | float16 | MMLU-PRO,togethercomputer/redpajama-incite-base-v1,1xT4,float16,MMLU-PRO,headroom,1,1,,,,,,,,,,,,excluded: front shorter than six points
redpajama-incite-base-v1 | 1xT4 | float16 | MuSR,togethercomputer/redpajama-incite-base-v1,1xT4,float16,MuSR,headroom,1,1,,,,,,,,,,,,excluded: front shorter than six points
redpajama-incite-base-v1 | 1xT4 | float16 | Winogrande,togethercomputer/redpajama-incite-base-v1,1xT4,float16,Winogrande,retired,1,1,,,,,,,,,,,,excluded: front shorter than six points
redpajama-incite-base-v1 | 1xT4 | float32 | ARC-Challenge,togethercomputer/redpajama-incite-base-v1,1xT4,float32,ARC-Challenge,retired,1,1,,,,,,,,,,,,excluded: front shorter than six points
redpajama-incite-base-v1 | 1xT4 | float32 | BBH,togethercomputer/redpajama-incite-base-v1,1xT4,float32,BBH,headroom,1,1,,,,,,,,,,,,excluded: front shorter than six points
redpajama-incite-base-v1 | 1xT4 | float32 | GSM8K,togethercomputer/redpajama-incite-base-v1,1xT4,float32,GSM8K,retired,1,1,,,,,,,,,,,,excluded: front shorter than six points
redpajama-incite-base-v1 | 1xT4 | float32 | HellaSwag,togethercomputer/redpajama-incite-base-v1,1xT4,float32,HellaSwag,retired,1,1,,,,,,,,,,,,excluded: front shorter than six points
redpajama-incite-base-v1 | 1xT4 | float32 | IFEval,togethercomputer/redpajama-incite-base-v1,1xT4,float32,IFEval,headroom,1,1,,,,,,,,,,,,excluded: front shorter than six points
redpajama-incite-base-v1 | 1xT4 | float32 | MATH Lvl 5,togethercomputer/redpajama-incite-base-v1,1xT4,float32,MATH Lvl 5,headroom,1,1,,,,,,,,,,,,excluded: front shorter than six points
redpajama-incite-base-v1 | 1xT4 | float32 | MMLU,togethercomputer/redpajama-incite-base-v1,1xT4,float32,MMLU,retired,1,1,,,,,,,,,,,,excluded: front shorter than six points
redpajama-incite-base-v1 | 1xT4 | float32 | MMLU-PRO,togethercomputer/redpajama-incite-base-v1,1xT4,float32,MMLU-PRO,headroom,1,1,,,,,,,,,,,,excluded: front shorter than six points
redpajama-incite-base-v1 | 1xT4 | float32 | MuSR,togethercomputer/redpajama-incite-base-v1,1xT4,float32,MuSR,headroom,1,1,,,,,,,,,,,,excluded: front shorter than six points
redpajama-incite-base-v1 | 1xT4 | float32 | Winogrande,togethercomputer/redpajama-incite-base-v1,1xT4,float32,Winogrande,retired,1,1,,,,,,,,,,,,excluded: front shorter than six points
stablelm-2 | 1xA10 | float16 | ARC-Challenge,stabilityai/stablelm-2,1xA10,float16,ARC-Challenge,retired,1,1,,,,,,,,,,,,excluded: front shorter than six points
stablelm-2 | 1xA10 | float16 | BBH,stabilityai/stablelm-2,1xA10,float16,BBH,headroom,1,1,,,,,,,,,,,,excluded: front shorter than six points
stablelm-2 | 1xA10 | float16 | GPQA,stabilityai/stablelm-2,1xA10,float16,GPQA,headroom,1,1,,,,,,,,,,,,excluded: front shorter than six points
stablelm-2 | 1xA10 | float16 | GSM8K,stabilityai/stablelm-2,1xA10,float16,GSM8K,retired,1,1,,,,,,,,,,,,excluded: front shorter than six points
stablelm-2 | 1xA10 | float16 | HellaSwag,stabilityai/stablelm-2,1xA10,float16,HellaSwag,retired,1,1,,,,,,,,,,,,excluded: front shorter than six points
stablelm-2 | 1xA10 | float16 | IFEval,stabilityai/stablelm-2,1xA10,float16,IFEval,headroom,1,1,,,,,,,,,,,,excluded: front shorter than six points
stablelm-2 | 1xA10 | float16 | MATH Lvl 5,stabilityai/stablelm-2,1xA10,float16,MATH Lvl 5,headroom,1,1,,,,,,,,,,,,excluded: front shorter than six points
stablelm-2 | 1xA10 | float16 | MMLU,stabilityai/stablelm-2,1xA10,float16,MMLU,retired,1,1,,,,,,,,,,,,excluded: front shorter than six points
stablelm-2 | 1xA10 | float16 | MMLU-PRO,stabilityai/stablelm-2,1xA10,float16,MMLU-PRO,headroom,1,1,,,,,,,,,,,,excluded: front shorter than six points
stablelm-2 | 1xA10 | float16 | MuSR,stabilityai/stablelm-2,1xA10,float16,MuSR,headroom,1,1,,,,,,,,,,,,excluded: front shorter than six points
stablelm-2 | 1xA10 | float16 | Winogrande,stabilityai/stablelm-2,1xA10,float16,Winogrande,retired,1,1,,,,,,,,,,,,excluded: front shorter than six points
stablelm-2 | 1xT4 | float16 | ARC-Challenge,stabilityai/stablelm-2,1xT4,float16,ARC-Challenge,retired,1,1,,,,,,,,,,,,excluded: front shorter than six points
stablelm-2 | 1xT4 | float16 | BBH,stabilityai/stablelm-2,1xT4,float16,BBH,headroom,1,1,,,,,,,,,,,,excluded: front shorter than six points
stablelm-2 | 1xT4 | float16 | GPQA,stabilityai/stablelm-2,1xT4,float16,GPQA,headroom,1,1,,,,,,,,,,,,excluded: front shorter than six points
stablelm-2 | 1xT4 | float16 | GSM8K,stabilityai/stablelm-2,1xT4,float16,GSM8K,retired,1,1,,,,,,,,,,,,excluded: front shorter than six points
stablelm-2 | 1xT4 | float16 | HellaSwag,stabilityai/stablelm-2,1xT4,float16,HellaSwag,retired,1,1,,,,,,,,,,,,excluded: front shorter than six points
stablelm-2 | 1xT4 | float16 | IFEval,stabilityai/stablelm-2,1xT4,float16,IFEval,headroom,1,1,,,,,,,,,,,,excluded: front shorter than six points
stablelm-2 | 1xT4 | float16 | MATH Lvl 5,stabilityai/stablelm-2,1xT4,float16,MATH Lvl 5,headroom,1,1,,,,,,,,,,,,excluded: front shorter than six points
stablelm-2 | 1xT4 | float16 | MMLU,stabilityai/stablelm-2,1xT4,float16,MMLU,retired,1,1,,,,,,,,,,,,excluded: front shorter than six points
stablelm-2 | 1xT4 | float16 | MMLU-PRO,stabilityai/stablelm-2,1xT4,float16,MMLU-PRO,headroom,1,1,,,,,,,,,,,,excluded: front shorter than six points
stablelm-2 | 1xT4 | float16 | MuSR,stabilityai/stablelm-2,1xT4,float16,MuSR,headroom,1,1,,,,,,,,,,,,excluded: front shorter than six points
stablelm-2 | 1xT4 | float16 | Winogrande,stabilityai/stablelm-2,1xT4,float16,Winogrande,retired,1,1,,,,,,,,,,,,excluded: front shorter than six points
stablelm-2-1 | 1xA10 | bfloat16 | ARC-Challenge,stabilityai/stablelm-2-1,1xA10,bfloat16,ARC-Challenge,retired,1,1,,,,,,,,,,,,excluded: front shorter than six points
stablelm-2-1 | 1xA10 | bfloat16 | BBH,stabilityai/stablelm-2-1,1xA10,bfloat16,BBH,headroom,1,1,,,,,,,,,,,,excluded: front shorter than six points
stablelm-2-1 | 1xA10 | bfloat16 | GSM8K,stabilityai/stablelm-2-1,1xA10,bfloat16,GSM8K,retired,1,1,,,,,,,,,,,,excluded: front shorter than six points
stablelm-2-1 | 1xA10 | bfloat16 | HellaSwag,stabilityai/stablelm-2-1,1xA10,bfloat16,HellaSwag,retired,1,1,,,,,,,,,,,,excluded: front shorter than six points
stablelm-2-1 | 1xA10 | bfloat16 | IFEval,stabilityai/stablelm-2-1,1xA10,bfloat16,IFEval,headroom,1,1,,,,,,,,,,,,excluded: front shorter than six points
stablelm-2-1 | 1xA10 | bfloat16 | MATH Lvl 5,stabilityai/stablelm-2-1,1xA10,bfloat16,MATH Lvl 5,headroom,1,1,,,,,,,,,,,,excluded: front shorter than six points
stablelm-2-1 | 1xA10 | bfloat16 | MMLU,stabilityai/stablelm-2-1,1xA10,bfloat16,MMLU,retired,1,1,,,,,,,,,,,,excluded: front shorter than six points
stablelm-2-1 | 1xA10 | bfloat16 | MMLU-PRO,stabilityai/stablelm-2-1,1xA10,bfloat16,MMLU-PRO,headroom,1,1,,,,,,,,,,,,excluded: front shorter than six points
stablelm-2-1 | 1xA10 | bfloat16 | MuSR,stabilityai/stablelm-2-1,1xA10,bfloat16,MuSR,headroom,1,1,,,,,,,,,,,,excluded: front shorter than six points
stablelm-2-1 | 1xA10 | bfloat16 | Winogrande,stabilityai/stablelm-2-1,1xA10,bfloat16,Winogrande,retired,1,1,,,,,,,,,,,,excluded: front shorter than six points
stablelm-2-1 | 1xA10 | float16 | ARC-Challenge,stabilityai/stablelm-2-1,1xA10,float16,ARC-Challenge,retired,1,1,,,,,,,,,,,,excluded: front shorter than six points
stablelm-2-1 | 1xA10 | float16 | BBH,stabilityai/stablelm-2-1,1xA10,float16,BBH,headroom,1,1,,,,,,,,,,,,excluded: front shorter than six points
stablelm-2-1 | 1xA10 | float16 | GSM8K,stabilityai/stablelm-2-1,1xA10,float16,GSM8K,retired,1,1,,,,,,,,,,,,excluded: front shorter than six points
stablelm-2-1 | 1xA10 | float16 | HellaSwag,stabilityai/stablelm-2-1,1xA10,float16,HellaSwag,retired,1,1,,,,,,,,,,,,excluded: front shorter than six points
stablelm-2-1 | 1xA10 | float16 | IFEval,stabilityai/stablelm-2-1,1xA10,float16,IFEval,headroom,1,1,,,,,,,,,,,,excluded: front shorter than six points
stablelm-2-1 | 1xA10 | float16 | MATH Lvl 5,stabilityai/stablelm-2-1,1xA10,float16,MATH Lvl 5,headroom,1,1,,,,,,,,,,,,excluded: front shorter than six points
stablelm-2-1 | 1xA10 | float16 | MMLU,stabilityai/stablelm-2-1,1xA10,float16,MMLU,retired,1,1,,,,,,,,,,,,excluded: front shorter than six points
stablelm-2-1 | 1xA10 | float16 | MMLU-PRO,stabilityai/stablelm-2-1,1xA10,float16,MMLU-PRO,headroom,1,1,,,,,,,,,,,,excluded: front shorter than six points
stablelm-2-1 | 1xA10 | float16 | MuSR,stabilityai/stablelm-2-1,1xA10,float16,MuSR,headroom,1,1,,,,,,,,,,,,excluded: front shorter than six points
stablelm-2-1 | 1xA10 | float16 | Winogrande,stabilityai/stablelm-2-1,1xA10,float16,Winogrande,retired,1,1,,,,,,,,,,,,excluded: front shorter than six points
stablelm-2-1 | 1xA10 | float32 | ARC-Challenge,stabilityai/stablelm-2-1,1xA10,float32,ARC-Challenge,retired,1,1,,,,,,,,,,,,excluded: front shorter than six points
stablelm-2-1 | 1xA10 | float32 | BBH,stabilityai/stablelm-2-1,1xA10,float32,BBH,headroom,1,1,,,,,,,,,,,,excluded: front shorter than six points
stablelm-2-1 | 1xA10 | float32 | GSM8K,stabilityai/stablelm-2-1,1xA10,float32,GSM8K,retired,1,1,,,,,,,,,,,,excluded: front shorter than six points
stablelm-2-1 | 1xA10 | float32 | HellaSwag,stabilityai/stablelm-2-1,1xA10,float32,HellaSwag,retired,1,1,,,,,,,,,,,,excluded: front shorter than six points
stablelm-2-1 | 1xA10 | float32 | IFEval,stabilityai/stablelm-2-1,1xA10,float32,IFEval,headroom,1,1,,,,,,,,,,,,excluded: front shorter than six points
stablelm-2-1 | 1xA10 | float32 | MATH Lvl 5,stabilityai/stablelm-2-1,1xA10,float32,MATH Lvl 5,headroom,1,1,,,,,,,,,,,,excluded: front shorter than six points
stablelm-2-1 | 1xA10 | float32 | MMLU,stabilityai/stablelm-2-1,1xA10,float32,MMLU,retired,1,1,,,,,,,,,,,,excluded: front shorter than six points
stablelm-2-1 | 1xA10 | float32 | MMLU-PRO,stabilityai/stablelm-2-1,1xA10,float32,MMLU-PRO,headroom,1,1,,,,,,,,,,,,excluded: front shorter than six points
stablelm-2-1 | 1xA10 | float32 | MuSR,stabilityai/stablelm-2-1,1xA10,float32,MuSR,headroom,1,1,,,,,,,,,,,,excluded: front shorter than six points
stablelm-2-1 | 1xA10 | float32 | Winogrande,stabilityai/stablelm-2-1,1xA10,float32,Winogrande,retired,1,1,,,,,,,,,,,,excluded: front shorter than six points
stablelm-2-1 | 1xT4 | bfloat16 | ARC-Challenge,stabilityai/stablelm-2-1,1xT4,bfloat16,ARC-Challenge,retired,1,1,,,,,,,,,,,,excluded: front shorter than six points
stablelm-2-1 | 1xT4 | bfloat16 | BBH,stabilityai/stablelm-2-1,1xT4,bfloat16,BBH,headroom,1,1,,,,,,,,,,,,excluded: front shorter than six points
stablelm-2-1 | 1xT4 | bfloat16 | GSM8K,stabilityai/stablelm-2-1,1xT4,bfloat16,GSM8K,retired,1,1,,,,,,,,,,,,excluded: front shorter than six points
stablelm-2-1 | 1xT4 | bfloat16 | HellaSwag,stabilityai/stablelm-2-1,1xT4,bfloat16,HellaSwag,retired,1,1,,,,,,,,,,,,excluded: front shorter than six points
stablelm-2-1 | 1xT4 | bfloat16 | IFEval,stabilityai/stablelm-2-1,1xT4,bfloat16,IFEval,headroom,1,1,,,,,,,,,,,,excluded: front shorter than six points
stablelm-2-1 | 1xT4 | bfloat16 | MATH Lvl 5,stabilityai/stablelm-2-1,1xT4,bfloat16,MATH Lvl 5,headroom,1,1,,,,,,,,,,,,excluded: front shorter than six points
stablelm-2-1 | 1xT4 | bfloat16 | MMLU,stabilityai/stablelm-2-1,1xT4,bfloat16,MMLU,retired,1,1,,,,,,,,,,,,excluded: front shorter than six points
stablelm-2-1 | 1xT4 | bfloat16 | MMLU-PRO,stabilityai/stablelm-2-1,1xT4,bfloat16,MMLU-PRO,headroom,1,1,,,,,,,,,,,,excluded: front shorter than six points
stablelm-2-1 | 1xT4 | bfloat16 | MuSR,stabilityai/stablelm-2-1,1xT4,bfloat16,MuSR,headroom,1,1,,,,,,,,,,,,excluded: front shorter than six points
stablelm-2-1 | 1xT4 | bfloat16 | Winogrande,stabilityai/stablelm-2-1,1xT4,bfloat16,Winogrande,retired,1,1,,,,,,,,,,,,excluded: front shorter than six points
stablelm-2-1 | 1xT4 | float16 | ARC-Challenge,stabilityai/stablelm-2-1,1xT4,float16,ARC-Challenge,retired,1,1,,,,,,,,,,,,excluded: front shorter than six points
stablelm-2-1 | 1xT4 | float16 | BBH,stabilityai/stablelm-2-1,1xT4,float16,BBH,headroom,1,1,,,,,,,,,,,,excluded: front shorter than six points
stablelm-2-1 | 1xT4 | float16 | GSM8K,stabilityai/stablelm-2-1,1xT4,float16,GSM8K,retired,1,1,,,,,,,,,,,,excluded: front shorter than six points
stablelm-2-1 | 1xT4 | float16 | HellaSwag,stabilityai/stablelm-2-1,1xT4,float16,HellaSwag,retired,1,1,,,,,,,,,,,,excluded: front shorter than six points
stablelm-2-1 | 1xT4 | float16 | IFEval,stabilityai/stablelm-2-1,1xT4,float16,IFEval,headroom,1,1,,,,,,,,,,,,excluded: front shorter than six points
stablelm-2-1 | 1xT4 | float16 | MATH Lvl 5,stabilityai/stablelm-2-1,1xT4,float16,MATH Lvl 5,headroom,1,1,,,,,,,,,,,,excluded: front shorter than six points
stablelm-2-1 | 1xT4 | float16 | MMLU,stabilityai/stablelm-2-1,1xT4,float16,MMLU,retired,1,1,,,,,,,,,,,,excluded: front shorter than six points
stablelm-2-1 | 1xT4 | float16 | MMLU-PRO,stabilityai/stablelm-2-1,1xT4,float16,MMLU-PRO,headroom,1,1,,,,,,,,,,,,excluded: front shorter than six points
stablelm-2-1 | 1xT4 | float16 | MuSR,stabilityai/stablelm-2-1,1xT4,float16,MuSR,headroom,1,1,,,,,,,,,,,,excluded: front shorter than six points
stablelm-2-1 | 1xT4 | float16 | Winogrande,stabilityai/stablelm-2-1,1xT4,float16,Winogrande,retired,1,1,,,,,,,,,,,,excluded: front shorter than six points
stablelm-2-1 | 1xT4 | float32 | ARC-Challenge,stabilityai/stablelm-2-1,1xT4,float32,ARC-Challenge,retired,1,1,,,,,,,,,,,,excluded: front shorter than six points
stablelm-2-1 | 1xT4 | float32 | BBH,stabilityai/stablelm-2-1,1xT4,float32,BBH,headroom,1,1,,,,,,,,,,,,excluded: front shorter than six points
stablelm-2-1 | 1xT4 | float32 | GSM8K,stabilityai/stablelm-2-1,1xT4,float32,GSM8K,retired,1,1,,,,,,,,,,,,excluded: front shorter than six points
stablelm-2-1 | 1xT4 | float32 | HellaSwag,stabilityai/stablelm-2-1,1xT4,float32,HellaSwag,retired,1,1,,,,,,,,,,,,excluded: front shorter than six points
stablelm-2-1 | 1xT4 | float32 | IFEval,stabilityai/stablelm-2-1,1xT4,float32,IFEval,headroom,1,1,,,,,,,,,,,,excluded: front shorter than six points
stablelm-2-1 | 1xT4 | float32 | MATH Lvl 5,stabilityai/stablelm-2-1,1xT4,float32,MATH Lvl 5,headroom,1,1,,,,,,,,,,,,excluded: front shorter than six points
stablelm-2-1 | 1xT4 | float32 | MMLU,stabilityai/stablelm-2-1,1xT4,float32,MMLU,retired,1,1,,,,,,,,,,,,excluded: front shorter than six points
stablelm-2-1 | 1xT4 | float32 | MMLU-PRO,stabilityai/stablelm-2-1,1xT4,float32,MMLU-PRO,headroom,1,1,,,,,,,,,,,,excluded: front shorter than six points
stablelm-2-1 | 1xT4 | float32 | MuSR,stabilityai/stablelm-2-1,1xT4,float32,MuSR,headroom,1,1,,,,,,,,,,,,excluded: front shorter than six points
stablelm-2-1 | 1xT4 | float32 | Winogrande,stabilityai/stablelm-2-1,1xT4,float32,Winogrande,retired,1,1,,,,,,,,,,,,excluded: front shorter than six points
stablelm-4e1t | 1xA10 | bfloat16 | ARC-Challenge,stabilityai/stablelm-4e1t,1xA10,bfloat16,ARC-Challenge,retired,1,1,,,,,,,,,,,,excluded: front shorter than six points
stablelm-4e1t | 1xA10 | bfloat16 | BBH,stabilityai/stablelm-4e1t,1xA10,bfloat16,BBH,headroom,1,1,,,,,,,,,,,,excluded: front shorter than six points
stablelm-4e1t | 1xA10 | bfloat16 | GSM8K,stabilityai/stablelm-4e1t,1xA10,bfloat16,GSM8K,retired,1,1,,,,,,,,,,,,excluded: front shorter than six points
stablelm-4e1t | 1xA10 | bfloat16 | HellaSwag,stabilityai/stablelm-4e1t,1xA10,bfloat16,HellaSwag,retired,1,1,,,,,,,,,,,,excluded: front shorter than six points
stablelm-4e1t | 1xA10 | bfloat16 | IFEval,stabilityai/stablelm-4e1t,1xA10,bfloat16,IFEval,headroom,1,1,,,,,,,,,,,,excluded: front shorter than six points
stablelm-4e1t | 1xA10 | bfloat16 | MATH Lvl 5,stabilityai/stablelm-4e1t,1xA10,bfloat16,MATH Lvl 5,headroom,1,1,,,,,,,,,,,,excluded: front shorter than six points
stablelm-4e1t | 1xA10 | bfloat16 | MMLU,stabilityai/stablelm-4e1t,1xA10,bfloat16,MMLU,retired,1,1,,,,,,,,,,,,excluded: front shorter than six points
stablelm-4e1t | 1xA10 | bfloat16 | MMLU-PRO,stabilityai/stablelm-4e1t,1xA10,bfloat16,MMLU-PRO,headroom,1,1,,,,,,,,,,,,excluded: front shorter than six points
stablelm-4e1t | 1xA10 | bfloat16 | MuSR,stabilityai/stablelm-4e1t,1xA10,bfloat16,MuSR,headroom,1,1,,,,,,,,,,,,excluded: front shorter than six points
stablelm-4e1t | 1xA10 | bfloat16 | Winogrande,stabilityai/stablelm-4e1t,1xA10,bfloat16,Winogrande,retired,1,1,,,,,,,,,,,,excluded: front shorter than six points
stablelm-4e1t | 1xA10 | float16 | ARC-Challenge,stabilityai/stablelm-4e1t,1xA10,float16,ARC-Challenge,retired,1,1,,,,,,,,,,,,excluded: front shorter than six points
stablelm-4e1t | 1xA10 | float16 | BBH,stabilityai/stablelm-4e1t,1xA10,float16,BBH,headroom,1,1,,,,,,,,,,,,excluded: front shorter than six points
stablelm-4e1t | 1xA10 | float16 | GSM8K,stabilityai/stablelm-4e1t,1xA10,float16,GSM8K,retired,1,1,,,,,,,,,,,,excluded: front shorter than six points
stablelm-4e1t | 1xA10 | float16 | HellaSwag,stabilityai/stablelm-4e1t,1xA10,float16,HellaSwag,retired,1,1,,,,,,,,,,,,excluded: front shorter than six points
stablelm-4e1t | 1xA10 | float16 | IFEval,stabilityai/stablelm-4e1t,1xA10,float16,IFEval,headroom,1,1,,,,,,,,,,,,excluded: front shorter than six points
stablelm-4e1t | 1xA10 | float16 | MATH Lvl 5,stabilityai/stablelm-4e1t,1xA10,float16,MATH Lvl 5,headroom,1,1,,,,,,,,,,,,excluded: front shorter than six points
stablelm-4e1t | 1xA10 | float16 | MMLU,stabilityai/stablelm-4e1t,1xA10,float16,MMLU,retired,1,1,,,,,,,,,,,,excluded: front shorter than six points
stablelm-4e1t | 1xA10 | float16 | MMLU-PRO,stabilityai/stablelm-4e1t,1xA10,float16,MMLU-PRO,headroom,1,1,,,,,,,,,,,,excluded: front shorter than six points
stablelm-4e1t | 1xA10 | float16 | MuSR,stabilityai/stablelm-4e1t,1xA10,float16,MuSR,headroom,1,1,,,,,,,,,,,,excluded: front shorter than six points
stablelm-4e1t | 1xA10 | float16 | Winogrande,stabilityai/stablelm-4e1t,1xA10,float16,Winogrande,retired,1,1,,,,,,,,,,,,excluded: front shorter than six points
stablelm-4e1t | 1xA10 | float32 | ARC-Challenge,stabilityai/stablelm-4e1t,1xA10,float32,ARC-Challenge,retired,1,1,,,,,,,,,,,,excluded: front shorter than six points
stablelm-4e1t | 1xA10 | float32 | BBH,stabilityai/stablelm-4e1t,1xA10,float32,BBH,headroom,1,1,,,,,,,,,,,,excluded: front shorter than six points
stablelm-4e1t | 1xA10 | float32 | GSM8K,stabilityai/stablelm-4e1t,1xA10,float32,GSM8K,retired,1,1,,,,,,,,,,,,excluded: front shorter than six points
stablelm-4e1t | 1xA10 | float32 | HellaSwag,stabilityai/stablelm-4e1t,1xA10,float32,HellaSwag,retired,1,1,,,,,,,,,,,,excluded: front shorter than six points
stablelm-4e1t | 1xA10 | float32 | IFEval,stabilityai/stablelm-4e1t,1xA10,float32,IFEval,headroom,1,1,,,,,,,,,,,,excluded: front shorter than six points
stablelm-4e1t | 1xA10 | float32 | MATH Lvl 5,stabilityai/stablelm-4e1t,1xA10,float32,MATH Lvl 5,headroom,1,1,,,,,,,,,,,,excluded: front shorter than six points
stablelm-4e1t | 1xA10 | float32 | MMLU,stabilityai/stablelm-4e1t,1xA10,float32,MMLU,retired,1,1,,,,,,,,,,,,excluded: front shorter than six points
stablelm-4e1t | 1xA10 | float32 | MMLU-PRO,stabilityai/stablelm-4e1t,1xA10,float32,MMLU-PRO,headroom,1,1,,,,,,,,,,,,excluded: front shorter than six points
stablelm-4e1t | 1xA10 | float32 | MuSR,stabilityai/stablelm-4e1t,1xA10,float32,MuSR,headroom,1,1,,,,,,,,,,,,excluded: front shorter than six points
stablelm-4e1t | 1xA10 | float32 | Winogrande,stabilityai/stablelm-4e1t,1xA10,float32,Winogrande,retired,1,1,,,,,,,,,,,,excluded: front shorter than six points
stablelm-4e1t | 1xT4 | bfloat16 | ARC-Challenge,stabilityai/stablelm-4e1t,1xT4,bfloat16,ARC-Challenge,retired,1,1,,,,,,,,,,,,excluded: front shorter than six points
stablelm-4e1t | 1xT4 | bfloat16 | BBH,stabilityai/stablelm-4e1t,1xT4,bfloat16,BBH,headroom,1,1,,,,,,,,,,,,excluded: front shorter than six points
stablelm-4e1t | 1xT4 | bfloat16 | GSM8K,stabilityai/stablelm-4e1t,1xT4,bfloat16,GSM8K,retired,1,1,,,,,,,,,,,,excluded: front shorter than six points
stablelm-4e1t | 1xT4 | bfloat16 | HellaSwag,stabilityai/stablelm-4e1t,1xT4,bfloat16,HellaSwag,retired,1,1,,,,,,,,,,,,excluded: front shorter than six points
stablelm-4e1t | 1xT4 | bfloat16 | IFEval,stabilityai/stablelm-4e1t,1xT4,bfloat16,IFEval,headroom,1,1,,,,,,,,,,,,excluded: front shorter than six points
stablelm-4e1t | 1xT4 | bfloat16 | MATH Lvl 5,stabilityai/stablelm-4e1t,1xT4,bfloat16,MATH Lvl 5,headroom,1,1,,,,,,,,,,,,excluded: front shorter than six points
stablelm-4e1t | 1xT4 | bfloat16 | MMLU,stabilityai/stablelm-4e1t,1xT4,bfloat16,MMLU,retired,1,1,,,,,,,,,,,,excluded: front shorter than six points
stablelm-4e1t | 1xT4 | bfloat16 | MMLU-PRO,stabilityai/stablelm-4e1t,1xT4,bfloat16,MMLU-PRO,headroom,1,1,,,,,,,,,,,,excluded: front shorter than six points
stablelm-4e1t | 1xT4 | bfloat16 | MuSR,stabilityai/stablelm-4e1t,1xT4,bfloat16,MuSR,headroom,1,1,,,,,,,,,,,,excluded: front shorter than six points
stablelm-4e1t | 1xT4 | bfloat16 | Winogrande,stabilityai/stablelm-4e1t,1xT4,bfloat16,Winogrande,retired,1,1,,,,,,,,,,,,excluded: front shorter than six points
stablelm-4e1t | 1xT4 | float16 | ARC-Challenge,stabilityai/stablelm-4e1t,1xT4,float16,ARC-Challenge,retired,1,1,,,,,,,,,,,,excluded: front shorter than six points
stablelm-4e1t | 1xT4 | float16 | BBH,stabilityai/stablelm-4e1t,1xT4,float16,BBH,headroom,1,1,,,,,,,,,,,,excluded: front shorter than six points
stablelm-4e1t | 1xT4 | float16 | GSM8K,stabilityai/stablelm-4e1t,1xT4,float16,GSM8K,retired,1,1,,,,,,,,,,,,excluded: front shorter than six points
stablelm-4e1t | 1xT4 | float16 | HellaSwag,stabilityai/stablelm-4e1t,1xT4,float16,HellaSwag,retired,1,1,,,,,,,,,,,,excluded: front shorter than six points
stablelm-4e1t | 1xT4 | float16 | IFEval,stabilityai/stablelm-4e1t,1xT4,float16,IFEval,headroom,1,1,,,,,,,,,,,,excluded: front shorter than six points
stablelm-4e1t | 1xT4 | float16 | MATH Lvl 5,stabilityai/stablelm-4e1t,1xT4,float16,MATH Lvl 5,headroom,1,1,,,,,,,,,,,,excluded: front shorter than six points
stablelm-4e1t | 1xT4 | float16 | MMLU,stabilityai/stablelm-4e1t,1xT4,float16,MMLU,retired,1,1,,,,,,,,,,,,excluded: front shorter than six points
stablelm-4e1t | 1xT4 | float16 | MMLU-PRO,stabilityai/stablelm-4e1t,1xT4,float16,MMLU-PRO,headroom,1,1,,,,,,,,,,,,excluded: front shorter than six points
stablelm-4e1t | 1xT4 | float16 | MuSR,stabilityai/stablelm-4e1t,1xT4,float16,MuSR,headroom,1,1,,,,,,,,,,,,excluded: front shorter than six points
stablelm-4e1t | 1xT4 | float16 | Winogrande,stabilityai/stablelm-4e1t,1xT4,float16,Winogrande,retired,1,1,,,,,,,,,,,,excluded: front shorter than six points
stablelm-4e1t | 1xT4 | float32 | ARC-Challenge,stabilityai/stablelm-4e1t,1xT4,float32,ARC-Challenge,retired,1,1,,,,,,,,,,,,excluded: front shorter than six points
stablelm-4e1t | 1xT4 | float32 | BBH,stabilityai/stablelm-4e1t,1xT4,float32,BBH,headroom,1,1,,,,,,,,,,,,excluded: front shorter than six points
stablelm-4e1t | 1xT4 | float32 | GSM8K,stabilityai/stablelm-4e1t,1xT4,float32,GSM8K,retired,1,1,,,,,,,,,,,,excluded: front shorter than six points
stablelm-4e1t | 1xT4 | float32 | HellaSwag,stabilityai/stablelm-4e1t,1xT4,float32,HellaSwag,retired,1,1,,,,,,,,,,,,excluded: front shorter than six points
stablelm-4e1t | 1xT4 | float32 | IFEval,stabilityai/stablelm-4e1t,1xT4,float32,IFEval,headroom,1,1,,,,,,,,,,,,excluded: front shorter than six points
stablelm-4e1t | 1xT4 | float32 | MATH Lvl 5,stabilityai/stablelm-4e1t,1xT4,float32,MATH Lvl 5,headroom,1,1,,,,,,,,,,,,excluded: front shorter than six points
stablelm-4e1t | 1xT4 | float32 | MMLU,stabilityai/stablelm-4e1t,1xT4,float32,MMLU,retired,1,1,,,,,,,,,,,,excluded: front shorter than six points
stablelm-4e1t | 1xT4 | float32 | MMLU-PRO,stabilityai/stablelm-4e1t,1xT4,float32,MMLU-PRO,headroom,1,1,,,,,,,,,,,,excluded: front shorter than six points
stablelm-4e1t | 1xT4 | float32 | MuSR,stabilityai/stablelm-4e1t,1xT4,float32,MuSR,headroom,1,1,,,,,,,,,,,,excluded: front shorter than six points
stablelm-4e1t | 1xT4 | float32 | Winogrande,stabilityai/stablelm-4e1t,1xT4,float32,Winogrande,retired,1,1,,,,,,,,,,,,excluded: front shorter than six points
yi | 1xA10 | bfloat16 | ARC-Challenge,01-ai/yi,1xA10,bfloat16,ARC-Challenge,retired,1,1,,,,,,,,,,,,excluded: front shorter than six points
yi | 1xA10 | bfloat16 | BBH,01-ai/yi,1xA10,bfloat16,BBH,headroom,1,1,,,,,,,,,,,,excluded: front shorter than six points
yi | 1xA10 | bfloat16 | GPQA,01-ai/yi,1xA10,bfloat16,GPQA,headroom,1,1,,,,,,,,,,,,excluded: front shorter than six points
yi | 1xA10 | bfloat16 | GSM8K,01-ai/yi,1xA10,bfloat16,GSM8K,retired,1,1,,,,,,,,,,,,excluded: front shorter than six points
yi | 1xA10 | bfloat16 | HellaSwag,01-ai/yi,1xA10,bfloat16,HellaSwag,retired,1,1,,,,,,,,,,,,excluded: front shorter than six points
yi | 1xA10 | bfloat16 | IFEval,01-ai/yi,1xA10,bfloat16,IFEval,headroom,1,1,,,,,,,,,,,,excluded: front shorter than six points
yi | 1xA10 | bfloat16 | MATH Lvl 5,01-ai/yi,1xA10,bfloat16,MATH Lvl 5,headroom,1,1,,,,,,,,,,,,excluded: front shorter than six points
yi | 1xA10 | bfloat16 | MMLU,01-ai/yi,1xA10,bfloat16,MMLU,retired,1,1,,,,,,,,,,,,excluded: front shorter than six points
yi | 1xA10 | bfloat16 | MMLU-PRO,01-ai/yi,1xA10,bfloat16,MMLU-PRO,headroom,1,1,,,,,,,,,,,,excluded: front shorter than six points
yi | 1xA10 | bfloat16 | MuSR,01-ai/yi,1xA10,bfloat16,MuSR,headroom,1,1,,,,,,,,,,,,excluded: front shorter than six points
yi | 1xA10 | bfloat16 | Winogrande,01-ai/yi,1xA10,bfloat16,Winogrande,retired,1,1,,,,,,,,,,,,excluded: front shorter than six points
yi | 1xA10 | float16 | ARC-Challenge,01-ai/yi,1xA10,float16,ARC-Challenge,retired,2,2,0.47213,,,,,,,,0.227,1.71,,excluded: front shorter than six points
yi | 1xA10 | float16 | BBH,01-ai/yi,1xA10,float16,BBH,headroom,2,2,0.64458,,,,,,,,0.223,1.71,,excluded: front shorter than six points
yi | 1xA10 | float16 | GPQA,01-ai/yi,1xA10,float16,GPQA,headroom,2,2,0.84452,,,,,,,,0.143,1.71,,excluded: front shorter than six points
yi | 1xA10 | float16 | GSM8K,01-ai/yi,1xA10,float16,GSM8K,retired,2,2,0.4936,,,,,,,,0.574,1.71,,excluded: front shorter than six points
yi | 1xA10 | float16 | HellaSwag,01-ai/yi,1xA10,float16,HellaSwag,retired,2,2,0.1908,,,,,,,,0.496,1.71,,excluded: front shorter than six points
yi | 1xA10 | float16 | IFEval,01-ai/yi,1xA10,float16,IFEval,headroom,2,2,0.69542,,,,,,,,0.022,1.71,,excluded: front shorter than six points
yi | 1xA10 | float16 | MATH Lvl 5,01-ai/yi,1xA10,float16,MATH Lvl 5,headroom,2,2,0.94864,,,,,,,,0.037,1.71,,excluded: front shorter than six points
yi | 1xA10 | float16 | MMLU,01-ai/yi,1xA10,float16,MMLU,retired,2,2,0.31533,,,,,,,,0.421,1.71,,excluded: front shorter than six points
yi | 1xA10 | float16 | MMLU-PRO,01-ai/yi,1xA10,float16,MMLU-PRO,headroom,2,2,0.62094,,,,,,,,0.226,1.71,,excluded: front shorter than six points
yi | 1xA10 | float16 | MuSR,01-ai/yi,1xA10,float16,MuSR,headroom,2,2,0.90352,,,,,,,,0.028,1.71,,excluded: front shorter than six points
yi | 1xA10 | float16 | Winogrande,01-ai/yi,1xA10,float16,Winogrande,retired,2,2,0.3394,,,,,,,,0.427,1.71,,excluded: front shorter than six points
yi | 1xA100 | bfloat16 | ARC-Challenge,01-ai/yi,1xA100,bfloat16,ARC-Challenge,retired,2,2,0.47213,,,,,,,,0.227,0.658,,excluded: front shorter than six points
yi | 1xA100 | bfloat16 | BBH,01-ai/yi,1xA100,bfloat16,BBH,headroom,2,2,0.64458,,,,,,,,0.223,0.658,,excluded: front shorter than six points
yi | 1xA100 | bfloat16 | GPQA,01-ai/yi,1xA100,bfloat16,GPQA,headroom,2,2,0.84452,,,,,,,,0.143,0.658,,excluded: front shorter than six points
yi | 1xA100 | bfloat16 | GSM8K,01-ai/yi,1xA100,bfloat16,GSM8K,retired,2,2,0.4936,,,,,,,,0.574,0.658,,excluded: front shorter than six points
yi | 1xA100 | bfloat16 | HellaSwag,01-ai/yi,1xA100,bfloat16,HellaSwag,retired,2,2,0.1908,,,,,,,,0.496,0.658,,excluded: front shorter than six points
yi | 1xA100 | bfloat16 | IFEval,01-ai/yi,1xA100,bfloat16,IFEval,headroom,2,2,0.69542,,,,,,,,0.022,0.658,,excluded: front shorter than six points
yi | 1xA100 | bfloat16 | MATH Lvl 5,01-ai/yi,1xA100,bfloat16,MATH Lvl 5,headroom,2,2,0.94864,,,,,,,,0.037,0.658,,excluded: front shorter than six points
yi | 1xA100 | bfloat16 | MMLU,01-ai/yi,1xA100,bfloat16,MMLU,retired,2,2,0.31533,,,,,,,,0.421,0.658,,excluded: front shorter than six points
yi | 1xA100 | bfloat16 | MMLU-PRO,01-ai/yi,1xA100,bfloat16,MMLU-PRO,headroom,2,2,0.62094,,,,,,,,0.226,0.658,,excluded: front shorter than six points
yi | 1xA100 | bfloat16 | MuSR,01-ai/yi,1xA100,bfloat16,MuSR,headroom,2,2,0.90352,,,,,,,,0.028,0.658,,excluded: front shorter than six points
yi | 1xA100 | bfloat16 | Winogrande,01-ai/yi,1xA100,bfloat16,Winogrande,retired,2,2,0.3394,,,,,,,,0.427,0.658,,excluded: front shorter than six points
yi | 1xA100 | float16 | ARC-Challenge,01-ai/yi,1xA100,float16,ARC-Challenge,retired,2,2,0.47213,,,,,,,,0.227,1.721,,excluded: front shorter than six points
yi | 1xA100 | float16 | BBH,01-ai/yi,1xA100,float16,BBH,headroom,2,2,0.64458,,,,,,,,0.223,1.721,,excluded: front shorter than six points
yi | 1xA100 | float16 | GPQA,01-ai/yi,1xA100,float16,GPQA,headroom,2,2,0.84452,,,,,,,,0.143,1.721,,excluded: front shorter than six points
yi | 1xA100 | float16 | GSM8K,01-ai/yi,1xA100,float16,GSM8K,retired,2,2,0.4936,,,,,,,,0.574,1.721,,excluded: front shorter than six points
yi | 1xA100 | float16 | HellaSwag,01-ai/yi,1xA100,float16,HellaSwag,retired,2,2,0.1908,,,,,,,,0.496,1.721,,excluded: front shorter than six points
yi | 1xA100 | float16 | IFEval,01-ai/yi,1xA100,float16,IFEval,headroom,2,2,0.69542,,,,,,,,0.022,1.721,,excluded: front shorter than six points
yi | 1xA100 | float16 | MATH Lvl 5,01-ai/yi,1xA100,float16,MATH Lvl 5,headroom,2,2,0.94864,,,,,,,,0.037,1.721,,excluded: front shorter than six points
yi | 1xA100 | float16 | MMLU,01-ai/yi,1xA100,float16,MMLU,retired,2,2,0.31533,,,,,,,,0.421,1.721,,excluded: front shorter than six points
yi | 1xA100 | float16 | MMLU-PRO,01-ai/yi,1xA100,float16,MMLU-PRO,headroom,2,2,0.62094,,,,,,,,0.226,1.721,,excluded: front shorter than six points
yi | 1xA100 | float16 | MuSR,01-ai/yi,1xA100,float16,MuSR,headroom,2,2,0.90352,,,,,,,,0.028,1.721,,excluded: front shorter than six points
yi | 1xA100 | float16 | Winogrande,01-ai/yi,1xA100,float16,Winogrande,retired,2,2,0.3394,,,,,,,,0.427,1.721,,excluded: front shorter than six points
yi | 1xA100 | float32 | ARC-Challenge,01-ai/yi,1xA100,float32,ARC-Challenge,retired,1,1,,,,,,,,,,,,excluded: front shorter than six points
yi | 1xA100 | float32 | BBH,01-ai/yi,1xA100,float32,BBH,headroom,1,1,,,,,,,,,,,,excluded: front shorter than six points
yi | 1xA100 | float32 | GPQA,01-ai/yi,1xA100,float32,GPQA,headroom,1,1,,,,,,,,,,,,excluded: front shorter than six points
yi | 1xA100 | float32 | GSM8K,01-ai/yi,1xA100,float32,GSM8K,retired,1,1,,,,,,,,,,,,excluded: front shorter than six points
yi | 1xA100 | float32 | HellaSwag,01-ai/yi,1xA100,float32,HellaSwag,retired,1,1,,,,,,,,,,,,excluded: front shorter than six points
yi | 1xA100 | float32 | IFEval,01-ai/yi,1xA100,float32,IFEval,headroom,1,1,,,,,,,,,,,,excluded: front shorter than six points
yi | 1xA100 | float32 | MATH Lvl 5,01-ai/yi,1xA100,float32,MATH Lvl 5,headroom,1,1,,,,,,,,,,,,excluded: front shorter than six points
yi | 1xA100 | float32 | MMLU,01-ai/yi,1xA100,float32,MMLU,retired,1,1,,,,,,,,,,,,excluded: front shorter than six points
yi | 1xA100 | float32 | MMLU-PRO,01-ai/yi,1xA100,float32,MMLU-PRO,headroom,1,1,,,,,,,,,,,,excluded: front shorter than six points
yi | 1xA100 | float32 | MuSR,01-ai/yi,1xA100,float32,MuSR,headroom,1,1,,,,,,,,,,,,excluded: front shorter than six points
yi | 1xA100 | float32 | Winogrande,01-ai/yi,1xA100,float32,Winogrande,retired,1,1,,,,,,,,,,,,excluded: front shorter than six points
yi | 1xT4 | bfloat16 | ARC-Challenge,01-ai/yi,1xT4,bfloat16,ARC-Challenge,retired,1,1,,,,,,,,,,,,excluded: front shorter than six points
yi | 1xT4 | bfloat16 | BBH,01-ai/yi,1xT4,bfloat16,BBH,headroom,1,1,,,,,,,,,,,,excluded: front shorter than six points
yi | 1xT4 | bfloat16 | GPQA,01-ai/yi,1xT4,bfloat16,GPQA,headroom,1,1,,,,,,,,,,,,excluded: front shorter than six points
yi | 1xT4 | bfloat16 | GSM8K,01-ai/yi,1xT4,bfloat16,GSM8K,retired,1,1,,,,,,,,,,,,excluded: front shorter than six points
yi | 1xT4 | bfloat16 | HellaSwag,01-ai/yi,1xT4,bfloat16,HellaSwag,retired,1,1,,,,,,,,,,,,excluded: front shorter than six points
yi | 1xT4 | bfloat16 | IFEval,01-ai/yi,1xT4,bfloat16,IFEval,headroom,1,1,,,,,,,,,,,,excluded: front shorter than six points
yi | 1xT4 | bfloat16 | MATH Lvl 5,01-ai/yi,1xT4,bfloat16,MATH Lvl 5,headroom,1,1,,,,,,,,,,,,excluded: front shorter than six points
yi | 1xT4 | bfloat16 | MMLU,01-ai/yi,1xT4,bfloat16,MMLU,retired,1,1,,,,,,,,,,,,excluded: front shorter than six points
yi | 1xT4 | bfloat16 | MMLU-PRO,01-ai/yi,1xT4,bfloat16,MMLU-PRO,headroom,1,1,,,,,,,,,,,,excluded: front shorter than six points
yi | 1xT4 | bfloat16 | MuSR,01-ai/yi,1xT4,bfloat16,MuSR,headroom,1,1,,,,,,,,,,,,excluded: front shorter than six points
yi | 1xT4 | bfloat16 | Winogrande,01-ai/yi,1xT4,bfloat16,Winogrande,retired,1,1,,,,,,,,,,,,excluded: front shorter than six points
yi | 1xT4 | float16 | ARC-Challenge,01-ai/yi,1xT4,float16,ARC-Challenge,retired,1,1,,,,,,,,,,,,excluded: front shorter than six points
yi | 1xT4 | float16 | BBH,01-ai/yi,1xT4,float16,BBH,headroom,1,1,,,,,,,,,,,,excluded: front shorter than six points
yi | 1xT4 | float16 | GPQA,01-ai/yi,1xT4,float16,GPQA,headroom,1,1,,,,,,,,,,,,excluded: front shorter than six points
yi | 1xT4 | float16 | GSM8K,01-ai/yi,1xT4,float16,GSM8K,retired,1,1,,,,,,,,,,,,excluded: front shorter than six points
yi | 1xT4 | float16 | HellaSwag,01-ai/yi,1xT4,float16,HellaSwag,retired,1,1,,,,,,,,,,,,excluded: front shorter than six points
yi | 1xT4 | float16 | IFEval,01-ai/yi,1xT4,float16,IFEval,headroom,1,1,,,,,,,,,,,,excluded: front shorter than six points
yi | 1xT4 | float16 | MATH Lvl 5,01-ai/yi,1xT4,float16,MATH Lvl 5,headroom,1,1,,,,,,,,,,,,excluded: front shorter than six points
yi | 1xT4 | float16 | MMLU,01-ai/yi,1xT4,float16,MMLU,retired,1,1,,,,,,,,,,,,excluded: front shorter than six points
yi | 1xT4 | float16 | MMLU-PRO,01-ai/yi,1xT4,float16,MMLU-PRO,headroom,1,1,,,,,,,,,,,,excluded: front shorter than six points
yi | 1xT4 | float16 | MuSR,01-ai/yi,1xT4,float16,MuSR,headroom,1,1,,,,,,,,,,,,excluded: front shorter than six points
yi | 1xT4 | float16 | Winogrande,01-ai/yi,1xT4,float16,Winogrande,retired,1,1,,,,,,,,,,,,excluded: front shorter than six points
yi | 32vCPU-C7i | bfloat16 | ARC-Challenge,01-ai/yi,32vCPU-C7i,bfloat16,ARC-Challenge,retired,1,1,,,,,,,,,,,,excluded: front shorter than six points
yi | 32vCPU-C7i | bfloat16 | BBH,01-ai/yi,32vCPU-C7i,bfloat16,BBH,headroom,1,1,,,,,,,,,,,,excluded: front shorter than six points
yi | 32vCPU-C7i | bfloat16 | GPQA,01-ai/yi,32vCPU-C7i,bfloat16,GPQA,headroom,1,1,,,,,,,,,,,,excluded: front shorter than six points
yi | 32vCPU-C7i | bfloat16 | GSM8K,01-ai/yi,32vCPU-C7i,bfloat16,GSM8K,retired,1,1,,,,,,,,,,,,excluded: front shorter than six points
yi | 32vCPU-C7i | bfloat16 | HellaSwag,01-ai/yi,32vCPU-C7i,bfloat16,HellaSwag,retired,1,1,,,,,,,,,,,,excluded: front shorter than six points
yi | 32vCPU-C7i | bfloat16 | IFEval,01-ai/yi,32vCPU-C7i,bfloat16,IFEval,headroom,1,1,,,,,,,,,,,,excluded: front shorter than six points
yi | 32vCPU-C7i | bfloat16 | MATH Lvl 5,01-ai/yi,32vCPU-C7i,bfloat16,MATH Lvl 5,headroom,1,1,,,,,,,,,,,,excluded: front shorter than six points
yi | 32vCPU-C7i | bfloat16 | MMLU,01-ai/yi,32vCPU-C7i,bfloat16,MMLU,retired,1,1,,,,,,,,,,,,excluded: front shorter than six points
yi | 32vCPU-C7i | bfloat16 | MMLU-PRO,01-ai/yi,32vCPU-C7i,bfloat16,MMLU-PRO,headroom,1,1,,,,,,,,,,,,excluded: front shorter than six points
yi | 32vCPU-C7i | bfloat16 | MuSR,01-ai/yi,32vCPU-C7i,bfloat16,MuSR,headroom,1,1,,,,,,,,,,,,excluded: front shorter than six points
yi | 32vCPU-C7i | bfloat16 | Winogrande,01-ai/yi,32vCPU-C7i,bfloat16,Winogrande,retired,1,1,,,,,,,,,,,,excluded: front shorter than six points
yi | 32vCPU-C7i | float16 | ARC-Challenge,01-ai/yi,32vCPU-C7i,float16,ARC-Challenge,retired,1,1,,,,,,,,,,,,excluded: front shorter than six points
yi | 32vCPU-C7i | float16 | BBH,01-ai/yi,32vCPU-C7i,float16,BBH,headroom,1,1,,,,,,,,,,,,excluded: front shorter than six points
yi | 32vCPU-C7i | float16 | GPQA,01-ai/yi,32vCPU-C7i,float16,GPQA,headroom,1,1,,,,,,,,,,,,excluded: front shorter than six points
yi | 32vCPU-C7i | float16 | GSM8K,01-ai/yi,32vCPU-C7i,float16,GSM8K,retired,1,1,,,,,,,,,,,,excluded: front shorter than six points
yi | 32vCPU-C7i | float16 | HellaSwag,01-ai/yi,32vCPU-C7i,float16,HellaSwag,retired,1,1,,,,,,,,,,,,excluded: front shorter than six points
yi | 32vCPU-C7i | float16 | IFEval,01-ai/yi,32vCPU-C7i,float16,IFEval,headroom,1,1,,,,,,,,,,,,excluded: front shorter than six points
yi | 32vCPU-C7i | float16 | MATH Lvl 5,01-ai/yi,32vCPU-C7i,float16,MATH Lvl 5,headroom,1,1,,,,,,,,,,,,excluded: front shorter than six points
yi | 32vCPU-C7i | float16 | MMLU,01-ai/yi,32vCPU-C7i,float16,MMLU,retired,1,1,,,,,,,,,,,,excluded: front shorter than six points
yi | 32vCPU-C7i | float16 | MMLU-PRO,01-ai/yi,32vCPU-C7i,float16,MMLU-PRO,headroom,1,1,,,,,,,,,,,,excluded: front shorter than six points
yi | 32vCPU-C7i | float16 | MuSR,01-ai/yi,32vCPU-C7i,float16,MuSR,headroom,1,1,,,,,,,,,,,,excluded: front shorter than six points
yi | 32vCPU-C7i | float16 | Winogrande,01-ai/yi,32vCPU-C7i,float16,Winogrande,retired,1,1,,,,,,,,,,,,excluded: front shorter than six points
yi | 32vCPU-C7i | float32 | ARC-Challenge,01-ai/yi,32vCPU-C7i,float32,ARC-Challenge,retired,1,1,,,,,,,,,,,,excluded: front shorter than six points
yi | 32vCPU-C7i | float32 | BBH,01-ai/yi,32vCPU-C7i,float32,BBH,headroom,1,1,,,,,,,,,,,,excluded: front shorter than six points
yi | 32vCPU-C7i | float32 | GPQA,01-ai/yi,32vCPU-C7i,float32,GPQA,headroom,1,1,,,,,,,,,,,,excluded: front shorter than six points
yi | 32vCPU-C7i | float32 | GSM8K,01-ai/yi,32vCPU-C7i,float32,GSM8K,retired,1,1,,,,,,,,,,,,excluded: front shorter than six points
yi | 32vCPU-C7i | float32 | HellaSwag,01-ai/yi,32vCPU-C7i,float32,HellaSwag,retired,1,1,,,,,,,,,,,,excluded: front shorter than six points
yi | 32vCPU-C7i | float32 | IFEval,01-ai/yi,32vCPU-C7i,float32,IFEval,headroom,1,1,,,,,,,,,,,,excluded: front shorter than six points
yi | 32vCPU-C7i | float32 | MATH Lvl 5,01-ai/yi,32vCPU-C7i,float32,MATH Lvl 5,headroom,1,1,,,,,,,,,,,,excluded: front shorter than six points
yi | 32vCPU-C7i | float32 | MMLU,01-ai/yi,32vCPU-C7i,float32,MMLU,retired,1,1,,,,,,,,,,,,excluded: front shorter than six points
yi | 32vCPU-C7i | float32 | MMLU-PRO,01-ai/yi,32vCPU-C7i,float32,MMLU-PRO,headroom,1,1,,,,,,,,,,,,excluded: front shorter than six points
yi | 32vCPU-C7i | float32 | MuSR,01-ai/yi,32vCPU-C7i,float32,MuSR,headroom,1,1,,,,,,,,,,,,excluded: front shorter than six points
yi | 32vCPU-C7i | float32 | Winogrande,01-ai/yi,32vCPU-C7i,float32,Winogrande,retired,1,1,,,,,,,,,,,,excluded: front shorter than six points
zephyr-beta | 1xA10 | bfloat16 | ARC-Challenge,huggingfaceh4/zephyr-beta,1xA10,bfloat16,ARC-Challenge,retired,1,1,,,,,,,,,,,,excluded: front shorter than six points
zephyr-beta | 1xA10 | bfloat16 | BBH,huggingfaceh4/zephyr-beta,1xA10,bfloat16,BBH,headroom,1,1,,,,,,,,,,,,excluded: front shorter than six points
zephyr-beta | 1xA10 | bfloat16 | GPQA,huggingfaceh4/zephyr-beta,1xA10,bfloat16,GPQA,headroom,1,1,,,,,,,,,,,,excluded: front shorter than six points
zephyr-beta | 1xA10 | bfloat16 | GSM8K,huggingfaceh4/zephyr-beta,1xA10,bfloat16,GSM8K,retired,1,1,,,,,,,,,,,,excluded: front shorter than six points
zephyr-beta | 1xA10 | bfloat16 | HellaSwag,huggingfaceh4/zephyr-beta,1xA10,bfloat16,HellaSwag,retired,1,1,,,,,,,,,,,,excluded: front shorter than six points
zephyr-beta | 1xA10 | bfloat16 | IFEval,huggingfaceh4/zephyr-beta,1xA10,bfloat16,IFEval,headroom,1,1,,,,,,,,,,,,excluded: front shorter than six points
zephyr-beta | 1xA10 | bfloat16 | MATH Lvl 5,huggingfaceh4/zephyr-beta,1xA10,bfloat16,MATH Lvl 5,headroom,1,1,,,,,,,,,,,,excluded: front shorter than six points
zephyr-beta | 1xA10 | bfloat16 | MMLU,huggingfaceh4/zephyr-beta,1xA10,bfloat16,MMLU,retired,1,1,,,,,,,,,,,,excluded: front shorter than six points
zephyr-beta | 1xA10 | bfloat16 | MMLU-PRO,huggingfaceh4/zephyr-beta,1xA10,bfloat16,MMLU-PRO,headroom,1,1,,,,,,,,,,,,excluded: front shorter than six points
zephyr-beta | 1xA10 | bfloat16 | MuSR,huggingfaceh4/zephyr-beta,1xA10,bfloat16,MuSR,headroom,1,1,,,,,,,,,,,,excluded: front shorter than six points
zephyr-beta | 1xA10 | bfloat16 | Winogrande,huggingfaceh4/zephyr-beta,1xA10,bfloat16,Winogrande,retired,1,1,,,,,,,,,,,,excluded: front shorter than six points
zephyr-beta | 1xA10 | float16 | ARC-Challenge,huggingfaceh4/zephyr-beta,1xA10,float16,ARC-Challenge,retired,1,1,,,,,,,,,,,,excluded: front shorter than six points
zephyr-beta | 1xA10 | float16 | BBH,huggingfaceh4/zephyr-beta,1xA10,float16,BBH,headroom,1,1,,,,,,,,,,,,excluded: front shorter than six points
zephyr-beta | 1xA10 | float16 | GPQA,huggingfaceh4/zephyr-beta,1xA10,float16,GPQA,headroom,1,1,,,,,,,,,,,,excluded: front shorter than six points
zephyr-beta | 1xA10 | float16 | GSM8K,huggingfaceh4/zephyr-beta,1xA10,float16,GSM8K,retired,1,1,,,,,,,,,,,,excluded: front shorter than six points
zephyr-beta | 1xA10 | float16 | HellaSwag,huggingfaceh4/zephyr-beta,1xA10,float16,HellaSwag,retired,1,1,,,,,,,,,,,,excluded: front shorter than six points
zephyr-beta | 1xA10 | float16 | IFEval,huggingfaceh4/zephyr-beta,1xA10,float16,IFEval,headroom,1,1,,,,,,,,,,,,excluded: front shorter than six points
zephyr-beta | 1xA10 | float16 | MATH Lvl 5,huggingfaceh4/zephyr-beta,1xA10,float16,MATH Lvl 5,headroom,1,1,,,,,,,,,,,,excluded: front shorter than six points
zephyr-beta | 1xA10 | float16 | MMLU,huggingfaceh4/zephyr-beta,1xA10,float16,MMLU,retired,1,1,,,,,,,,,,,,excluded: front shorter than six points
zephyr-beta | 1xA10 | float16 | MMLU-PRO,huggingfaceh4/zephyr-beta,1xA10,float16,MMLU-PRO,headroom,1,1,,,,,,,,,,,,excluded: front shorter than six points
zephyr-beta | 1xA10 | float16 | MuSR,huggingfaceh4/zephyr-beta,1xA10,float16,MuSR,headroom,1,1,,,,,,,,,,,,excluded: front shorter than six points
zephyr-beta | 1xA10 | float16 | Winogrande,huggingfaceh4/zephyr-beta,1xA10,float16,Winogrande,retired,1,1,,,,,,,,,,,,excluded: front shorter than six points
zephyr-beta | 1xT4 | bfloat16 | ARC-Challenge,huggingfaceh4/zephyr-beta,1xT4,bfloat16,ARC-Challenge,retired,1,1,,,,,,,,,,,,excluded: front shorter than six points
zephyr-beta | 1xT4 | bfloat16 | BBH,huggingfaceh4/zephyr-beta,1xT4,bfloat16,BBH,headroom,1,1,,,,,,,,,,,,excluded: front shorter than six points
zephyr-beta | 1xT4 | bfloat16 | GPQA,huggingfaceh4/zephyr-beta,1xT4,bfloat16,GPQA,headroom,1,1,,,,,,,,,,,,excluded: front shorter than six points
zephyr-beta | 1xT4 | bfloat16 | GSM8K,huggingfaceh4/zephyr-beta,1xT4,bfloat16,GSM8K,retired,1,1,,,,,,,,,,,,excluded: front shorter than six points
zephyr-beta | 1xT4 | bfloat16 | HellaSwag,huggingfaceh4/zephyr-beta,1xT4,bfloat16,HellaSwag,retired,1,1,,,,,,,,,,,,excluded: front shorter than six points
zephyr-beta | 1xT4 | bfloat16 | IFEval,huggingfaceh4/zephyr-beta,1xT4,bfloat16,IFEval,headroom,1,1,,,,,,,,,,,,excluded: front shorter than six points
zephyr-beta | 1xT4 | bfloat16 | MATH Lvl 5,huggingfaceh4/zephyr-beta,1xT4,bfloat16,MATH Lvl 5,headroom,1,1,,,,,,,,,,,,excluded: front shorter than six points
zephyr-beta | 1xT4 | bfloat16 | MMLU,huggingfaceh4/zephyr-beta,1xT4,bfloat16,MMLU,retired,1,1,,,,,,,,,,,,excluded: front shorter than six points
zephyr-beta | 1xT4 | bfloat16 | MMLU-PRO,huggingfaceh4/zephyr-beta,1xT4,bfloat16,MMLU-PRO,headroom,1,1,,,,,,,,,,,,excluded: front shorter than six points
zephyr-beta | 1xT4 | bfloat16 | MuSR,huggingfaceh4/zephyr-beta,1xT4,bfloat16,MuSR,headroom,1,1,,,,,,,,,,,,excluded: front shorter than six points
zephyr-beta | 1xT4 | bfloat16 | Winogrande,huggingfaceh4/zephyr-beta,1xT4,bfloat16,Winogrande,retired,1,1,,,,,,,,,,,,excluded: front shorter than six points
zephyr-beta | 1xT4 | float16 | ARC-Challenge,huggingfaceh4/zephyr-beta,1xT4,float16,ARC-Challenge,retired,1,1,,,,,,,,,,,,excluded: front shorter than six points
zephyr-beta | 1xT4 | float16 | BBH,huggingfaceh4/zephyr-beta,1xT4,float16,BBH,headroom,1,1,,,,,,,,,,,,excluded: front shorter than six points
zephyr-beta | 1xT4 | float16 | GPQA,huggingfaceh4/zephyr-beta,1xT4,float16,GPQA,headroom,1,1,,,,,,,,,,,,excluded: front shorter than six points
zephyr-beta | 1xT4 | float16 | GSM8K,huggingfaceh4/zephyr-beta,1xT4,float16,GSM8K,retired,1,1,,,,,,,,,,,,excluded: front shorter than six points
zephyr-beta | 1xT4 | float16 | HellaSwag,huggingfaceh4/zephyr-beta,1xT4,float16,HellaSwag,retired,1,1,,,,,,,,,,,,excluded: front shorter than six points
zephyr-beta | 1xT4 | float16 | IFEval,huggingfaceh4/zephyr-beta,1xT4,float16,IFEval,headroom,1,1,,,,,,,,,,,,excluded: front shorter than six points
zephyr-beta | 1xT4 | float16 | MATH Lvl 5,huggingfaceh4/zephyr-beta,1xT4,float16,MATH Lvl 5,headroom,1,1,,,,,,,,,,,,excluded: front shorter than six points
zephyr-beta | 1xT4 | float16 | MMLU,huggingfaceh4/zephyr-beta,1xT4,float16,MMLU,retired,1,1,,,,,,,,,,,,excluded: front shorter than six points
zephyr-beta | 1xT4 | float16 | MMLU-PRO,huggingfaceh4/zephyr-beta,1xT4,float16,MMLU-PRO,headroom,1,1,,,,,,,,,,,,excluded: front shorter than six points
zephyr-beta | 1xT4 | float16 | MuSR,huggingfaceh4/zephyr-beta,1xT4,float16,MuSR,headroom,1,1,,,,,,,,,,,,excluded: front shorter than six points
zephyr-beta | 1xT4 | float16 | Winogrande,huggingfaceh4/zephyr-beta,1xT4,float16,Winogrande,retired,1,1,,,,,,,,,,,,excluded: front shorter than six points
zephyr-beta | 32vCPU-C7i | bfloat16 | ARC-Challenge,huggingfaceh4/zephyr-beta,32vCPU-C7i,bfloat16,ARC-Challenge,retired,1,1,,,,,,,,,,,,excluded: front shorter than six points
zephyr-beta | 32vCPU-C7i | bfloat16 | BBH,huggingfaceh4/zephyr-beta,32vCPU-C7i,bfloat16,BBH,headroom,1,1,,,,,,,,,,,,excluded: front shorter than six points
zephyr-beta | 32vCPU-C7i | bfloat16 | GPQA,huggingfaceh4/zephyr-beta,32vCPU-C7i,bfloat16,GPQA,headroom,1,1,,,,,,,,,,,,excluded: front shorter than six points
zephyr-beta | 32vCPU-C7i | bfloat16 | GSM8K,huggingfaceh4/zephyr-beta,32vCPU-C7i,bfloat16,GSM8K,retired,1,1,,,,,,,,,,,,excluded: front shorter than six points
zephyr-beta | 32vCPU-C7i | bfloat16 | HellaSwag,huggingfaceh4/zephyr-beta,32vCPU-C7i,bfloat16,HellaSwag,retired,1,1,,,,,,,,,,,,excluded: front shorter than six points
zephyr-beta | 32vCPU-C7i | bfloat16 | IFEval,huggingfaceh4/zephyr-beta,32vCPU-C7i,bfloat16,IFEval,headroom,1,1,,,,,,,,,,,,excluded: front shorter than six points
zephyr-beta | 32vCPU-C7i | bfloat16 | MATH Lvl 5,huggingfaceh4/zephyr-beta,32vCPU-C7i,bfloat16,MATH Lvl 5,headroom,1,1,,,,,,,,,,,,excluded: front shorter than six points
zephyr-beta | 32vCPU-C7i | bfloat16 | MMLU,huggingfaceh4/zephyr-beta,32vCPU-C7i,bfloat16,MMLU,retired,1,1,,,,,,,,,,,,excluded: front shorter than six points
zephyr-beta | 32vCPU-C7i | bfloat16 | MMLU-PRO,huggingfaceh4/zephyr-beta,32vCPU-C7i,bfloat16,MMLU-PRO,headroom,1,1,,,,,,,,,,,,excluded: front shorter than six points
zephyr-beta | 32vCPU-C7i | bfloat16 | MuSR,huggingfaceh4/zephyr-beta,32vCPU-C7i,bfloat16,MuSR,headroom,1,1,,,,,,,,,,,,excluded: front shorter than six points
zephyr-beta | 32vCPU-C7i | bfloat16 | Winogrande,huggingfaceh4/zephyr-beta,32vCPU-C7i,bfloat16,Winogrande,retired,1,1,,,,,,,,,,,,excluded: front shorter than six points
zephyr-beta | 32vCPU-C7i | float16 | ARC-Challenge,huggingfaceh4/zephyr-beta,32vCPU-C7i,float16,ARC-Challenge,retired,1,1,,,,,,,,,,,,excluded: front shorter than six points
zephyr-beta | 32vCPU-C7i | float16 | BBH,huggingfaceh4/zephyr-beta,32vCPU-C7i,float16,BBH,headroom,1,1,,,,,,,,,,,,excluded: front shorter than six points
zephyr-beta | 32vCPU-C7i | float16 | GPQA,huggingfaceh4/zephyr-beta,32vCPU-C7i,float16,GPQA,headroom,1,1,,,,,,,,,,,,excluded: front shorter than six points
zephyr-beta | 32vCPU-C7i | float16 | GSM8K,huggingfaceh4/zephyr-beta,32vCPU-C7i,float16,GSM8K,retired,1,1,,,,,,,,,,,,excluded: front shorter than six points
zephyr-beta | 32vCPU-C7i | float16 | HellaSwag,huggingfaceh4/zephyr-beta,32vCPU-C7i,float16,HellaSwag,retired,1,1,,,,,,,,,,,,excluded: front shorter than six points
zephyr-beta | 32vCPU-C7i | float16 | IFEval,huggingfaceh4/zephyr-beta,32vCPU-C7i,float16,IFEval,headroom,1,1,,,,,,,,,,,,excluded: front shorter than six points
zephyr-beta | 32vCPU-C7i | float16 | MATH Lvl 5,huggingfaceh4/zephyr-beta,32vCPU-C7i,float16,MATH Lvl 5,headroom,1,1,,,,,,,,,,,,excluded: front shorter than six points
zephyr-beta | 32vCPU-C7i | float16 | MMLU,huggingfaceh4/zephyr-beta,32vCPU-C7i,float16,MMLU,retired,1,1,,,,,,,,,,,,excluded: front shorter than six points
zephyr-beta | 32vCPU-C7i | float16 | MMLU-PRO,huggingfaceh4/zephyr-beta,32vCPU-C7i,float16,MMLU-PRO,headroom,1,1,,,,,,,,,,,,excluded: front shorter than six points
zephyr-beta | 32vCPU-C7i | float16 | MuSR,huggingfaceh4/zephyr-beta,32vCPU-C7i,float16,MuSR,headroom,1,1,,,,,,,,,,,,excluded: front shorter than six points
zephyr-beta | 32vCPU-C7i | float16 | Winogrande,huggingfaceh4/zephyr-beta,32vCPU-C7i,float16,Winogrande,retired,1,1,,,,,,,,,,,,excluded: front shorter than six points
zephyr-beta | 32vCPU-C7i | float32 | ARC-Challenge,huggingfaceh4/zephyr-beta,32vCPU-C7i,float32,ARC-Challenge,retired,1,1,,,,,,,,,,,,excluded: front shorter than six points
zephyr-beta | 32vCPU-C7i | float32 | BBH,huggingfaceh4/zephyr-beta,32vCPU-C7i,float32,BBH,headroom,1,1,,,,,,,,,,,,excluded: front shorter than six points
zephyr-beta | 32vCPU-C7i | float32 | GPQA,huggingfaceh4/zephyr-beta,32vCPU-C7i,float32,GPQA,headroom,1,1,,,,,,,,,,,,excluded: front shorter than six points
zephyr-beta | 32vCPU-C7i | float32 | GSM8K,huggingfaceh4/zephyr-beta,32vCPU-C7i,float32,GSM8K,retired,1,1,,,,,,,,,,,,excluded: front shorter than six points
zephyr-beta | 32vCPU-C7i | float32 | HellaSwag,huggingfaceh4/zephyr-beta,32vCPU-C7i,float32,HellaSwag,retired,1,1,,,,,,,,,,,,excluded: front shorter than six points
zephyr-beta | 32vCPU-C7i | float32 | IFEval,huggingfaceh4/zephyr-beta,32vCPU-C7i,float32,IFEval,headroom,1,1,,,,,,,,,,,,excluded: front shorter than six points
zephyr-beta | 32vCPU-C7i | float32 | MATH Lvl 5,huggingfaceh4/zephyr-beta,32vCPU-C7i,float32,MATH Lvl 5,headroom,1,1,,,,,,,,,,,,excluded: front shorter than six points
zephyr-beta | 32vCPU-C7i | float32 | MMLU,huggingfaceh4/zephyr-beta,32vCPU-C7i,float32,MMLU,retired,1,1,,,,,,,,,,,,excluded: front shorter than six points
zephyr-beta | 32vCPU-C7i | float32 | MMLU-PRO,huggingfaceh4/zephyr-beta,32vCPU-C7i,float32,MMLU-PRO,headroom,1,1,,,,,,,,,,,,excluded: front shorter than six points
zephyr-beta | 32vCPU-C7i | float32 | MuSR,huggingfaceh4/zephyr-beta,32vCPU-C7i,float32,MuSR,headroom,1,1,,,,,,,,,,,,excluded: front shorter than six points
zephyr-beta | 32vCPU-C7i | float32 | Winogrande,huggingfaceh4/zephyr-beta,32vCPU-C7i,float32,Winogrande,retired,1,1,,,,,,,,,,,,excluded: front shorter than six points
